player_id,web_name,team_id,element_type,points_per_game,total_points,minutes,starts,goals_scored,assists,yellow_cards,red_cards,clean_sheets,goals_conceded,saves,bps,penalties_saved,penalties_missed,own_goals,goals_conceded_per_90,xG,xA,xGC,xGI,xG_per90,xA_per90,xGC_per90,xGI_per90
1,raya,1,1,3.7,142,3420,38,0,0,3,0,13,34,86,555,0,0,0,0.89,0.0,0.03,35.03,0.03,0.0,0.0,0.92,0.0
2,arrizabalaga,1,1,3.4,106,2790,31,0,0,3,0,8,39,97,406,0,0,0,1.26,0.06,0.03,38.83,0.09,0.0,0.0,1.25,0.0
3,hein,1,1,0.0,0,0,0,0,0,0,0,0,0,0,0,0,0,0,0.0,0.0,0.0,0.0,0.0,0.0,0.0,0.0,0.0
4,setford,1,1,0.0,0,0,0,0,0,0,0,0,0,0,0,0,0,0,0.0,0.0,0.0,0.0,0.0,0.0,0.0,0.0,0.0
5,gabriel,1,2,4.2,117,2363,28,3,2,4,0,10,22,0,459,0,0,0,0.84,2.7,1.21,23.09,3.91,0.1,0.05,0.88,0.15
6,saliba,1,2,3.7,130,3039,35,2,0,2,1,12,29,0,564,0,0,0,0.86,2.42,1.28,30.32,3.7,0.07,0.04,0.9,0.11
7,calafiori,1,2,2.1,39,978,11,2,1,4,0,1,12,0,142,0,0,0,1.1,0.86,0.69,10.28,1.55,0.08,0.06,0.95,0.14
8,jtimber,1,2,3.8,114,2415,27,1,3,7,0,11,21,0,426,0,0,0,0.78,1.23,1.3,21.09,2.53,0.05,0.05,0.79,0.1
9,kiwior,1,2,2.5,43,1117,10,1,0,1,0,3,15,0,178,0,0,0,1.21,0.17,0.29,14.71,0.46,0.01,0.02,1.19,0.03
10,lewis-skelly,1,2,1.6,37,1362,15,1,0,3,2,5,16,0,237,0,0,0,1.06,0.16,0.51,16.65,0.67,0.01,0.03,1.1,0.04
11,white,1,2,2.9,50,1195,13,0,2,2,0,5,13,0,211,0,0,0,0.98,0.46,1.3,16.88,1.76,0.03,0.1,1.27,0.13
12,zinchenko,1,2,2.7,40,518,5,0,1,1,0,4,1,0,141,0,0,0,0.17,0.65,0.52,3.21,1.17,0.11,0.09,0.56,0.2
13,clarke,1,2,0.0,0,0,0,0,0,0,0,0,0,0,0,0,0,0,0.0,0.0,0.0,0.0,0.0,0.0,0.0,0.0,0.0
14,kacurri,1,2,0.0,0,0,0,0,0,0,0,0,0,0,0,0,0,0,0.0,0.0,0.0,0.0,0.0,0.0,0.0,0.0,0.0
15,nichols,1,2,0.0,0,0,0,0,0,0,0,0,0,0,0,0,0,0,0.0,0.0,0.0,0.0,0.0,0.0,0.0,0.0,0.0
16,saka,1,3,5.1,127,1724,20,6,11,3,0,7,21,0,508,0,0,0,1.1,6.87,7.78,17.72,14.65,0.36,0.41,0.93,0.77
17,odegaard,1,3,3.9,116,2321,26,3,9,4,0,11,21,0,529,0,0,0,0.81,4.85,6.68,22.16,11.53,0.19,0.26,0.86,0.45
18,madueke,1,3,3.8,120,2028,27,7,5,3,0,6,28,0,425,0,0,0,1.24,9.62,2.86,29.55,12.48,0.43,0.13,1.31,0.56
19,martinelli,1,3,3.8,125,2284,25,8,4,1,0,10,25,0,422,0,0,0,0.99,7.13,4.46,26.22,11.59,0.28,0.18,1.03,0.46
20,trossard,1,3,4.0,152,2546,28,8,8,2,1,11,27,0,561,0,0,0,0.95,6.74,4.12,24.76,10.86,0.24,0.15,0.88,0.39
21,rice,1,3,3.6,127,2823,33,4,7,5,1,11,29,0,627,0,0,0,0.92,3.51,5.64,27.13,9.14,0.11,0.18,0.86,0.29
22,merino,1,3,3.3,92,1575,17,7,2,2,1,4,17,0,326,0,0,0,0.97,5.75,1.18,15.71,6.93,0.33,0.07,0.9,0.4
23,fabio vieira,1,3,0.0,0,0,0,0,0,0,0,0,0,0,0,0,0,0,0.0,0.0,0.0,0.0,0.0,0.0,0.0,0.0,0.0
24,norgaard,1,3,3.1,107,2820,34,5,5,8,1,6,45,0,580,0,0,0,1.44,4.23,1.38,44.54,5.61,0.14,0.04,1.42,0.18
25,nwaneri,1,3,2.5,66,882,11,4,2,1,0,4,4,0,251,0,0,0,0.41,1.19,1.78,5.38,2.97,0.12,0.18,0.55,0.3
26,zubimendi,1,3,0.0,0,0,0,0,0,0,0,0,0,0,0,0,0,0,0.0,0.0,0.0,0.0,0.0,0.0,0.0,0.0,0.0
27,nelson,1,3,2.2,27,483,5,1,1,1,0,1,9,0,143,0,0,0,1.68,1.07,0.96,6.13,2.03,0.2,0.18,1.14,0.38
28,kabia,1,3,0.0,0,0,0,0,0,0,0,0,0,0,0,0,0,0,0.0,0.0,0.0,0.0,0.0,0.0,0.0,0.0,0.0
29,sambi,1,3,0.0,0,0,0,0,0,0,0,0,0,0,0,0,0,0,0.0,0.0,0.0,0.0,0.0,0.0,0.0,0.0,0.0
30,havertz,1,4,4.2,97,1872,21,9,3,5,0,7,20,0,343,0,0,0,0.96,9.53,1.65,19.32,11.18,0.46,0.08,0.93,0.54
31,gjesus,1,4,2.5,42,600,6,3,2,4,0,2,5,0,152,0,0,0,0.75,3.05,0.52,5.82,3.57,0.46,0.08,0.87,0.54
662,mosquera,1,2,0.0,0,0,0,0,0,0,0,0,0,0,0,0,0,0,0.0,0.0,0.0,0.0,0.0,0.0,0.0,0.0,0.0
666,gyokeres,1,4,0.0,0,0,0,0,0,0,0,0,0,0,0,0,0,0,0.0,0.0,0.0,0.0,0.0,0.0,0.0,0.0,0.0
32,martinez,2,1,3.0,111,3195,37,0,0,5,1,8,47,100,457,1,0,0,1.32,0.0,0.02,44.99,0.02,0.0,0.0,1.27,0.0
33,mbizot,2,1,0.0,0,0,0,0,0,0,0,0,0,0,0,0,0,0,0.0,0.0,0.0,0.0,0.0,0.0,0.0,0.0,0.0
34,gauci,2,1,0.0,0,0,0,0,0,0,0,0,0,0,0,0,0,0,0.0,0.0,0.0,0.0,0.0,0.0,0.0,0.0,0.0
35,marschall,2,1,0.0,0,0,0,0,0,0,0,0,0,0,0,0,0,0,0.0,0.0,0.0,0.0,0.0,0.0,0.0,0.0,0.0
36,cash,2,2,2.8,76,2069,24,1,1,7,0,7,22,0,286,0,0,0,0.96,0.48,1.23,28.64,1.71,0.02,0.05,1.25,0.07
37,digne,2,2,2.8,89,2348,28,0,5,4,0,6,36,0,383,0,0,0,1.38,0.8,3.97,34.94,4.77,0.03,0.15,1.34,0.18
38,konsa,2,2,3.0,103,2936,33,2,0,1,0,8,45,0,448,0,0,0,1.38,1.29,0.61,43.82,1.9,0.04,0.02,1.34,0.06
39,maatsen,2,2,2.0,57,1125,10,1,2,2,0,3,16,0,204,0,0,0,1.28,0.87,2.43,17.31,3.3,0.07,0.19,1.38,0.26
40,mings,2,2,3.4,47,1119,12,0,1,1,0,4,11,0,207,0,0,0,0.88,0.88,0.23,13.2,1.11,0.07,0.02,1.06,0.09
41,pau,2,2,2.3,55,2019,23,0,0,2,0,5,33,0,254,0,0,0,1.47,0.51,0.43,29.69,0.94,0.02,0.02,1.32,0.04
42,agarcia,2,2,1.1,8,316,5,0,0,0,0,0,5,0,26,0,0,0,1.42,0.04,0.49,6.49,0.53,0.01,0.14,1.85,0.15
43,alex moreno,2,2,2.3,34,952,11,0,1,2,0,3,16,0,126,0,0,0,1.51,0.17,1.1,13.94,1.27,0.02,0.1,1.32,0.12
44,bogarde,2,2,0.8,6,473,5,0,0,2,0,0,11,0,22,0,0,0,2.09,0.04,0.13,9.28,0.17,0.01,0.02,1.77,0.03
45,sousa,2,2,0.0,0,0,0,0,0,0,0,0,0,0,0,0,0,0,0.0,0.0,0.0,0.0,0.0,0.0,0.0,0.0,0.0
46,yasin,2,2,0.0,0,0,0,0,0,0,0,0,0,0,0,0,0,0,0.0,0.0,0.0,0.0,0.0,0.0,0.0,0.0,0.0
47,rogers,2,3,4.4,161,3115,37,8,11,10,0,10,40,0,534,0,0,0,1.16,6.49,5.24,43.7,11.73,0.19,0.15,1.26,0.34
48,tielemans,2,3,3.4,121,3025,35,3,7,4,0,7,46,0,686,0,1,0,1.37,3.31,5.83,43.87,9.14,0.1,0.17,1.31,0.27
49,bailey,2,3,2.0,47,1132,14,1,2,3,0,2,19,0,174,0,0,0,1.51,1.73,2.92,13.91,4.65,0.14,0.23,1.11,0.37
50,buendia,2,3,0.9,11,89,0,0,0,1,0,0,2,0,37,0,0,0,2.02,0.65,0.03,2.27,0.68,0.66,0.03,2.3,0.69
51,iling jr,2,3,0.0,0,0,0,0,0,0,0,0,0,0,0,0,0,0,0.0,0.0,0.0,0.0,0.0,0.0,0.0,0.0,0.0
52,jramsey,2,3,2.3,66,1616,19,1,4,2,1,5,26,0,265,0,0,0,1.45,1.59,2.18,23.99,3.77,0.09,0.12,1.34,0.21
53,malen,2,3,2.4,34,296,2,3,0,0,0,0,6,0,112,0,0,0,1.82,2.15,0.15,4.77,2.3,0.65,0.05,1.45,0.7
54,mcginn,2,3,2.3,78,2217,27,1,4,7,0,8,34,0,360,0,0,0,1.38,3.1,2.7,35.03,5.8,0.13,0.11,1.42,0.24
55,barkley,2,3,2.2,44,567,3,3,1,3,0,1,10,0,166,0,0,0,1.59,1.79,0.43,6.32,2.22,0.28,0.07,1.0,0.35
56,barrenechea,2,3,0.0,0,0,0,0,0,0,0,0,0,0,0,0,0,0,0.0,0.0,0.0,0.0,0.0,0.0,0.0,0.0,0.0
57,dobbin,2,3,0.0,0,0,0,0,0,0,0,0,0,0,0,0,0,0,0.0,0.0,0.0,0.0,0.0,0.0,0.0,0.0,0.0
58,kamara,2,3,2.2,57,1720,20,1,0,2,0,6,22,0,296,0,0,0,1.15,0.82,0.83,23.03,1.65,0.04,0.04,1.21,0.08
59,onana,2,3,2.5,65,1613,20,3,0,4,0,6,23,0,324,0,0,0,1.28,2.12,0.84,23.66,2.96,0.12,0.05,1.32,0.17
60,broggio,2,3,0.0,0,0,0,0,0,0,0,0,0,0,0,0,0,0,0.0,0.0,0.0,0.0,0.0,0.0,0.0,0.0,0.0
61,dendoncker,2,3,0.0,0,0,0,0,0,0,0,0,0,0,0,0,0,0,0.0,0.0,0.0,0.0,0.0,0.0,0.0,0.0,0.0
62,jimoh-aloba,2,3,0.0,0,0,0,0,0,0,0,0,0,0,0,0,0,0,0.0,0.0,0.0,0.0,0.0,0.0,0.0,0.0,0.0
63,young,2,3,0.0,0,0,0,0,0,0,0,0,0,0,0,0,0,0,0.0,0.0,0.0,0.0,0.0,0.0,0.0,0.0,0.0
64,watkins,2,4,4.9,186,2593,31,16,8,2,0,10,40,0,631,0,0,0,1.39,15.12,2.07,38.62,17.19,0.52,0.07,1.34,0.59
65,redmond,2,4,0.0,0,0,0,0,0,0,0,0,0,0,0,0,0,0,0.0,0.0,0.0,0.0,0.0,0.0,0.0,0.0,0.0
677,guessand,2,3,0.0,0,0,0,0,0,0,0,0,0,0,0,0,0,0,0.0,0.0,0.0,0.0,0.0,0.0,0.0,0.0,0.0
183,weiss,3,1,0.0,0,0,0,0,0,0,0,0,0,0,0,0,0,0,0.0,0.0,0.0,0.0,0.0,0.0,0.0,0.0,0.0
184,green,3,1,0.0,0,0,0,0,0,0,0,0,0,0,0,0,0,0,0.0,0.0,0.0,0.0,0.0,0.0,0.0,0.0,0.0
185,hladky,3,1,0.0,0,0,0,0,0,0,0,0,0,0,0,0,0,0,0.0,0.0,0.0,0.0,0.0,0.0,0.0,0.0,0.0
186,roberts,3,2,0.0,0,0,0,0,0,0,0,0,0,0,0,0,0,0,0.0,0.0,0.0,0.0,0.0,0.0,0.0,0.0,0.0
187,walker,3,2,0.9,13,966,9,0,0,3,0,0,21,0,63,0,0,0,1.96,0.12,1.34,19.26,1.46,0.01,0.12,1.79,0.13
188,delcroix,3,2,0.0,0,0,0,0,0,0,0,0,0,0,0,0,0,0,0.0,0.0,0.0,0.0,0.0,0.0,0.0,0.0,0.0
189,dodgson,3,2,0.0,0,0,0,0,0,0,0,0,0,0,0,0,0,0,0.0,0.0,0.0,0.0,0.0,0.0,0.0,0.0,0.0
190,ekdal,3,2,0.0,0,0,0,0,0,0,0,0,0,0,0,0,0,0,0.0,0.0,0.0,0.0,0.0,0.0,0.0,0.0,0.0
191,esteve,3,2,0.0,0,0,0,0,0,0,0,0,0,0,0,0,0,0,0.0,0.0,0.0,0.0,0.0,0.0,0.0,0.0,0.0
192,hartman,3,2,0.0,0,0,0,0,0,0,0,0,0,0,0,0,0,0,0.0,0.0,0.0,0.0,0.0,0.0,0.0,0.0,0.0
193,humphreys,3,2,0.0,0,0,0,0,0,0,0,0,0,0,0,0,0,0,0.0,0.0,0.0,0.0,0.0,0.0,0.0,0.0,0.0
194,jordan,3,2,0.0,0,0,0,0,0,0,0,0,0,0,0,0,0,0,0.0,0.0,0.0,0.0,0.0,0.0,0.0,0.0,0.0
195,lucas pires,3,2,0.0,0,0,0,0,0,0,0,0,0,0,0,0,0,0,0.0,0.0,0.0,0.0,0.0,0.0,0.0,0.0,0.0
196,sambo,3,2,0.0,0,0,0,0,0,0,0,0,0,0,0,0,0,0,0.0,0.0,0.0,0.0,0.0,0.0,0.0,0.0,0.0
197,sonne,3,2,0.0,0,0,0,0,0,0,0,0,0,0,0,0,0,0,0.0,0.0,0.0,0.0,0.0,0.0,0.0,0.0,0.0
198,tuanzebe,3,2,1.2,27,1710,20,0,1,3,1,1,38,0,80,0,0,1,2.0,0.21,0.26,32.01,0.47,0.01,0.01,1.68,0.02
199,worrall,3,2,0.0,0,0,0,0,0,0,0,0,0,0,0,0,0,0,0.0,0.0,0.0,0.0,0.0,0.0,0.0,0.0,0.0
200,anthony,3,3,0.0,0,0,0,0,0,0,0,0,0,0,0,0,0,0,0.0,0.0,0.0,0.0,0.0,0.0,0.0,0.0,0.0
201,benson,3,3,0.0,0,0,0,0,0,0,0,0,0,0,0,0,0,0,0.0,0.0,0.0,0.0,0.0,0.0,0.0,0.0,0.0
202,bruun larsen,3,3,0.0,0,0,0,0,0,0,0,0,0,0,0,0,0,0,0.0,0.0,0.0,0.0,0.0,0.0,0.0,0.0,0.0
203,boateng,3,3,0.0,0,0,0,0,0,0,0,0,0,0,0,0,0,0,0.0,0.0,0.0,0.0,0.0,0.0,0.0,0.0,0.0
204,churlinov,3,3,0.0,0,0,0,0,0,0,0,0,0,0,0,0,0,0,0.0,0.0,0.0,0.0,0.0,0.0,0.0,0.0,0.0
205,cullen,3,3,0.0,0,0,0,0,0,0,0,0,0,0,0,0,0,0,0.0,0.0,0.0,0.0,0.0,0.0,0.0,0.0,0.0
206,edwards,3,3,0.0,0,0,0,0,0,0,0,0,0,0,0,0,0,0,0.0,0.0,0.0,0.0,0.0,0.0,0.0,0.0,0.0
207,hannibal,3,3,0.0,0,0,0,0,0,0,0,0,0,0,0,0,0,0,0.0,0.0,0.0,0.0,0.0,0.0,0.0,0.0,0.0
208,koleosho,3,3,0.0,0,0,0,0,0,0,0,0,0,0,0,0,0,0,0.0,0.0,0.0,0.0,0.0,0.0,0.0,0.0,0.0
209,laurent,3,3,0.0,0,0,0,0,0,0,0,0,0,0,0,0,0,0,0.0,0.0,0.0,0.0,0.0,0.0,0.0,0.0,0.0
210,tchaouna,3,3,0.0,0,0,0,0,0,0,0,0,0,0,0,0,0,0,0.0,0.0,0.0,0.0,0.0,0.0,0.0,0.0,0.0
211,aramsey,3,3,0.0,0,0,0,0,0,0,0,0,0,0,0,0,0,0,0.0,0.0,0.0,0.0,0.0,0.0,0.0,0.0,0.0
212,adewumi,3,3,0.0,0,0,0,0,0,0,0,0,0,0,0,0,0,0,0.0,0.0,0.0,0.0,0.0,0.0,0.0,0.0,0.0
213,banel,3,3,0.0,0,0,0,0,0,0,0,0,0,0,0,0,0,0,0.0,0.0,0.0,0.0,0.0,0.0,0.0,0.0,0.0
214,tresor,3,3,0.0,0,0,0,0,0,0,0,0,0,0,0,0,0,0,0.0,0.0,0.0,0.0,0.0,0.0,0.0,0.0,0.0
215,flemming,3,4,0.0,0,0,0,0,0,0,0,0,0,0,0,0,0,0,0.0,0.0,0.0,0.0,0.0,0.0,0.0,0.0,0.0
216,amdouni,3,4,0.0,0,0,0,0,0,0,0,0,0,0,0,0,0,0,0.0,0.0,0.0,0.0,0.0,0.0,0.0,0.0,0.0
217,foster,3,4,0.0,0,0,0,0,0,0,0,0,0,0,0,0,0,0,0.0,0.0,0.0,0.0,0.0,0.0,0.0,0.0,0.0
218,barnes,3,4,0.0,0,0,0,0,0,0,0,0,0,0,0,0,0,0,0.0,0.0,0.0,0.0,0.0,0.0,0.0,0.0,0.0
219,obafemi,3,4,0.0,0,0,0,0,0,0,0,0,0,0,0,0,0,0,0.0,0.0,0.0,0.0,0.0,0.0,0.0,0.0,0.0
470,dubravka,3,1,4.4,44,900,10,0,0,0,0,5,12,29,160,0,0,0,1.2,0.0,0.0,11.19,0.0,0.0,0.0,1.12,0.0
676,ugochukwu,3,3,0.0,0,0,0,0,0,0,0,0,0,0,0,0,0,0,0.0,0.0,0.0,0.0,0.0,0.0,0.0,0.0,0.0
680,broja,3,4,0.0,0,0,0,0,0,0,0,0,0,0,0,0,0,0,0.0,0.0,0.0,0.0,0.0,0.0,0.0,0.0,0.0
66,neto,4,1,3.5,7,180,2,0,0,0,0,0,2,11,30,0,0,0,1.0,0.0,0.0,2.91,0.0,0.0,0.0,1.46,0.0
67,petrovic,4,1,0.0,0,0,0,0,0,0,0,0,0,0,0,0,0,0,0.0,0.0,0.0,0.0,0.0,0.0,0.0,0.0,0.0
68,dennis,4,1,0.0,0,0,0,0,0,0,0,0,0,0,0,0,0,0,0.0,0.0,0.0,0.0,0.0,0.0,0.0,0.0,0.0
69,mckenna,4,1,0.0,0,0,0,0,0,0,0,0,0,0,0,0,0,0,0.0,0.0,0.0,0.0,0.0,0.0,0.0,0.0,0.0
70,paulsen,4,1,0.0,0,0,0,0,0,0,0,0,0,0,0,0,0,0,0.0,0.0,0.0,0.0,0.0,0.0,0.0,0.0,0.0
71,zabarnyi,4,2,2.6,94,3109,35,0,1,4,1,8,42,0,429,0,0,0,1.22,1.2,0.76,42.54,1.96,0.03,0.02,1.23,0.05
72,senesi,4,2,1.8,31,1103,13,0,0,5,0,2,17,0,114,0,0,0,1.39,0.84,0.48,14.76,1.32,0.07,0.04,1.2,0.11
73,smith,4,2,2.3,57,1586,19,0,0,7,0,6,18,0,161,0,0,0,1.02,0.65,0.68,19.04,1.33,0.04,0.04,1.08,0.08
74,truffert,4,2,0.0,0,0,0,0,0,0,0,0,0,0,0,0,0,0,0.0,0.0,0.0,0.0,0.0,0.0,0.0,0.0,0.0
75,akinmboni,4,2,0.0,0,0,0,0,0,0,0,0,0,0,0,0,0,0,0.0,0.0,0.0,0.0,0.0,0.0,0.0,0.0,0.0
76,bevan,4,2,0.0,0,0,0,0,0,0,0,0,0,0,0,0,0,0,0.0,0.0,0.0,0.0,0.0,0.0,0.0,0.0,0.0
77,hill,4,2,1.7,17,443,6,0,1,1,0,1,9,0,55,0,0,0,1.83,0.29,0.25,8.54,0.54,0.06,0.05,1.73,0.11
78,jaraujo,4,2,1.0,12,492,7,0,0,2,0,0,10,0,20,0,0,0,1.83,0.0,0.1,9.69,0.1,0.0,0.02,1.77,0.02
79,mepham,4,2,0.0,0,0,0,0,0,0,0,0,0,0,0,0,0,0,0.0,0.0,0.0,0.0,0.0,0.0,0.0,0.0,0.0
80,soler,4,2,1.0,3,9,0,0,0,0,0,0,1,0,8,0,0,0,10.0,0.0,0.0,0.08,0.0,0.0,0.0,0.8,0.0
81,kluivert,4,3,4.6,158,2339,29,12,6,8,0,13,29,0,532,0,0,0,1.12,10.05,3.66,32.6,13.71,0.39,0.14,1.25,0.53
82,semenyo,4,3,4.5,165,3202,36,11,7,9,0,11,41,0,571,0,0,0,1.15,9.51,4.43,44.18,13.94,0.27,0.12,1.24,0.39
83,odango,4,3,3.5,111,1998,21,7,4,3,0,7,23,0,432,0,0,0,1.04,8.42,3.24,31.96,11.66,0.38,0.15,1.44,0.53
84,tavernier,4,3,3.0,87,1932,20,3,7,6,0,4,29,0,362,0,0,0,1.35,5.51,3.65,25.42,9.16,0.26,0.17,1.18,0.43
85,adams,4,3,2.1,58,1959,21,0,3,7,0,6,30,0,315,0,0,0,1.38,1.33,0.76,29.26,2.09,0.06,0.03,1.34,0.09
86,brooks,4,3,1.8,52,941,9,2,1,3,0,3,12,0,204,0,0,0,1.15,2.58,2.02,15.03,4.6,0.25,0.19,1.44,0.44
87,christie,4,3,2.6,76,2114,27,2,3,9,0,8,28,0,435,0,0,0,1.19,2.14,2.9,30.17,5.04,0.09,0.12,1.28,0.21
88,cook,4,3,2.3,82,2976,32,1,4,8,1,5,44,0,500,0,0,0,1.33,0.94,3.76,45.25,4.7,0.03,0.11,1.37,0.14
89,philip,4,3,1.0,10,176,1,0,0,1,0,0,4,0,52,0,0,0,2.05,0.55,0.97,3.35,1.52,0.28,0.5,1.71,0.78
90,scott,4,3,1.3,26,745,8,0,0,3,0,3,8,0,132,0,0,0,0.97,0.73,1.0,10.14,1.73,0.09,0.12,1.22,0.21
91,sinisterra,4,3,1.9,23,229,1,1,1,0,0,0,4,0,90,0,0,0,1.57,1.18,1.29,4.08,2.47,0.46,0.51,1.6,0.97
92,faivre,4,3,0.0,0,0,0,0,0,0,0,0,0,0,0,0,0,0,0.0,0.0,0.0,0.0,0.0,0.0,0.0,0.0,0.0
93,htraore,4,3,0.0,0,0,0,0,0,0,0,0,0,0,0,0,0,0,0.0,0.0,0.0,0.0,0.0,0.0,0.0,0.0,0.0
94,sadi,4,3,0.0,0,0,0,0,0,0,0,0,0,0,0,0,0,0,0.0,0.0,0.0,0.0,0.0,0.0,0.0,0.0,0.0
95,silcott-duberry,4,3,1.0,1,1,0,0,0,0,0,0,0,0,5,0,0,0,0.0,0.0,0.0,0.04,0.0,0.0,0.0,3.6,0.0
96,winterburn,4,3,1.0,4,22,0,0,0,0,0,0,0,0,14,0,0,0,0.0,0.0,0.0,0.16,0.0,0.0,0.0,0.65,0.0
97,evanilson,4,4,4.1,128,2317,28,10,5,1,1,11,30,0,487,0,1,0,1.17,12.47,1.74,26.78,14.21,0.48,0.07,1.04,0.55
98,enes unal,4,4,1.9,32,330,2,2,1,2,0,2,3,0,97,0,0,0,0.82,2.73,0.26,6.38,2.99,0.74,0.07,1.74,0.81
99,adu-adjei,4,4,0.0,0,0,0,0,0,0,0,0,0,0,0,0,0,0,0.0,0.0,0.0,0.0,0.0,0.0,0.0,0.0,0.0
100,kroupijr,4,4,0.0,0,0,0,0,0,0,0,0,0,0,0,0,0,0,0.0,0.0,0.0,0.0,0.0,0.0,0.0,0.0,0.0
685,diakite,4,2,0.0,0,0,0,0,0,0,0,0,0,0,0,0,0,0,0.0,0.0,0.0,0.0,0.0,0.0,0.0,0.0,0.0
101,kelleher,5,1,4.5,45,900,10,0,0,0,0,4,12,27,156,1,0,0,1.2,0.0,0.0,11.09,0.0,0.0,0.0,1.11,0.0
102,balcombe,5,1,0.0,0,0,0,0,0,0,0,0,0,0,0,0,0,0,0.0,0.0,0.0,0.0,0.0,0.0,0.0,0.0,0.0
103,cox,5,1,0.0,0,0,0,0,0,0,0,0,0,0,0,0,0,0,0.0,0.0,0.0,0.0,0.0,0.0,0.0,0.0,0.0
104,eyestone,5,1,0.0,0,0,0,0,0,0,0,0,0,0,0,0,0,0,0.0,0.0,0.0,0.0,0.0,0.0,0.0,0.0,0.0
105,valdimarsson,5,1,1.0,2,144,1,0,0,0,0,0,2,3,14,0,0,0,1.25,0.0,0.0,1.49,0.0,0.0,0.0,0.93,0.0
106,collins,5,2,3.3,127,3420,38,2,7,5,0,8,57,0,549,0,0,0,1.5,2.44,1.57,56.31,4.01,0.06,0.04,1.48,0.1
107,lewis-potter,5,2,2.5,94,3092,36,1,5,7,0,8,49,0,460,0,0,0,1.43,2.96,4.94,50.62,7.9,0.09,0.14,1.47,0.23
108,ajer,5,2,1.6,39,1433,17,0,0,5,0,3,25,0,120,0,0,0,1.57,0.97,0.48,21.7,1.45,0.06,0.03,1.36,0.09
109,henry,5,2,0.8,4,94,0,0,0,0,0,0,3,0,5,0,0,0,2.87,0.0,0.01,2.16,0.01,0.0,0.01,2.07,0.01
110,kayode,5,2,2.2,27,523,6,0,1,2,0,2,5,0,115,0,0,0,0.86,0.19,0.7,6.66,0.89,0.03,0.12,1.15,0.15
111,pinnock,5,2,2.1,47,1912,21,2,0,2,0,2,35,0,233,0,0,1,1.65,1.08,0.64,34.33,1.72,0.05,0.03,1.62,0.08
112,roerslev,5,2,1.9,36,1100,11,0,2,2,0,2,20,0,125,0,0,0,1.64,0.2,2.09,21.52,2.29,0.02,0.17,1.76,0.19
113,van den berg,5,2,2.0,62,2584,29,0,1,3,0,5,49,0,266,0,0,0,1.71,2.09,0.52,44.61,2.61,0.07,0.02,1.55,0.09
114,arthur,5,2,0.0,0,0,0,0,0,0,0,0,0,0,0,0,0,0,0.0,0.0,0.0,0.0,0.0,0.0,0.0,0.0,0.0
115,fredrick,5,2,0.0,0,0,0,0,0,0,0,0,0,0,0,0,0,0,0.0,0.0,0.0,0.0,0.0,0.0,0.0,0.0,0.0
116,hickey,5,2,0.0,0,0,0,0,0,0,0,0,0,0,0,0,0,0,0.0,0.0,0.0,0.0,0.0,0.0,0.0,0.0,0.0
117,ji-soo,5,2,1.0,3,28,0,0,0,0,0,0,0,0,8,0,0,0,0.0,0.0,0.0,0.32,0.0,0.0,0.0,1.03,0.0
118,meghoma,5,2,1.0,1,4,0,0,0,0,0,0,0,0,3,0,0,0,0.0,0.0,0.0,0.14,0.0,0.0,0.0,3.15,0.0
120,schade,5,3,3.9,149,2281,26,11,4,3,0,10,34,0,498,0,0,0,1.34,8.45,1.75,30.66,10.2,0.33,0.07,1.21,0.4
121,damsgaard,5,3,3.4,131,2911,34,2,10,2,0,11,41,0,611,0,0,0,1.27,2.91,7.01,45.6,9.92,0.09,0.22,1.41,0.31
122,milambo,5,3,0.0,0,0,0,0,0,0,0,0,0,0,0,0,0,0,0.0,0.0,0.0,0.0,0.0,0.0,0.0,0.0,0.0
123,carvalho,5,3,1.8,35,443,3,2,1,1,0,0,14,0,127,0,0,0,2.84,2.49,0.54,11.46,3.03,0.51,0.11,2.33,0.62
124,henderson,5,3,0.0,0,0,0,0,0,0,0,0,0,0,0,0,0,0,0.0,0.0,0.0,0.0,0.0,0.0,0.0,0.0,0.0
125,janelt,5,3,2.3,73,2251,27,1,3,3,0,6,38,0,384,0,0,2,1.52,0.83,2.38,37.37,3.21,0.03,0.1,1.49,0.13
126,jensen,5,3,1.6,38,846,8,0,2,2,0,2,17,0,179,0,0,0,1.81,0.23,1.75,16.41,1.98,0.02,0.19,1.75,0.21
127,nunes,5,3,1.0,3,11,0,0,0,0,0,0,2,0,11,0,0,0,16.36,0.0,0.0,0.35,0.0,0.0,0.0,2.86,0.0
128,onyeka,5,3,1.0,2,23,0,0,0,0,0,0,0,0,3,0,0,0,0.0,0.0,0.02,0.69,0.02,0.0,0.08,2.7,0.08
129,yarmoliuk,5,3,1.4,43,1435,15,0,0,6,0,3,25,0,255,0,0,0,1.57,0.62,0.91,26.43,1.53,0.04,0.06,1.66,0.1
130,donovan,5,3,0.0,0,0,0,0,0,0,0,0,0,0,0,0,0,0,0.0,0.0,0.0,0.0,0.0,0.0,0.0,0.0,0.0
131,konak,5,3,1.0,10,53,0,0,0,0,0,0,2,0,30,0,0,0,3.4,0.15,0.0,1.79,0.15,0.25,0.0,3.04,0.25
132,maghoma,5,3,1.0,8,112,0,0,0,0,0,0,1,0,32,0,0,0,0.8,0.12,0.04,1.89,0.16,0.1,0.03,1.52,0.13
133,peart-harris,5,3,0.0,0,0,0,0,0,0,0,0,0,0,0,0,0,0,0.0,0.0,0.0,0.0,0.0,0.0,0.0,0.0,0.0
134,trevitt,5,3,1.0,1,3,0,0,0,0,0,0,0,0,5,0,0,0,0.0,0.0,0.0,0.0,0.0,0.0,0.0,0.0,0.0
135,wissa,5,4,5.3,185,2921,34,18,6,5,0,9,45,0,739,0,0,0,1.39,18.58,2.2,45.12,20.77,0.57,0.07,1.39,0.64
136,thiago,5,4,1.1,9,167,1,0,0,0,0,0,4,0,32,0,0,0,2.16,0.13,0.04,3.54,0.17,0.07,0.02,1.91,0.09
137,morgan,5,4,0.0,0,0,0,0,0,0,0,0,0,0,0,0,0,0,0.0,0.0,0.0,0.0,0.0,0.0,0.0,0.0,0.0
138,steele,6,1,4.5,9,180,2,0,0,0,0,1,1,3,46,0,0,0,0.5,0.0,0.0,1.88,0.0,0.0,0.0,0.94,0.0
139,verbruggen,6,1,2.9,103,3240,36,0,1,5,0,7,58,91,366,0,0,0,1.61,0.0,0.01,53.1,0.01,0.0,0.0,1.48,0.0
140,mcgill,6,1,0.0,0,0,0,0,0,0,0,0,0,0,0,0,0,0,0.0,0.0,0.0,0.0,0.0,0.0,0.0,0.0,0.0
141,rushworth,6,1,0.0,0,0,0,0,0,0,0,0,0,0,0,0,0,0,0.0,0.0,0.0,0.0,0.0,0.0,0.0,0.0,0.0
142,scherpen,6,1,0.0,0,0,0,0,0,0,0,0,0,0,0,0,0,0,0.0,0.0,0.0,0.0,0.0,0.0,0.0,0.0,0.0
143,boscagli,6,2,0.0,0,0,0,0,0,0,0,0,0,0,0,0,0,0,0.0,0.0,0.0,0.0,0.0,0.0,0.0,0.0,0.0
144,coppola,6,2,0.0,0,0,0,0,0,0,0,0,0,0,0,0,0,0,0.0,0.0,0.0,0.0,0.0,0.0,0.0,0.0,0.0
145,de cuyper,6,2,0.0,0,0,0,0,0,0,0,0,0,0,0,0,0,0,0.0,0.0,0.0,0.0,0.0,0.0,0.0,0.0,0.0
146,dunk,6,2,1.8,44,2081,23,0,1,5,0,4,42,0,223,0,0,1,1.82,0.81,1.02,35.69,1.83,0.04,0.04,1.54,0.08
147,estupinan,6,2,2.1,63,2399,26,1,1,5,0,3,44,0,313,0,0,0,1.65,1.09,2.43,39.85,3.52,0.04,0.09,1.49,0.13
148,fkadioglu,6,2,3.2,19,385,5,1,0,1,0,2,8,0,59,0,0,0,1.87,0.44,0.31,9.44,0.75,0.1,0.07,2.21,0.17
149,igor,6,2,1.4,18,959,10,0,0,4,0,1,17,0,113,0,0,0,1.6,0.05,0.25,17.21,0.3,0.0,0.02,1.62,0.02
150,lamptey,6,2,2.8,42,856,10,2,2,0,0,2,21,0,99,0,0,0,2.21,0.38,0.8,15.36,1.18,0.04,0.08,1.61,0.12
151,van hecke,6,2,2.6,87,2960,33,1,1,6,1,7,47,0,406,0,0,0,1.43,1.32,1.41,44.67,2.73,0.04,0.04,1.36,0.08
152,veltman,6,2,2.8,59,1694,19,0,0,5,0,6,24,0,249,0,0,0,1.28,0.47,1.31,24.83,1.78,0.02,0.07,1.32,0.09
153,webster,6,2,2.8,39,885,11,0,1,1,0,4,11,0,167,0,0,0,1.12,0.25,0.28,14.26,0.53,0.03,0.03,1.45,0.06
154,cashin,6,2,0.5,1,19,0,0,0,0,0,0,2,0,-2,0,0,0,9.47,0.0,0.0,0.44,0.0,0.0,0.0,2.08,0.0
155,slater,6,2,0.0,0,0,0,0,0,0,0,0,0,0,0,0,0,0,0.0,0.0,0.0,0.0,0.0,0.0,0.0,0.0,0.0
156,tasker,6,2,0.0,0,0,0,0,0,0,0,0,0,0,0,0,0,0,0.0,0.0,0.0,0.0,0.0,0.0,0.0,0.0,0.0
157,mitoma,6,3,4.0,145,2597,28,10,5,1,0,6,40,0,536,0,0,0,1.39,9.19,4.03,37.05,13.22,0.32,0.14,1.28,0.46
158,georginio,6,3,3.4,95,1651,19,5,6,2,0,6,29,0,288,0,0,0,1.58,4.57,1.67,27.9,6.24,0.25,0.09,1.52,0.34
159,march,6,3,0.9,7,161,1,0,0,2,0,0,3,0,25,0,0,0,1.68,0.09,0.32,2.82,0.41,0.05,0.18,1.58,0.23
160,minteh,6,3,3.2,102,1831,20,6,5,6,0,4,33,0,398,0,0,0,1.62,4.13,4.99,28.41,9.12,0.2,0.25,1.4,0.45
161,enciso,6,3,2.4,59,1155,14,2,3,3,0,2,22,0,224,0,0,0,1.71,2.82,1.32,22.1,4.14,0.22,0.1,1.72,0.32
162,gruda,6,3,2.1,45,676,8,1,4,0,0,1,15,0,176,0,0,0,2.0,1.15,1.93,12.66,3.08,0.15,0.26,1.69,0.41
163,hinshelwood,6,3,3.4,89,1839,22,5,3,5,0,6,30,0,404,0,0,0,1.47,2.74,1.5,30.09,4.24,0.13,0.07,1.47,0.2
164,oriley,6,3,2.4,50,929,11,2,3,1,0,2,20,0,209,0,0,1,1.94,2.76,2.04,14.27,4.8,0.27,0.2,1.38,0.47
165,sima,6,3,0.0,0,0,0,0,0,0,0,0,0,0,0,0,0,0,0.0,0.0,0.0,0.0,0.0,0.0,0.0,0.0,0.0
166,ayari,6,3,2.2,74,1958,22,2,1,4,0,7,28,0,358,0,0,0,1.29,2.51,2.62,30.15,5.13,0.12,0.12,1.39,0.24
167,baleba,6,3,2.6,87,2660,31,3,1,6,1,8,40,0,490,0,0,0,1.35,3.1,1.21,39.54,4.31,0.1,0.04,1.34,0.14
168,buonanotte,6,3,2.4,75,1508,14,5,2,8,0,2,33,0,299,0,0,0,1.97,4.01,2.29,29.23,6.3,0.24,0.14,1.74,0.38
169,gomez,6,3,1.9,30,507,4,1,1,0,0,0,13,0,130,0,0,0,2.31,0.82,1.16,9.28,1.98,0.15,0.21,1.65,0.36
170,milner,6,3,1.5,6,170,3,0,0,1,0,1,1,0,27,0,0,0,0.53,0.16,0.15,1.98,0.31,0.08,0.08,1.05,0.16
171,sarmiento,6,3,1.0,1,8,0,0,0,0,0,0,0,0,3,0,0,0,0.0,0.0,0.0,0.0,0.0,0.0,0.0,0.0,0.0
172,watson,6,3,0.0,0,0,0,0,0,0,0,0,0,0,0,0,0,0,0.0,0.0,0.0,0.0,0.0,0.0,0.0,0.0,0.0
173,wieffer,6,3,2.1,52,1003,10,1,5,6,0,2,22,0,243,0,0,0,1.97,0.8,1.0,18.89,1.8,0.07,0.09,1.7,0.16
174,yalcouye,6,3,0.0,0,0,0,0,0,0,0,0,0,0,0,0,0,0,0.0,0.0,0.0,0.0,0.0,0.0,0.0,0.0,0.0
175,knight,6,3,0.0,0,0,0,0,0,0,0,0,0,0,0,0,0,0,0.0,0.0,0.0,0.0,0.0,0.0,0.0,0.0,0.0
176,mazilu,6,3,0.0,0,0,0,0,0,0,0,0,0,0,0,0,0,0,0.0,0.0,0.0,0.0,0.0,0.0,0.0,0.0,0.0
177,moran,6,3,0.0,0,0,0,0,0,0,0,0,0,0,0,0,0,0,0.0,0.0,0.0,0.0,0.0,0.0,0.0,0.0,0.0
178,welbeck,6,4,4.2,125,2109,24,10,5,5,0,7,37,0,484,0,0,0,1.58,9.58,1.36,37.4,10.94,0.41,0.06,1.6,0.47
179,ferguson,6,4,1.3,28,385,3,1,0,0,0,1,9,0,97,0,0,0,2.1,1.13,0.66,6.39,1.79,0.26,0.15,1.49,0.41
180,tzimas,6,4,0.0,0,0,0,0,0,0,0,0,0,0,0,0,0,0,0.0,0.0,0.0,0.0,0.0,0.0,0.0,0.0,0.0
181,kostoulas,6,4,0.0,0,0,0,0,0,0,0,0,0,0,0,0,0,0,0.0,0.0,0.0,0.0,0.0,0.0,0.0,0.0,0.0
220,sanchez,7,1,3.9,126,2880,32,0,0,5,0,10,34,95,470,1,0,0,1.06,0.0,0.02,38.55,0.02,0.0,0.0,1.2,0.0
221,jorgensen,7,1,3.0,18,540,6,0,0,0,0,1,9,20,59,0,0,0,1.5,0.0,0.0,8.83,0.0,0.0,0.0,1.47,0.0
222,penders,7,1,0.0,0,0,0,0,0,0,0,0,0,0,0,0,0,0,0.0,0.0,0.0,0.0,0.0,0.0,0.0,0.0,0.0
223,slonina,7,1,0.0,0,0,0,0,0,0,0,0,0,0,0,0,0,0,0.0,0.0,0.0,0.0,0.0,0.0,0.0,0.0,0.0
224,cucurella,7,2,3.7,133,2988,33,5,2,8,1,9,38,0,533,0,0,0,1.14,2.79,2.39,39.94,5.18,0.08,0.07,1.2,0.15
225,james,7,2,2.8,54,1057,12,1,2,1,0,3,14,0,223,0,0,0,1.19,0.45,1.15,16.1,1.6,0.04,0.1,1.37,0.14
226,chalobah,7,2,3.7,93,1969,23,3,1,3,0,6,25,0,379,0,0,0,1.14,1.98,0.64,27.15,2.62,0.09,0.03,1.24,0.12
227,colwill,7,2,3.1,109,3150,35,2,1,9,0,10,41,0,461,0,0,0,1.17,1.92,1.31,43.52,3.23,0.05,0.04,1.24,0.09
228,gusto,7,2,1.9,60,1853,19,0,1,4,0,4,26,0,285,0,0,0,1.26,1.44,1.91,27.43,3.35,0.07,0.09,1.33,0.16
229,bbadiashile,7,2,1.4,7,332,3,0,0,0,0,0,5,0,35,0,0,0,1.36,0.0,0.08,5.34,0.08,0.0,0.02,1.45,0.02
230,fofana,7,2,1.9,26,1172,14,0,0,7,0,2,13,0,162,0,0,0,1.0,0.44,0.18,14.76,0.62,0.03,0.01,1.13,0.04
231,msarr,7,2,0.0,0,0,0,0,0,0,0,0,0,0,0,0,0,0,0.0,0.0,0.0,0.0,0.0,0.0,0.0,0.0,0.0
232,tosin,7,2,3.2,71,1403,15,1,1,4,0,7,14,0,305,0,0,0,0.9,0.93,0.23,19.62,1.16,0.06,0.01,1.26,0.07
233,acheampong,7,2,1.0,4,168,2,0,0,1,0,0,3,0,8,0,0,0,1.61,0.22,0.01,2.09,0.23,0.12,0.01,1.12,0.13
234,anselmino,7,2,0.0,0,0,0,0,0,0,0,0,0,0,0,0,0,0,0.0,0.0,0.0,0.0,0.0,0.0,0.0,0.0,0.0
235,palmer,7,3,5.8,214,3193,36,15,10,7,0,10,41,0,952,0,1,0,1.16,16.79,9.53,43.88,26.32,0.47,0.27,1.24,0.74
236,neto,7,3,3.0,104,2262,24,4,6,8,0,8,25,0,434,0,0,0,0.99,3.48,4.47,27.98,7.95,0.14,0.18,1.11,0.32
237,enzo,7,3,3.8,135,2943,32,6,8,8,0,10,37,0,691,0,0,0,1.13,6.23,6.11,38.06,12.34,0.19,0.19,1.16,0.38
238,estevao,7,3,0.0,0,0,0,0,0,0,0,0,0,0,0,0,0,0,0.0,0.0,0.0,0.0,0.0,0.0,0.0,0.0,0.0
239,gittens,7,3,0.0,0,0,0,0,0,0,0,0,0,0,0,0,0,0,0.0,0.0,0.0,0.0,0.0,0.0,0.0,0.0,0.0
240,nkunku,7,3,2.2,60,904,9,3,2,2,0,2,16,0,190,0,0,0,1.59,5.11,1.01,16.25,6.12,0.51,0.1,1.62,0.61
241,caicedo,7,3,2.6,98,3351,38,1,4,11,0,12,42,0,650,0,0,0,1.13,0.81,2.82,45.42,3.63,0.02,0.08,1.22,0.1
243,george,7,3,2.1,17,177,1,1,1,1,0,1,0,0,55,0,0,0,0.0,0.2,0.26,1.41,0.46,0.1,0.13,0.72,0.23
244,lavia,7,3,1.6,26,792,11,0,1,4,0,3,11,0,125,0,0,0,1.25,0.25,0.38,14.33,0.63,0.03,0.04,1.63,0.07
245,mudryk,7,3,1.0,7,145,1,0,0,0,0,0,2,0,26,0,0,0,1.24,0.24,0.66,3.28,0.9,0.15,0.41,2.04,0.56
246,andrey santos,7,3,0.0,0,0,0,0,0,0,0,0,0,0,0,0,0,0,0.0,0.0,0.0,0.0,0.0,0.0,0.0,0.0,0.0
247,dessugo,7,3,0.0,0,0,0,0,0,0,0,0,0,0,0,0,0,0,0.0,0.0,0.0,0.0,0.0,0.0,0.0,0.0,0.0
248,paez,7,3,0.0,0,0,0,0,0,0,0,0,0,0,0,0,0,0,0.0,0.0,0.0,0.0,0.0,0.0,0.0,0.0,0.0
249,joao pedro,7,4,4.7,126,1946,23,10,6,4,1,6,28,0,516,0,0,0,1.29,8.96,3.1,25.51,12.06,0.41,0.14,1.18,0.55
250,delap,7,4,3.6,132,2587,32,12,2,12,0,3,58,0,472,0,0,0,2.02,9.44,1.38,53.6,10.82,0.33,0.05,1.86,0.38
251,njackson,7,4,4.0,121,2220,28,10,6,7,1,11,24,0,417,0,0,0,0.97,11.68,1.9,28.47,13.58,0.47,0.08,1.15,0.55
672,hato,7,2,0.0,0,0,0,0,0,0,0,0,0,0,0,0,0,0,0.0,0.0,0.0,0.0,0.0,0.0,0.0,0.0,0.0
253,henderson,8,1,3.6,135,3420,38,0,0,3,0,11,51,104,466,1,0,0,1.34,0.01,0.02,50.33,0.03,0.0,0.0,1.32,0.0
254,benitez,8,1,0.0,0,0,0,0,0,0,0,0,0,0,0,0,0,0,0.0,0.0,0.0,0.0,0.0,0.0,0.0,0.0,0.0
255,matthews,8,1,0.0,0,0,0,0,0,0,0,0,0,0,0,0,0,0,0.0,0.0,0.0,0.0,0.0,0.0,0.0,0.0,0.0
256,munoz,8,2,3.8,142,3229,37,4,6,10,0,11,46,0,480,0,0,0,1.28,4.92,3.46,46.3,8.38,0.14,0.1,1.29,0.24
257,lacroix,8,2,3.3,114,3116,35,1,2,5,0,11,45,0,463,0,0,0,1.3,3.5,1.01,44.59,4.51,0.1,0.03,1.29,0.13
258,mitchell,8,2,3.3,123,3090,37,0,6,2,0,12,46,0,455,0,0,0,1.34,1.31,3.67,46.45,4.98,0.04,0.11,1.35,0.15
259,sosa,8,2,0.0,0,0,0,0,0,0,0,0,0,0,0,0,0,0,0.0,0.0,0.0,0.0,0.0,0.0,0.0,0.0,0.0
260,guehi,8,2,3.4,116,3059,34,3,2,7,1,11,42,0,492,0,0,3,1.24,1.87,2.01,41.55,3.88,0.06,0.06,1.22,0.12
261,richards,8,2,2.8,68,1921,22,1,1,2,1,7,31,0,249,0,0,0,1.45,1.33,0.6,29.78,1.93,0.06,0.03,1.4,0.09
262,chadi riad,8,2,1.0,1,90,1,0,0,0,0,0,2,0,3,0,0,0,2.0,0.0,0.02,1.39,0.02,0.0,0.02,1.39,0.02
263,clyne,8,2,1.4,18,477,5,0,0,1,0,1,11,0,48,0,0,0,2.08,0.02,0.24,10.11,0.26,0.0,0.05,1.91,0.05
264,holding,8,2,0.0,0,0,0,0,0,0,0,0,0,0,0,0,0,0,0.0,0.0,0.0,0.0,0.0,0.0,0.0,0.0,0.0
265,kporha,8,2,1.0,2,11,0,0,0,0,0,0,1,0,1,0,0,0,8.18,0.0,0.02,0.06,0.02,0.0,0.16,0.49,0.16
266,eze,8,3,4.4,148,2588,31,8,8,1,0,10,34,0,605,0,1,0,1.18,10.39,4.67,35.03,15.06,0.36,0.16,1.22,0.52
267,sarr,8,3,3.9,149,2708,30,8,7,4,0,10,39,0,542,0,0,0,1.3,10.82,6.82,38.63,17.64,0.36,0.23,1.28,0.59
268,doucoure,8,3,1.5,19,443,4,0,1,1,0,1,6,0,71,0,0,0,1.22,0.4,0.11,7.53,0.51,0.08,0.02,1.53,0.1
269,esse,8,3,3.1,22,138,1,1,2,0,0,0,3,0,72,0,0,0,1.96,0.32,0.39,2.15,0.71,0.21,0.25,1.4,0.46
270,hughes,8,3,2.0,67,2100,24,0,4,11,0,10,31,0,278,0,0,0,1.33,1.09,2.64,31.64,3.73,0.05,0.11,1.36,0.16
271,kamada,8,3,1.3,45,1545,15,0,0,4,1,3,27,0,246,0,0,0,1.57,1.12,1.55,25.74,2.67,0.07,0.09,1.5,0.16
272,lerma,8,3,1.8,58,2270,26,0,1,9,0,6,36,0,326,0,0,0,1.43,1.07,1.75,33.55,2.82,0.04,0.07,1.33,0.11
273,wharton,8,3,2.1,42,1314,16,0,2,2,0,4,21,0,244,0,0,0,1.44,0.38,2.17,19.34,2.55,0.03,0.15,1.32,0.18
274,agbinone,8,3,1.0,2,4,0,0,0,0,0,0,0,0,4,0,0,0,0.0,0.02,0.01,0.0,0.03,0.45,0.22,0.0,0.67
275,ahamada,8,3,0.0,0,0,0,0,0,0,0,0,0,0,0,0,0,0,0.0,0.0,0.0,0.0,0.0,0.0,0.0,0.0,0.0
276,devenny,8,3,1.5,34,494,4,1,1,1,0,0,8,0,129,0,0,0,1.46,0.77,0.41,9.3,1.18,0.14,0.07,1.69,0.21
277,ebiowei,8,3,0.0,0,0,0,0,0,0,0,0,0,0,0,0,0,0,0.0,0.0,0.0,0.0,0.0,0.0,0.0,0.0,0.0
278,jrak-sakyi,8,3,0.0,0,0,0,0,0,0,0,0,0,0,0,0,0,0,0.0,0.0,0.0,0.0,0.0,0.0,0.0,0.0,0.0
279,mfranca,8,3,2.2,9,52,0,1,0,0,0,0,0,0,34,0,0,0,0.0,0.28,0.18,0.4,0.46,0.48,0.31,0.69,0.79
280,ozoh,8,3,0.0,0,0,0,0,0,0,0,0,0,0,0,0,0,0,0.0,0.0,0.0,0.0,0.0,0.0,0.0,0.0,0.0
281,rodney,8,3,0.0,0,0,0,0,0,0,0,0,0,0,0,0,0,0,0.0,0.0,0.0,0.0,0.0,0.0,0.0,0.0,0.0
282,umeh,8,3,0.0,0,0,0,0,0,0,0,0,0,0,0,0,0,0,0.0,0.0,0.0,0.0,0.0,0.0,0.0,0.0,0.0
283,mateta,8,4,4.1,150,2642,33,14,2,2,0,9,37,0,576,0,0,0,1.26,13.77,2.28,37.94,16.05,0.47,0.08,1.29,0.55
284,nketiah,8,4,1.8,53,1018,9,3,2,4,1,2,17,0,186,0,0,0,1.5,5.94,0.83,14.29,6.77,0.53,0.07,1.26,0.6
285,edouard,8,4,1.2,7,141,1,0,0,0,0,0,3,0,14,0,0,0,1.91,0.39,0.07,3.72,0.46,0.25,0.04,2.37,0.29
286,marsh,8,4,0.0,0,0,0,0,0,0,0,0,0,0,0,0,0,0,0.0,0.0,0.0,0.0,0.0,0.0,0.0,0.0,0.0
242,dewsbury-hall,9,3,1.4,18,257,2,0,1,0,0,0,3,0,71,0,0,0,1.05,0.22,0.22,3.88,0.44,0.08,0.08,1.36,0.16
287,pickford,9,1,4.2,158,3420,38,0,1,7,0,12,44,122,593,2,0,0,1.16,0.0,0.22,46.11,0.22,0.0,0.01,1.21,0.01
288,travers,9,1,3.8,19,450,5,0,0,0,0,1,5,20,76,0,0,0,1.0,0.0,0.01,7.36,0.01,0.0,0.0,1.47,0.0
289,tyrer,9,1,0.0,0,0,0,0,0,0,0,0,0,0,0,0,0,0,0.0,0.0,0.0,0.0,0.0,0.0,0.0,0.0,0.0
290,branthwaite,9,2,2.9,88,2509,28,0,1,4,0,9,28,0,420,0,0,0,1.0,1.2,0.61,29.83,1.81,0.04,0.02,1.07,0.06
291,tarkowski,9,2,3.2,105,2922,33,1,1,6,0,10,38,0,468,0,0,0,1.17,1.32,2.33,39.3,3.65,0.04,0.07,1.21,0.11
292,mykolenko,9,2,3.5,121,3082,35,1,3,4,0,11,39,0,467,0,0,0,1.14,0.48,2.12,39.81,2.6,0.01,0.06,1.16,0.07
293,obrien,9,2,3.2,65,1568,17,2,0,5,0,5,17,0,233,0,0,0,0.98,0.77,0.31,18.63,1.08,0.04,0.02,1.07,0.06
294,coleman,9,2,1.0,5,214,3,0,0,1,0,0,4,0,17,0,0,0,1.68,0.62,0.03,4.45,0.65,0.26,0.01,1.87,0.27
295,keane,9,2,3.4,48,1046,11,3,0,5,0,3,20,0,139,0,0,0,1.72,0.61,0.02,19.16,0.63,0.05,0.0,1.65,0.05
296,patterson,9,2,1.4,14,342,3,0,1,1,0,0,6,0,47,0,0,0,1.58,0.07,0.38,4.48,0.45,0.02,0.1,1.18,0.12
297,dixon,9,2,0.0,0,90,1,0,0,0,0,0,4,0,0,0,0,0,4.0,0.0,0.0,2.43,0.0,0.0,0.0,2.43,0.0
298,welch,9,2,0.0,0,0,0,0,0,0,0,0,0,0,0,0,0,0,0.0,0.0,0.0,0.0,0.0,0.0,0.0,0.0,0.0
299,ndiaye,9,3,3.5,114,2426,29,9,0,3,0,15,24,0,552,0,0,0,0.89,6.23,1.36,29.01,7.59,0.23,0.05,1.08,0.28
300,mcneil,9,3,4.4,93,1366,15,4,8,1,0,5,24,0,401,0,0,0,1.58,1.05,4.49,21.12,5.53,0.07,0.3,1.39,0.37
301,alcaraz,9,3,2.8,44,766,7,2,3,4,0,1,9,0,191,0,0,0,1.06,1.78,0.68,11.33,2.46,0.21,0.08,1.33,0.29
302,gana,9,3,2.4,89,3063,35,0,3,9,0,12,39,0,505,0,0,0,1.15,1.15,1.99,39.88,3.14,0.03,0.06,1.17,0.09
303,garner,9,3,2.0,42,1590,17,0,1,5,0,5,19,0,244,0,0,0,1.08,0.67,1.37,19.71,2.04,0.04,0.08,1.12,0.12
304,iroegbunam,9,3,1.2,22,562,5,0,1,4,0,0,16,0,82,0,0,0,2.56,0.23,0.14,12.25,0.37,0.04,0.02,1.96,0.06
305,armstrong,9,3,0.7,2,47,0,0,0,1,0,0,1,0,1,0,0,0,1.91,0.37,0.0,0.45,0.37,0.71,0.0,0.86,0.71
306,bates,9,3,0.0,0,0,0,0,0,0,0,0,0,0,0,0,0,0,0.0,0.0,0.0,0.0,0.0,0.0,0.0,0.0,0.0
307,ebere,9,3,0.0,0,0,0,0,0,0,0,0,0,0,0,0,0,0,0.0,0.0,0.0,0.0,0.0,0.0,0.0,0.0,0.0
308,heath,9,3,0.0,0,0,0,0,0,0,0,0,0,0,0,0,0,0,0.0,0.0,0.0,0.0,0.0,0.0,0.0,0.0,0.0
309,metcalfe,9,3,0.0,0,0,0,0,0,0,0,0,0,0,0,0,0,0,0.0,0.0,0.0,0.0,0.0,0.0,0.0,0.0,0.0
310,barry,9,4,0.0,0,0,0,0,0,0,0,0,0,0,0,0,0,0,0.0,0.0,0.0,0.0,0.0,0.0,0.0,0.0,0.0
311,beto,9,4,2.9,87,1521,15,8,0,2,0,4,24,0,295,0,0,0,1.42,7.89,0.44,18.8,8.33,0.47,0.03,1.11,0.5
312,ychermiti,9,4,0.8,3,42,0,0,0,1,0,0,0,0,9,0,0,0,0.0,0.11,0.0,0.47,0.11,0.24,0.0,1.01,0.24
313,sherif,9,4,0.0,0,0,0,0,0,0,0,0,0,0,0,0,0,0,0.0,0.0,0.0,0.0,0.0,0.0,0.0,0.0,0.0
419,grealish,9,3,1.9,38,710,7,1,1,3,0,2,10,0,187,0,0,0,1.27,1.13,1.67,11.33,2.8,0.14,0.21,1.44,0.35
667,aznou,9,2,0.0,0,0,0,0,0,0,0,0,0,0,0,0,0,0,0.0,0.0,0.0,0.0,0.0,0.0,0.0,0.0,0.0
314,leno,10,1,3.0,115,3420,38,0,2,5,0,5,54,110,475,1,0,0,1.42,0.0,0.03,47.75,0.03,0.0,0.0,1.26,0.0
315,benda,10,1,0.0,0,0,0,0,0,0,0,0,0,0,0,0,0,0,0.0,0.0,0.0,0.0,0.0,0.0,0.0,0.0,0.0
316,robinson,10,2,2.9,106,3166,35,0,10,8,0,5,49,0,507,0,0,0,1.39,0.7,4.17,44.79,4.87,0.02,0.12,1.27,0.14
317,andersen,10,2,1.7,51,2673,30,0,0,7,1,4,47,0,306,0,0,1,1.58,1.04,0.57,37.85,1.61,0.04,0.02,1.27,0.06
318,bassey,10,2,2.1,75,3074,34,1,0,7,0,5,47,0,390,0,0,0,1.38,1.02,0.42,39.22,1.44,0.03,0.01,1.15,0.04
319,castagne,10,2,1.9,46,1642,17,0,1,1,0,3,28,0,205,0,0,0,1.53,0.38,0.56,22.39,0.94,0.02,0.03,1.23,0.05
320,diop,10,2,1.5,31,1334,15,0,0,2,0,1,19,0,146,0,0,1,1.28,0.51,0.07,19.98,0.58,0.03,0.0,1.35,0.03
321,jcuenca,10,2,1.1,9,349,4,0,0,0,0,0,8,0,38,0,0,0,2.06,0.02,0.01,8.99,0.03,0.01,0.0,2.32,0.01
322,tete,10,2,2.2,49,1773,21,0,2,5,0,3,26,0,207,0,0,0,1.32,1.37,0.65,25.5,2.02,0.07,0.03,1.29,0.1
323,amissah,10,2,0.0,0,0,0,0,0,0,0,0,0,0,0,0,0,0,0.0,0.0,0.0,0.0,0.0,0.0,0.0,0.0,0.0
324,iwobi,10,3,4.1,156,2981,35,9,6,1,0,6,45,0,704,0,0,0,1.36,4.33,6.9,38.06,11.23,0.13,0.21,1.15,0.34
325,smith rowe,10,3,3.4,114,2036,25,6,3,3,0,7,28,0,449,0,0,0,1.24,4.45,2.04,25.35,6.49,0.2,0.09,1.12,0.29
326,adama,10,3,2.6,95,1756,18,2,8,3,0,3,28,0,384,0,0,0,1.44,4.11,4.61,25.17,8.72,0.21,0.24,1.29,0.45
327,andreas,10,3,2.5,81,2004,25,2,6,8,0,5,32,0,355,0,1,0,1.44,4.24,4.63,27.35,8.87,0.19,0.21,1.23,0.4
328,sessegnon,10,3,3.6,57,574,7,4,2,1,0,1,10,0,137,0,0,0,1.57,1.64,1.12,8.2,2.76,0.26,0.18,1.29,0.44
329,wilson,10,3,3.1,78,1148,12,6,2,2,0,2,21,0,329,0,0,0,1.65,4.19,1.17,16.22,5.36,0.33,0.09,1.27,0.42
330,berge,10,3,1.7,53,2221,26,0,0,6,0,4,35,0,334,0,0,0,1.42,0.45,0.63,30.81,1.08,0.02,0.03,1.25,0.05
331,cairney,10,3,1.3,33,610,3,2,0,3,1,1,12,0,192,0,0,0,1.77,0.73,1.14,9.59,1.87,0.11,0.17,1.41,0.28
332,lukic,10,3,1.9,56,2348,28,0,2,12,0,4,37,0,354,0,0,0,1.42,1.16,1.4,33.02,2.56,0.04,0.05,1.27,0.09
333,godo,10,3,1.0,2,21,0,0,0,0,0,0,0,0,4,0,0,0,0.0,0.0,0.07,0.15,0.07,0.0,0.3,0.64,0.3
334,harris,10,3,0.0,0,0,0,0,0,0,0,0,0,0,0,0,0,0,0.0,0.0,0.0,0.0,0.0,0.0,0.0,0.0,0.0
335,king,10,3,1.2,10,126,1,0,0,0,0,1,0,0,30,0,0,0,0.0,0.28,0.67,0.74,0.95,0.2,0.48,0.53,0.68
336,reed,10,3,0.8,10,100,0,0,0,2,0,0,3,0,36,0,0,0,2.7,0.23,0.09,4.62,0.32,0.21,0.08,4.16,0.29
337,raul,10,4,3.9,147,2486,30,12,3,4,0,7,37,0,539,0,0,0,1.34,11.97,2.07,33.49,14.04,0.43,0.07,1.21,0.5
338,muniz,10,4,2.8,86,943,8,8,1,1,0,2,17,0,349,0,0,0,1.62,5.91,0.2,15.28,6.11,0.56,0.02,1.46,0.58
664,lecomte,10,1,0.0,0,0,0,0,0,0,0,0,0,0,0,0,0,0,0.0,0.0,0.0,0.0,0.0,0.0,0.0,0.0,0.0
339,meslier,11,1,0.0,0,0,0,0,0,0,0,0,0,0,0,0,0,0,0.0,0.0,0.0,0.0,0.0,0.0,0.0,0.0,0.0
340,cairns,11,1,0.0,0,0,0,0,0,0,0,0,0,0,0,0,0,0,0.0,0.0,0.0,0.0,0.0,0.0,0.0,0.0,0.0
341,darlow,11,1,0.0,0,0,0,0,0,0,0,0,0,0,0,0,0,0,0.0,0.0,0.0,0.0,0.0,0.0,0.0,0.0,0.0
342,bogle,11,2,0.0,0,0,0,0,0,0,0,0,0,0,0,0,0,0,0.0,0.0,0.0,0.0,0.0,0.0,0.0,0.0,0.0
343,struijk,11,2,0.0,0,0,0,0,0,0,0,0,0,0,0,0,0,0,0.0,0.0,0.0,0.0,0.0,0.0,0.0,0.0,0.0
344,bijol,11,2,0.0,0,0,0,0,0,0,0,0,0,0,0,0,0,0,0.0,0.0,0.0,0.0,0.0,0.0,0.0,0.0,0.0
345,bornauw,11,2,0.0,0,0,0,0,0,0,0,0,0,0,0,0,0,0,0.0,0.0,0.0,0.0,0.0,0.0,0.0,0.0,0.0
346,byram,11,2,0.0,0,0,0,0,0,0,0,0,0,0,0,0,0,0,0.0,0.0,0.0,0.0,0.0,0.0,0.0,0.0,0.0
347,gudmundsson,11,2,0.0,0,0,0,0,0,0,0,0,0,0,0,0,0,0,0.0,0.0,0.0,0.0,0.0,0.0,0.0,0.0,0.0
348,rodon,11,2,0.0,0,0,0,0,0,0,0,0,0,0,0,0,0,0,0.0,0.0,0.0,0.0,0.0,0.0,0.0,0.0,0.0
349,schmidt,11,2,0.0,0,0,0,0,0,0,0,0,0,0,0,0,0,0,0.0,0.0,0.0,0.0,0.0,0.0,0.0,0.0,0.0
350,aaronson,11,3,0.0,0,0,0,0,0,0,0,0,0,0,0,0,0,0,0.0,0.0,0.0,0.0,0.0,0.0,0.0,0.0,0.0
351,gnonto,11,3,0.0,0,0,0,0,0,0,0,0,0,0,0,0,0,0,0.0,0.0,0.0,0.0,0.0,0.0,0.0,0.0,0.0
352,harrison,11,3,2.4,81,2068,24,1,3,0,0,7,27,0,291,0,0,0,1.18,3.54,3.12,31.23,6.66,0.15,0.14,1.36,0.29
353,james,11,3,0.0,0,0,0,0,0,0,0,0,0,0,0,0,0,0,0.0,0.0,0.0,0.0,0.0,0.0,0.0,0.0,0.0
354,ampadu,11,3,0.0,0,0,0,0,0,0,0,0,0,0,0,0,0,0,0.0,0.0,0.0,0.0,0.0,0.0,0.0,0.0,0.0
355,greenwood,11,3,0.0,0,0,0,0,0,0,0,0,0,0,0,0,0,0,0.0,0.0,0.0,0.0,0.0,0.0,0.0,0.0,0.0
356,gruev,11,3,0.0,0,0,0,0,0,0,0,0,0,0,0,0,0,0,0.0,0.0,0.0,0.0,0.0,0.0,0.0,0.0,0.0
357,ramazani,11,3,0.0,0,0,0,0,0,0,0,0,0,0,0,0,0,0,0.0,0.0,0.0,0.0,0.0,0.0,0.0,0.0,0.0
358,tanaka,11,3,0.0,0,0,0,0,0,0,0,0,0,0,0,0,0,0,0.0,0.0,0.0,0.0,0.0,0.0,0.0,0.0,0.0
359,crew,11,3,0.0,0,0,0,0,0,0,0,0,0,0,0,0,0,0,0.0,0.0,0.0,0.0,0.0,0.0,0.0,0.0,0.0
360,gelhardt,11,3,0.0,0,0,0,0,0,0,0,0,0,0,0,0,0,0,0.0,0.0,0.0,0.0,0.0,0.0,0.0,0.0,0.0
361,gyabi,11,3,0.0,0,0,0,0,0,0,0,0,0,0,0,0,0,0,0.0,0.0,0.0,0.0,0.0,0.0,0.0,0.0,0.0
362,piroe,11,4,0.0,0,0,0,0,0,0,0,0,0,0,0,0,0,0,0.0,0.0,0.0,0.0,0.0,0.0,0.0,0.0,0.0
363,bamford,11,4,0.0,0,0,0,0,0,0,0,0,0,0,0,0,0,0,0.0,0.0,0.0,0.0,0.0,0.0,0.0,0.0,0.0
364,mateo joseph,11,4,0.0,0,0,0,0,0,0,0,0,0,0,0,0,0,0,0.0,0.0,0.0,0.0,0.0,0.0,0.0,0.0,0.0
365,nmecha,11,4,0.0,0,0,0,0,0,0,0,0,0,0,0,0,0,0,0.0,0.0,0.0,0.0,0.0,0.0,0.0,0.0,0.0
493,longstaff,11,3,1.4,34,783,8,0,1,2,0,2,11,0,131,0,0,0,1.26,0.6,0.22,11.32,0.82,0.07,0.03,1.3,0.1
660,stach,11,3,0.0,0,0,0,0,0,0,0,0,0,0,0,0,0,0,0.0,0.0,0.0,0.0,0.0,0.0,0.0,0.0,0.0
665,perri,11,1,0.0,0,0,0,0,0,0,0,0,0,0,0,0,0,0,0.0,0.0,0.0,0.0,0.0,0.0,0.0,0.0,0.0
366,abecker,12,1,4.0,112,2508,28,0,0,0,0,10,29,78,451,0,0,0,1.04,0.0,0.2,27.1,0.2,0.0,0.01,0.97,0.01
367,mamardashvili,12,1,0.0,0,0,0,0,0,0,0,0,0,0,0,0,0,0,0.0,0.0,0.0,0.0,0.0,0.0,0.0,0.0,0.0
368,pecsi,12,1,0.0,0,0,0,0,0,0,0,0,0,0,0,0,0,0,0.0,0.0,0.0,0.0,0.0,0.0,0.0,0.0,0.0
369,woodman,12,1,0.0,0,0,0,0,0,0,0,0,0,0,0,0,0,0,0.0,0.0,0.0,0.0,0.0,0.0,0.0,0.0,0.0
370,frimpong,12,2,0.0,0,0,0,0,0,0,0,0,0,0,0,0,0,0,0.0,0.0,0.0,0.0,0.0,0.0,0.0,0.0,0.0
371,kerkez,12,2,3.5,134,3336,38,2,6,4,0,9,45,0,550,0,0,0,1.21,0.6,2.57,48.69,3.17,0.02,0.07,1.31,0.09
372,robertson,12,2,2.8,91,2479,29,0,1,3,1,10,32,0,397,0,0,1,1.16,1.12,4.27,26.9,5.39,0.04,0.16,0.98,0.2
373,virgil,12,2,3.9,143,3330,37,3,1,5,0,14,38,0,631,0,0,0,1.03,2.22,0.98,36.13,3.2,0.06,0.03,0.98,0.09
374,konate,12,2,3.4,106,2561,30,1,2,5,0,11,28,0,487,0,0,0,0.98,1.8,0.91,26.67,2.71,0.06,0.03,0.94,0.09
375,bradley,12,2,2.2,41,744,7,0,2,4,0,3,10,0,160,0,0,0,1.21,0.7,1.43,12.4,2.13,0.08,0.17,1.5,0.25
376,gomez,12,2,1.6,14,517,6,0,0,1,0,1,8,0,83,0,0,0,1.39,0.33,0.09,5.38,0.42,0.06,0.02,0.94,0.08
377,tsimikas,12,2,2.4,43,829,9,0,1,2,0,4,8,0,217,0,0,0,0.87,0.39,2.32,9.03,2.71,0.04,0.25,0.98,0.29
378,nallo,12,2,0.0,0,0,0,0,0,0,0,0,0,0,0,0,0,0,0.0,0.0,0.0,0.0,0.0,0.0,0.0,0.0,0.0
379,rwilliams,12,2,0.0,0,0,0,0,0,0,0,0,0,0,0,0,0,0,0.0,0.0,0.0,0.0,0.0,0.0,0.0,0.0,0.0
380,ramsay,12,2,0.0,0,0,0,0,0,0,0,0,0,0,0,0,0,0,0.0,0.0,0.0,0.0,0.0,0.0,0.0,0.0,0.0
381,msalah,12,3,9.1,344,3374,38,29,18,1,0,15,40,0,1133,0,0,0,1.07,24.7,8.99,37.83,33.69,0.66,0.24,1.01,0.9
382,wirtz,12,3,0.0,0,0,0,0,0,0,0,0,0,0,0,0,0,0,0.0,0.0,0.0,0.0,0.0,0.0,0.0,0.0,0.0
383,luis diaz,12,3,5.1,183,2393,28,13,7,2,0,15,21,0,634,0,0,0,0.79,11.9,4.34,24.44,16.24,0.45,0.16,0.92,0.61
384,gakpo,12,3,3.6,127,1921,23,10,5,5,0,5,25,0,572,0,0,0,1.17,7.12,3.76,21.51,10.87,0.33,0.18,1.01,0.51
385,chiesa,12,3,1.2,7,103,1,0,0,0,0,0,3,0,16,0,0,0,2.62,0.34,0.15,2.8,0.49,0.3,0.13,2.45,0.43
386,mac allister,12,3,3.5,122,2597,30,5,6,6,0,14,24,0,578,0,0,0,0.83,2.89,5.57,24.21,8.46,0.1,0.19,0.84,0.29
387,szoboszlai,12,3,4.0,143,2485,29,6,10,6,0,12,29,0,605,0,0,0,1.05,6.94,6.06,26.78,13.0,0.25,0.22,0.97,0.47
388,cjones,12,3,2.6,87,1702,19,3,5,1,1,6,27,0,396,0,0,0,1.43,4.34,1.46,23.35,5.8,0.23,0.08,1.23,0.31
389,elliott,12,3,1.8,33,359,2,1,2,1,0,0,6,0,120,0,0,0,1.5,1.78,0.64,6.14,2.42,0.45,0.16,1.54,0.61
390,gravenberch,12,3,2.5,92,3160,37,0,4,5,1,14,35,0,568,0,0,0,1.0,1.13,3.5,33.06,4.63,0.03,0.1,0.94,0.13
391,doak,12,3,0.0,0,0,0,0,0,0,0,0,0,0,0,0,0,0,0.0,0.0,0.0,0.0,0.0,0.0,0.0,0.0,0.0
392,endo,12,3,1.1,21,259,1,0,0,0,0,0,5,0,82,0,0,0,1.74,0.0,0.09,4.25,0.09,0.0,0.03,1.48,0.03
393,bajcetic,12,3,0.0,0,0,0,0,0,0,0,0,0,0,0,0,0,0,0.0,0.0,0.0,0.0,0.0,0.0,0.0,0.0,0.0
394,mcconnell,12,3,0.0,0,0,0,0,0,0,0,0,0,0,0,0,0,0,0.0,0.0,0.0,0.0,0.0,0.0,0.0,0.0,0.0
395,morton,12,3,0.0,0,0,0,0,0,0,0,0,0,0,0,0,0,0,0.0,0.0,0.0,0.0,0.0,0.0,0.0,0.0,0.0
396,nyoni,12,3,0.0,0,0,0,0,0,0,0,0,0,0,0,0,0,0,0.0,0.0,0.0,0.0,0.0,0.0,0.0,0.0,0.0
397,darwin,12,4,2.2,66,1113,8,5,3,8,0,2,21,0,244,0,0,0,1.7,5.76,0.51,16.85,6.27,0.47,0.04,1.36,0.51
398,danns,12,4,1.0,1,10,0,0,0,0,0,0,1,0,2,0,0,0,9.0,0.0,0.01,0.45,0.01,0.0,0.09,4.05,0.09
661,ekitike,12,4,0.0,0,0,0,0,0,0,0,0,0,0,0,0,0,0,0.0,0.0,0.0,0.0,0.0,0.0,0.0,0.0,0.0
182,trafford,13,1,0.0,0,0,0,0,0,0,0,0,0,0,0,0,0,0,0.0,0.0,0.0,0.0,0.0,0.0,0.0,0.0,0.0
399,ederson m,13,1,4.3,111,2320,26,0,4,4,0,10,26,54,400,0,0,0,1.01,0.0,0.16,29.5,0.16,0.0,0.01,1.14,0.01
400,ortega moreno,13,1,2.7,35,1099,12,0,0,1,0,3,18,33,144,0,0,0,1.47,0.0,0.0,19.12,0.0,0.0,0.0,1.57,0.0
401,bettinelli,13,1,0.0,0,0,0,0,0,0,0,0,0,0,0,0,0,0,0.0,0.0,0.0,0.0,0.0,0.0,0.0,0.0,0.0
402,ait-nouri,13,2,3.4,125,3112,37,4,7,5,1,7,67,0,447,0,0,0,1.94,2.69,3.98,53.27,6.67,0.08,0.12,1.54,0.2
403,gvardiol,13,2,4.1,153,3278,36,5,0,2,0,13,41,0,623,0,0,0,1.13,4.6,2.92,44.27,7.52,0.13,0.08,1.22,0.21
404,akanji,13,2,2.3,61,2012,23,0,0,3,0,6,28,0,307,0,0,0,1.25,1.57,1.3,29.72,2.87,0.07,0.06,1.33,0.13
405,ake,13,2,2.5,25,677,8,0,0,0,0,3,11,0,121,0,0,0,1.46,0.22,0.17,13.44,0.39,0.03,0.02,1.79,0.05
406,khusanov,13,2,2.3,14,503,6,0,0,1,0,2,6,0,78,0,0,1,1.07,0.02,0.09,6.98,0.11,0.0,0.02,1.25,0.02
407,matheus n,13,2,3.1,81,1670,19,1,7,4,0,9,19,0,373,0,0,0,1.02,1.11,3.32,24.87,4.43,0.06,0.18,1.34,0.24
408,ruben,13,2,3.3,90,2269,25,0,0,4,0,11,21,0,410,0,0,1,0.83,1.54,1.2,29.48,2.74,0.06,0.05,1.17,0.11
409,stones,13,2,2.6,29,544,6,2,0,1,0,1,11,0,92,0,0,0,1.82,0.6,0.17,5.95,0.77,0.1,0.03,0.98,0.13
410,lewis,13,2,2.4,66,1888,21,1,2,3,1,5,27,0,285,0,0,0,1.29,1.32,1.01,27.6,2.33,0.06,0.05,1.32,0.11
411,oreilly,13,2,3.4,31,525,6,2,0,0,0,3,3,0,118,0,0,0,0.51,1.28,0.68,5.49,1.96,0.22,0.12,0.94,0.34
412,vitor reis,13,2,1.0,1,1,0,0,0,0,0,0,0,0,4,0,0,0,0.0,0.0,0.0,0.0,0.0,0.0,0.0,0.0,0.0
413,marmoush,13,3,4.6,73,1174,14,7,1,0,0,8,12,0,326,0,0,0,0.92,5.41,1.71,14.48,7.12,0.41,0.13,1.11,0.54
414,foden,13,3,3.8,105,1771,20,7,3,2,0,6,24,0,454,0,0,0,1.22,5.17,5.33,29.11,10.49,0.26,0.27,1.48,0.53
415,savinho,13,3,3.7,106,1760,21,1,11,3,0,8,25,0,442,0,0,0,1.28,5.02,6.1,21.39,11.12,0.26,0.31,1.09,0.57
416,bernardo,13,3,3.3,110,2667,29,4,4,7,0,10,36,0,568,0,0,0,1.21,3.84,4.56,39.68,8.4,0.13,0.15,1.34,0.28
417,cherki,13,3,0.0,0,0,0,0,0,0,0,0,0,0,0,0,0,0,0.0,0.0,0.0,0.0,0.0,0.0,0.0,0.0,0.0
418,doku,13,3,3.0,88,1506,16,3,6,1,0,8,14,0,425,0,0,0,0.84,1.32,3.81,15.18,5.13,0.08,0.23,0.91,0.31
420,gundogan,13,3,2.9,97,2218,25,1,7,1,0,10,28,0,460,0,0,0,1.14,3.21,4.43,35.69,7.63,0.13,0.18,1.45,0.31
421,rodrigo,13,3,1.0,3,72,1,0,0,0,0,0,1,0,21,0,0,0,1.25,0.0,0.09,0.33,0.09,0.0,0.11,0.41,0.11
422,kovacic,13,3,3.5,109,2194,25,6,3,5,1,10,29,0,542,0,0,0,1.19,1.91,3.21,31.5,5.11,0.08,0.13,1.29,0.21
423,ngonzalez,13,3,2.8,31,760,9,1,1,3,0,6,7,0,123,0,0,0,0.83,0.45,0.48,8.99,0.93,0.05,0.06,1.06,0.11
424,bobb,13,3,1.0,3,14,0,0,0,0,0,0,1,0,13,0,0,0,6.43,0.0,0.02,0.47,0.02,0.0,0.13,3.02,0.13
425,echeverri,13,3,1.0,1,5,0,0,0,0,0,0,0,0,2,0,0,0,0.0,0.0,0.01,0.45,0.01,0.0,0.18,8.1,0.18
426,mcatee,13,3,2.1,31,340,3,3,0,1,0,0,6,0,102,0,0,0,1.59,2.8,0.8,5.25,3.6,0.74,0.21,1.39,0.95
427,reijnders,13,3,0.0,0,0,0,0,0,0,0,0,0,0,0,0,0,0,0.0,0.0,0.0,0.0,0.0,0.0,0.0,0.0,0.0
428,nypan,13,3,0.0,0,0,0,0,0,0,0,0,0,0,0,0,0,0,0.0,0.0,0.0,0.0,0.0,0.0,0.0,0.0,0.0
429,phillips,13,3,1.4,27,1231,14,0,0,4,1,1,30,0,167,0,0,0,2.19,0.45,0.46,27.21,0.91,0.03,0.03,1.99,0.06
430,haaland,13,4,5.8,181,2736,31,22,3,2,0,10,38,0,795,0,1,0,1.25,21.9,2.04,41.27,23.94,0.72,0.07,1.36,0.79
119,mbeumo,14,3,6.2,236,3415,38,20,9,3,0,9,55,0,948,0,1,0,1.45,12.52,9.24,55.4,21.75,0.33,0.24,1.46,0.57
431,bayindir,14,1,2.0,8,360,4,0,0,0,0,1,10,8,22,0,0,0,2.5,0.0,0.0,6.93,0.0,0.0,0.0,1.73,0.0
432,onana,14,1,3.5,120,3060,34,0,0,0,0,9,44,90,443,1,0,0,1.29,0.0,0.2,47.79,0.2,0.0,0.01,1.41,0.01
433,harrison,14,1,0.0,0,0,0,0,0,0,0,0,0,0,0,0,0,0,0.0,0.0,0.0,0.0,0.0,0.0,0.0,0.0,0.0
434,heaton,14,1,0.0,0,0,0,0,0,0,0,0,0,0,0,0,0,0,0.0,0.0,0.0,0.0,0.0,0.0,0.0,0.0,0.0
435,mee,14,1,0.0,0,0,0,0,0,0,0,0,0,0,0,0,0,0,0.0,0.0,0.0,0.0,0.0,0.0,0.0,0.0,0.0
436,de ligt,14,2,2.3,68,2119,25,2,0,3,0,4,36,0,312,0,0,0,1.53,2.48,0.25,38.53,2.73,0.11,0.01,1.64,0.12
437,martinez,14,2,3.4,68,1751,20,2,1,7,0,6,27,0,293,0,0,0,1.39,1.33,1.21,30.17,2.54,0.07,0.06,1.55,0.13
438,mazraoui,14,2,2.4,88,2836,34,0,1,3,0,7,43,0,410,0,0,0,1.36,0.69,1.87,46.26,2.56,0.02,0.06,1.47,0.08
439,dleon,14,2,0.0,0,0,0,0,0,0,0,0,0,0,0,0,0,0,0.0,0.0,0.0,0.0,0.0,0.0,0.0,0.0,0.0
440,dalot,14,2,2.9,95,2812,31,0,4,5,0,8,45,0,352,0,0,0,1.44,1.96,2.35,46.95,4.31,0.06,0.08,1.5,0.14
441,dorgu,14,2,1.5,18,840,10,0,0,3,1,2,12,0,108,0,0,0,1.29,0.43,1.27,10.26,1.7,0.05,0.14,1.1,0.19
442,maguire,14,2,1.8,48,1751,19,1,0,7,0,3,27,0,217,0,0,0,1.39,1.82,0.25,26.83,2.07,0.09,0.01,1.38,0.1
443,shaw,14,2,0.7,5,346,4,0,0,1,0,0,5,0,38,0,0,1,1.3,0.03,0.77,3.81,0.8,0.01,0.2,0.99,0.21
444,yoro,14,2,1.0,22,1160,12,0,0,5,0,1,24,0,90,0,0,0,1.86,0.7,0.15,19.35,0.85,0.05,0.01,1.5,0.06
445,amass,14,2,0.8,4,345,4,0,0,0,0,0,9,0,1,0,0,0,2.35,0.07,0.07,6.3,0.14,0.02,0.02,1.64,0.04
446,fredricson,14,2,1.0,2,166,2,0,0,0,0,0,5,0,16,0,0,0,2.71,0.0,0.02,2.94,0.02,0.0,0.01,1.59,0.01
447,heaven,14,2,2.5,10,169,2,0,0,1,0,1,1,0,47,0,0,0,0.53,0.12,0.01,1.69,0.13,0.06,0.01,0.9,0.07
448,malacia,14,2,0.7,2,99,2,0,0,1,0,0,1,0,2,0,0,0,0.91,0.0,0.02,0.78,0.02,0.0,0.02,0.71,0.02
449,bfernandes,14,3,4.8,174,3017,35,8,12,3,2,10,47,0,810,0,0,0,1.4,9.93,7.89,45.85,17.82,0.3,0.24,1.37,0.54
450,cunha,14,3,5.4,178,2596,29,15,7,4,0,7,54,0,838,0,0,0,1.87,8.73,5.29,44.53,14.02,0.3,0.18,1.54,0.48
451,rashford,14,3,3.8,95,1414,16,6,4,2,0,7,15,0,333,0,0,0,0.95,4.67,3.43,21.68,8.1,0.3,0.22,1.38,0.52
452,amad,14,3,5.0,129,1898,20,8,8,5,0,7,30,0,569,0,0,0,1.42,4.71,3.98,31.71,8.69,0.22,0.19,1.5,0.41
453,garnacho,14,3,2.9,106,2188,23,6,4,3,0,5,36,0,370,0,0,0,1.48,7.4,2.76,35.43,10.16,0.3,0.11,1.46,0.41
454,antony,14,3,1.0,8,135,0,0,0,0,0,0,2,0,37,0,0,0,1.33,0.6,0.21,2.05,0.81,0.4,0.14,1.37,0.54
455,mount,14,3,1.5,25,613,8,1,0,3,0,3,11,0,74,0,0,0,1.62,3.37,0.57,8.24,3.94,0.49,0.08,1.21,0.57
456,sancho,14,3,2.8,86,1754,19,3,5,2,0,7,24,0,367,0,0,0,1.23,2.13,3.1,23.66,5.23,0.11,0.16,1.21,0.27
457,casemiro,14,3,2.0,48,1489,18,1,0,5,0,6,20,0,300,0,0,0,1.21,1.8,1.99,24.0,3.79,0.11,0.12,1.45,0.23
458,mainoo,14,3,1.7,42,1646,19,0,0,5,0,5,27,0,229,0,0,0,1.48,0.84,1.78,25.23,2.62,0.05,0.1,1.38,0.15
459,ugarte,14,3,1.7,49,1777,22,1,2,11,0,4,33,0,318,0,0,1,1.67,1.0,0.67,29.54,1.67,0.05,0.03,1.5,0.08
460,collyer,14,3,1.0,6,174,0,0,0,0,0,0,2,0,40,0,0,0,1.03,0.08,0.37,3.09,0.45,0.04,0.19,1.6,0.23
461,fitzgerald,14,3,0.0,0,0,0,0,0,0,0,0,0,0,0,0,0,0,0.0,0.0,0.0,0.0,0.0,0.0,0.0,0.0,0.0
462,jfletcher,14,3,0.0,0,0,0,0,0,0,0,0,0,0,0,0,0,0,0.0,0.0,0.0,0.0,0.0,0.0,0.0,0.0,0.0
463,kone,14,3,0.0,0,0,0,0,0,0,0,0,0,0,0,0,0,0,0.0,0.0,0.0,0.0,0.0,0.0,0.0,0.0,0.0
464,moorhouse,14,3,0.0,0,0,0,0,0,0,0,0,0,0,0,0,0,0,0.0,0.0,0.0,0.0,0.0,0.0,0.0,0.0,0.0
465,hojlund,14,4,2.4,78,1998,23,4,1,2,0,6,31,0,246,0,0,0,1.4,5.1,1.14,30.44,6.24,0.23,0.05,1.37,0.28
466,zirkzee,14,4,2.0,64,1385,14,3,2,2,0,3,24,0,216,0,0,0,1.56,4.64,1.04,24.84,5.68,0.3,0.07,1.61,0.37
467,obi,14,4,1.0,7,160,1,0,0,1,0,0,5,0,21,0,0,0,2.81,0.66,0.03,3.7,0.69,0.37,0.02,2.08,0.39
468,wheatley,14,4,0.0,0,0,0,0,0,0,0,0,0,0,0,0,0,0,0.0,0.0,0.0,0.0,0.0,0.0,0.0,0.0,0.0
681,sesko,14,4,0.0,0,0,0,0,0,0,0,0,0,0,0,0,0,0,0.0,0.0,0.0,0.0,0.0,0.0,0.0,0.0,0.0
469,pope,15,1,3.6,102,2520,28,0,0,2,0,8,35,88,384,1,0,0,1.25,0.0,0.0,34.94,0.0,0.0,0.0,1.25,0.0
471,gillespie,15,1,0.0,0,0,0,0,0,0,0,0,0,0,0,0,0,0,0.0,0.0,0.0,0.0,0.0,0.0,0.0,0.0,0.0
472,odysseas,15,1,0.0,0,0,0,0,0,0,0,0,0,0,0,0,0,0,0.0,0.0,0.0,0.0,0.0,0.0,0.0,0.0,0.0
473,hall,15,2,3.8,102,2188,24,0,7,3,0,8,31,0,443,0,0,0,1.28,0.43,3.73,29.73,4.16,0.02,0.15,1.22,0.17
474,schar,15,2,3.5,118,2935,33,4,2,9,1,11,42,0,440,0,0,0,1.29,3.94,1.01,37.26,4.95,0.12,0.03,1.14,0.15
475,botman,15,2,2.2,18,412,6,0,0,1,0,2,4,0,95,0,0,0,0.87,0.59,0.22,5.07,0.81,0.13,0.05,1.11,0.18
476,burn,15,2,3.1,115,3330,37,1,1,11,0,13,45,0,476,0,0,2,1.22,1.97,1.09,45.22,3.06,0.05,0.03,1.22,0.08
477,livramento,15,2,2.8,105,2835,32,0,1,1,0,10,40,0,476,0,0,0,1.27,0.33,2.7,37.83,3.03,0.01,0.09,1.2,0.1
478,trippier,15,2,2.9,72,1299,14,0,3,1,0,6,18,0,287,0,0,0,1.25,0.12,1.44,17.05,1.56,0.01,0.1,1.18,0.11
479,krafth,15,2,1.4,17,334,2,0,0,2,0,1,2,0,55,0,0,0,0.54,0.04,0.04,6.5,0.08,0.01,0.01,1.75,0.02
480,lascelles,15,2,0.0,0,0,0,0,0,0,0,0,0,0,0,0,0,0,0.0,0.0,0.0,0.0,0.0,0.0,0.0,0.0,0.0
481,amurphy,15,2,0.0,0,0,0,0,0,0,0,0,0,0,0,0,0,0,0.0,0.0,0.0,0.0,0.0,0.0,0.0,0.0,0.0
482,ashby,15,2,0.0,0,0,0,0,0,0,0,0,0,0,0,0,0,0,0.0,0.0,0.0,0.0,0.0,0.0,0.0,0.0,0.0
483,pivas,15,2,0.0,0,0,0,0,0,0,0,0,0,0,0,0,0,0,0.0,0.0,0.0,0.0,0.0,0.0,0.0,0.0,0.0
484,targett,15,2,1.0,2,20,0,0,0,0,0,0,0,0,7,0,0,0,0.0,0.0,0.07,0.26,0.07,0.0,0.32,1.17,0.32
485,gordon,15,3,3.6,124,2428,28,6,6,2,0,10,33,0,476,0,1,0,1.22,8.19,4.8,32.62,12.99,0.3,0.18,1.21,0.48
486,elanga,15,3,4.0,153,2496,31,6,11,1,0,12,35,0,535,0,0,0,1.26,4.81,5.12,38.74,9.93,0.17,0.18,1.4,0.35
487,barnes,15,3,3.9,130,1746,17,9,5,0,0,6,23,0,442,0,0,0,1.19,6.45,4.4,24.32,10.85,0.33,0.23,1.25,0.56
488,bruno g,15,3,3.6,135,3273,38,5,6,7,0,13,44,0,661,0,0,0,1.21,4.34,5.32,43.41,9.66,0.12,0.15,1.19,0.27
489,jmurphy,15,3,4.5,159,2356,31,8,13,4,0,11,31,0,601,0,0,0,1.18,5.89,6.14,28.19,12.03,0.22,0.23,1.08,0.45
490,joelinton,15,3,3.4,99,2394,29,4,4,10,0,10,32,0,374,0,0,0,1.2,3.74,2.17,31.79,5.91,0.14,0.08,1.2,0.22
491,tonali,15,3,2.9,106,2625,28,4,2,5,0,11,34,0,536,0,0,0,1.17,4.46,2.77,33.18,7.23,0.15,0.09,1.14,0.24
492,antonito c,15,3,0.0,0,0,0,0,0,0,0,0,0,0,0,0,0,0,0.0,0.0,0.0,0.0,0.0,0.0,0.0,0.0,0.0
494,willock,15,3,1.4,46,1065,11,0,2,4,0,4,16,0,139,0,0,0,1.35,1.65,0.93,15.01,2.58,0.14,0.08,1.27,0.22
495,hayden,15,3,0.0,0,0,0,0,0,0,0,0,0,0,0,0,0,0,0.0,0.0,0.0,0.0,0.0,0.0,0.0,0.0,0.0
496,kuol,15,3,0.0,0,0,0,0,0,0,0,0,0,0,0,0,0,0,0.0,0.0,0.0,0.0,0.0,0.0,0.0,0.0,0.0
497,lmiley,15,3,1.5,21,304,1,1,0,0,0,0,4,0,88,0,0,0,1.18,0.57,0.3,5.68,0.87,0.17,0.09,1.68,0.26
498,white,15,3,0.0,0,0,0,0,0,0,0,0,0,0,0,0,0,0,0.0,0.0,0.0,0.0,0.0,0.0,0.0,0.0,0.0
499,isak,15,4,6.2,211,2758,34,23,6,1,0,12,41,0,848,0,0,0,1.34,20.33,3.59,36.85,23.92,0.66,0.12,1.2,0.78
500,osula,15,4,1.4,19,124,0,1,0,0,0,0,3,0,59,0,0,0,2.18,0.16,0.05,3.18,0.21,0.12,0.04,2.31,0.16
501,neave,15,4,0.0,0,0,0,0,0,0,0,0,0,0,0,0,0,0,0.0,0.0,0.0,0.0,0.0,0.0,0.0,0.0,0.0
674,ramsdale,15,1,0.0,0,0,0,0,0,0,0,0,0,0,0,0,0,0,0.0,0.0,0.0,0.0,0.0,0.0,0.0,0.0,0.0
684,thiaw,15,2,0.0,0,0,0,0,0,0,0,0,0,0,0,0,0,0,0.0,0.0,0.0,0.0,0.0,0.0,0.0,0.0,0.0
502,sels,16,1,3.9,150,3420,38,0,1,4,0,13,46,120,521,0,0,0,1.21,0.0,0.26,50.17,0.26,0.0,0.01,1.32,0.01
503,cmiguel,16,1,0.0,0,0,0,0,0,0,0,0,0,0,0,0,0,0,0.0,0.0,0.0,0.0,0.0,0.0,0.0,0.0,0.0
504,turner,16,1,0.0,0,0,0,0,0,0,0,0,0,0,0,0,0,0,0.0,0.0,0.0,0.0,0.0,0.0,0.0,0.0,0.0
505,milenkovic,16,2,3.9,145,3330,37,5,2,4,0,13,45,0,499,0,0,0,1.22,4.05,0.73,48.95,4.78,0.11,0.02,1.32,0.13
506,murillo,16,2,3.6,130,3188,36,2,0,6,0,12,44,0,541,0,0,0,1.24,1.47,1.15,47.42,2.62,0.04,0.03,1.34,0.07
507,aina,16,2,3.7,128,2996,35,2,1,5,0,12,39,0,483,0,0,0,1.17,0.63,2.25,40.59,2.88,0.02,0.07,1.22,0.09
508,nwilliams,16,2,3.1,109,2588,28,1,3,7,0,10,31,0,435,0,0,0,1.08,2.29,1.54,38.5,3.83,0.08,0.05,1.34,0.13
509,david carmo,16,2,0.0,0,0,0,0,0,0,0,0,0,0,0,0,0,0,0.0,0.0,0.0,0.0,0.0,0.0,0.0,0.0,0.0
510,jair cunha,16,2,0.0,0,0,0,0,0,0,0,0,0,0,0,0,0,0,0.0,0.0,0.0,0.0,0.0,0.0,0.0,0.0,0.0
511,morato,16,2,1.4,36,891,6,0,0,5,0,3,14,0,125,0,0,0,1.41,0.18,0.03,14.21,0.21,0.02,0.0,1.44,0.02
512,orichards,16,2,0.0,0,0,0,0,0,0,0,0,0,0,0,0,0,0,0.0,0.0,0.0,0.0,0.0,0.0,0.0,0.0,0.0
513,abbott,16,2,0.0,0,0,0,0,0,0,0,0,0,0,0,0,0,0,0.0,0.0,0.0,0.0,0.0,0.0,0.0,0.0,0.0
514,boly,16,2,1.0,6,146,1,0,0,1,0,0,1,0,26,0,0,0,0.62,0.07,0.0,2.68,0.07,0.04,0.0,1.65,0.04
515,gibbs-white,16,3,4.5,154,2806,34,7,11,9,1,13,34,0,594,0,0,0,1.09,6.31,4.68,41.21,10.99,0.2,0.15,1.32,0.35
516,hudson-odoi,16,3,3.3,103,2190,25,5,3,2,0,11,23,0,454,0,0,0,0.95,2.52,2.54,27.79,5.06,0.1,0.1,1.14,0.2
517,anderson,16,3,2.9,107,2726,33,2,6,10,0,13,37,0,526,0,0,0,1.22,2.04,3.51,40.36,5.55,0.07,0.12,1.33,0.19
518,jota,16,3,1.7,52,835,5,3,2,5,0,1,16,0,212,0,0,0,1.72,2.13,1.87,12.56,4.0,0.23,0.2,1.35,0.43
519,dominguez,16,3,1.6,54,1954,23,0,1,9,0,7,27,0,292,0,0,0,1.24,1.58,1.58,31.9,3.16,0.07,0.07,1.47,0.14
520,obrien,16,3,0.0,0,0,0,0,0,0,0,0,0,0,0,0,0,0,0.0,0.0,0.0,0.0,0.0,0.0,0.0,0.0,0.0
521,sangare,16,3,1.5,20,584,7,0,1,3,0,2,6,0,107,0,0,0,0.92,0.02,0.21,8.41,0.23,0.0,0.03,1.3,0.03
522,yates,16,3,1.9,67,1901,18,2,2,10,0,6,27,0,306,0,0,0,1.28,2.41,0.47,27.84,2.88,0.11,0.02,1.32,0.13
523,da silva moreira,16,3,1.0,2,28,0,0,0,0,0,0,0,0,9,0,0,0,0.0,0.0,0.0,0.31,0.0,0.0,0.0,1.0,0.0
524,stamenic,16,3,0.0,0,0,0,0,0,0,0,0,0,0,0,0,0,0,0.0,0.0,0.0,0.0,0.0,0.0,0.0,0.0,0.0
525,wood,16,4,5.6,200,2958,35,20,3,1,0,15,37,0,744,0,0,0,1.13,13.42,1.59,40.64,15.01,0.41,0.05,1.24,0.46
526,igor jesus,16,4,0.0,0,0,0,0,0,0,0,0,0,0,0,0,0,0,0.0,0.0,0.0,0.0,0.0,0.0,0.0,0.0,0.0
527,awoniyi,16,4,1.2,32,398,3,1,0,0,0,1,10,0,89,0,0,0,2.26,2.15,0.12,6.65,2.27,0.49,0.03,1.5,0.52
669,ndoye,16,3,0.0,0,0,0,0,0,0,0,0,0,0,0,0,0,0,0.0,0.0,0.0,0.0,0.0,0.0,0.0,0.0,0.0
675,gunn,16,1,0.0,0,0,0,0,0,0,0,0,0,0,0,0,0,0,0.0,0.0,0.0,0.0,0.0,0.0,0.0,0.0,0.0
252,marc guiu,17,4,1.0,3,71,0,0,0,0,0,0,2,0,11,0,0,0,2.54,0.0,0.02,1.46,0.02,0.0,0.03,1.85,0.03
528,patterson,17,1,0.0,0,0,0,0,0,0,0,0,0,0,0,0,0,0,0.0,0.0,0.0,0.0,0.0,0.0,0.0,0.0,0.0
529,moore,17,1,0.0,0,0,0,0,0,0,0,0,0,0,0,0,0,0,0.0,0.0,0.0,0.0,0.0,0.0,0.0,0.0,0.0
530,nna noukeu,17,1,0.0,0,0,0,0,0,0,0,0,0,0,0,0,0,0,0.0,0.0,0.0,0.0,0.0,0.0,0.0,0.0,0.0
531,ballard,17,2,0.0,0,0,0,0,0,0,0,0,0,0,0,0,0,0,0.0,0.0,0.0,0.0,0.0,0.0,0.0,0.0,0.0
532,hume,17,2,0.0,0,0,0,0,0,0,0,0,0,0,0,0,0,0,0.0,0.0,0.0,0.0,0.0,0.0,0.0,0.0,0.0
533,alese,17,2,0.0,0,0,0,0,0,0,0,0,0,0,0,0,0,0,0.0,0.0,0.0,0.0,0.0,0.0,0.0,0.0,0.0
534,anderson,17,2,0.0,0,0,0,0,0,0,0,0,0,0,0,0,0,0,0.0,0.0,0.0,0.0,0.0,0.0,0.0,0.0,0.0
535,cirkin,17,2,0.0,0,0,0,0,0,0,0,0,0,0,0,0,0,0,0.0,0.0,0.0,0.0,0.0,0.0,0.0,0.0,0.0
536,hjelde,17,2,0.0,0,0,0,0,0,0,0,0,0,0,0,0,0,0,0.0,0.0,0.0,0.0,0.0,0.0,0.0,0.0,0.0
537,huggins,17,2,0.0,0,0,0,0,0,0,0,0,0,0,0,0,0,0,0.0,0.0,0.0,0.0,0.0,0.0,0.0,0.0,0.0
538,johnson,17,2,0.0,0,0,0,0,0,0,0,0,0,0,0,0,0,0,0.0,0.0,0.0,0.0,0.0,0.0,0.0,0.0,0.0
539,onien,17,2,0.0,0,0,0,0,0,0,0,0,0,0,0,0,0,0,0.0,0.0,0.0,0.0,0.0,0.0,0.0,0.0,0.0
540,pembele,17,2,0.0,0,0,0,0,0,0,0,0,0,0,0,0,0,0,0.0,0.0,0.0,0.0,0.0,0.0,0.0,0.0,0.0
541,reinildo,17,2,0.0,0,0,0,0,0,0,0,0,0,0,0,0,0,0,0.0,0.0,0.0,0.0,0.0,0.0,0.0,0.0,0.0
542,seelt,17,2,0.0,0,0,0,0,0,0,0,0,0,0,0,0,0,0,0.0,0.0,0.0,0.0,0.0,0.0,0.0,0.0,0.0
543,adingra,17,3,2.1,60,1081,12,2,3,0,0,2,23,0,207,0,0,0,1.91,2.47,2.73,18.94,5.2,0.21,0.23,1.58,0.44
544,diarra,17,3,0.0,0,0,0,0,0,0,0,0,0,0,0,0,0,0,0.0,0.0,0.0,0.0,0.0,0.0,0.0,0.0,0.0
545,roberts,17,3,0.0,0,0,0,0,0,0,0,0,0,0,0,0,0,0,0.0,0.0,0.0,0.0,0.0,0.0,0.0,0.0,0.0
546,aleksic,17,3,0.0,0,0,0,0,0,0,0,0,0,0,0,0,0,0,0.0,0.0,0.0,0.0,0.0,0.0,0.0,0.0,0.0
547,ele fee,17,3,0.0,0,0,0,0,0,0,0,0,0,0,0,0,0,0,0.0,0.0,0.0,0.0,0.0,0.0,0.0,0.0,0.0
548,mundle,17,3,0.0,0,0,0,0,0,0,0,0,0,0,0,0,0,0,0.0,0.0,0.0,0.0,0.0,0.0,0.0,0.0,0.0
549,neil,17,3,0.0,0,0,0,0,0,0,0,0,0,0,0,0,0,0,0.0,0.0,0.0,0.0,0.0,0.0,0.0,0.0,0.0
550,poveda,17,3,0.0,0,0,0,0,0,0,0,0,0,0,0,0,0,0,0.0,0.0,0.0,0.0,0.0,0.0,0.0,0.0,0.0
551,rigg,17,3,0.0,0,0,0,0,0,0,0,0,0,0,0,0,0,0,0.0,0.0,0.0,0.0,0.0,0.0,0.0,0.0,0.0
552,sadiki,17,3,0.0,0,0,0,0,0,0,0,0,0,0,0,0,0,0,0.0,0.0,0.0,0.0,0.0,0.0,0.0,0.0,0.0
553,talbi,17,3,0.0,0,0,0,0,0,0,0,0,0,0,0,0,0,0,0.0,0.0,0.0,0.0,0.0,0.0,0.0,0.0,0.0
554,ba,17,3,0.0,0,0,0,0,0,0,0,0,0,0,0,0,0,0,0.0,0.0,0.0,0.0,0.0,0.0,0.0,0.0,0.0
555,browne,17,3,0.0,0,0,0,0,0,0,0,0,0,0,0,0,0,0,0.0,0.0,0.0,0.0,0.0,0.0,0.0,0.0,0.0
556,ekwah,17,3,0.0,0,0,0,0,0,0,0,0,0,0,0,0,0,0,0.0,0.0,0.0,0.0,0.0,0.0,0.0,0.0,0.0
557,hjones,17,3,0.0,0,0,0,0,0,0,0,0,0,0,0,0,0,0,0.0,0.0,0.0,0.0,0.0,0.0,0.0,0.0,0.0
558,matete,17,3,0.0,0,0,0,0,0,0,0,0,0,0,0,0,0,0,0.0,0.0,0.0,0.0,0.0,0.0,0.0,0.0,0.0
559,triantis,17,3,0.0,0,0,0,0,0,0,0,0,0,0,0,0,0,0,0.0,0.0,0.0,0.0,0.0,0.0,0.0,0.0,0.0
560,isidor,17,4,0.0,0,0,0,0,0,0,0,0,0,0,0,0,0,0,0.0,0.0,0.0,0.0,0.0,0.0,0.0,0.0,0.0
561,mayenda,17,4,0.0,0,0,0,0,0,0,0,0,0,0,0,0,0,0,0.0,0.0,0.0,0.0,0.0,0.0,0.0,0.0,0.0
562,abdullahi,17,4,0.0,0,0,0,0,0,0,0,0,0,0,0,0,0,0,0.0,0.0,0.0,0.0,0.0,0.0,0.0,0.0,0.0
563,luis hemir,17,4,0.0,0,0,0,0,0,0,0,0,0,0,0,0,0,0,0.0,0.0,0.0,0.0,0.0,0.0,0.0,0.0,0.0
564,rusyn,17,4,0.0,0,0,0,0,0,0,0,0,0,0,0,0,0,0,0.0,0.0,0.0,0.0,0.0,0.0,0.0,0.0,0.0
668,xhaka,17,3,0.0,0,0,0,0,0,0,0,0,0,0,0,0,0,0,0.0,0.0,0.0,0.0,0.0,0.0,0.0,0.0,0.0
670,roefs,17,1,0.0,0,0,0,0,0,0,0,0,0,0,0,0,0,0,0.0,0.0,0.0,0.0,0.0,0.0,0.0,0.0,0.0
678,masuaku,17,2,0.0,0,0,0,0,0,0,0,0,0,0,0,0,0,0,0.0,0.0,0.0,0.0,0.0,0.0,0.0,0.0,0.0
683,alderete,17,2,0.0,0,0,0,0,0,0,0,0,0,0,0,0,0,0,0.0,0.0,0.0,0.0,0.0,0.0,0.0,0.0,0.0
565,vicario,18,1,2.8,66,2160,24,0,0,1,0,4,37,68,293,0,0,0,1.54,0.0,0.0,33.6,0.0,0.0,0.0,1.4,0.0
566,austin,18,1,1.0,1,90,1,0,0,0,0,0,2,2,7,0,0,0,2.0,0.0,0.0,2.53,0.0,0.0,0.0,2.53,0.0
567,kinsky,18,1,2.8,17,540,6,0,0,0,0,1,11,24,86,0,0,0,1.83,0.0,0.01,11.8,0.01,0.0,0.0,1.97,0.0
568,pedro porro,18,2,3.0,98,2606,28,2,6,5,0,6,47,0,456,0,0,0,1.62,1.63,4.71,49.37,6.34,0.06,0.16,1.71,0.22
569,romero,18,2,2.7,49,1416,18,1,1,3,0,3,22,0,245,0,0,0,1.4,1.52,0.81,19.31,2.33,0.1,0.05,1.23,0.15
570,danso,18,2,1.6,16,842,9,0,0,0,0,1,18,0,104,0,0,0,1.92,0.4,0.12,17.19,0.52,0.04,0.01,1.84,0.05
571,davies,18,2,1.6,28,1329,14,0,0,5,0,3,26,0,154,0,0,0,1.76,0.27,0.5,25.79,0.77,0.02,0.03,1.75,0.05
572,dragusin,18,2,1.5,24,1250,14,0,0,1,0,2,29,0,96,0,0,0,2.09,0.13,0.16,28.59,0.29,0.01,0.01,2.06,0.02
573,spence,18,2,2.0,51,1790,19,1,2,2,1,3,39,0,216,0,0,1,1.96,0.58,1.41,34.79,1.99,0.03,0.07,1.75,0.1
574,udogie,18,2,1.7,43,1923,24,0,1,2,0,2,35,0,233,0,0,1,1.64,0.31,1.22,33.28,1.53,0.01,0.06,1.56,0.07
575,van de ven,18,2,2.5,32,1014,12,0,2,4,0,2,17,0,139,0,0,0,1.51,0.54,0.7,13.28,1.24,0.05,0.06,1.18,0.11
576,phillips,18,2,0.0,0,0,0,0,0,0,0,0,0,0,0,0,0,0,0.0,0.0,0.0,0.0,0.0,0.0,0.0,0.0,0.0
577,takai,18,2,0.0,0,0,0,0,0,0,0,0,0,0,0,0,0,0,0.0,0.0,0.0,0.0,0.0,0.0,0.0,0.0,0.0
578,vuskovic,18,2,0.0,0,0,0,0,0,0,0,0,0,0,0,0,0,0,0.0,0.0,0.0,0.0,0.0,0.0,0.0,0.0,0.0
579,son,18,3,4.3,129,2106,24,7,10,1,0,4,35,0,543,0,1,0,1.5,7.25,4.97,37.99,12.22,0.31,0.21,1.62,0.52
580,johnson,18,3,4.2,137,2171,24,11,6,5,0,2,38,0,461,0,0,0,1.58,10.75,1.99,38.88,12.74,0.45,0.08,1.61,0.53
581,maddison,18,3,4.3,133,1799,21,9,8,6,0,6,32,0,592,0,0,0,1.6,5.54,5.92,32.39,11.46,0.28,0.3,1.62,0.58
582,kudus,18,3,3.3,106,2589,31,5,4,2,1,7,46,0,373,0,0,0,1.6,6.97,2.67,43.46,9.64,0.24,0.09,1.51,0.33
583,kulusevski,18,3,3.7,117,2386,27,7,4,3,0,6,41,0,426,0,0,0,1.55,4.06,4.03,42.39,8.09,0.15,0.15,1.6,0.3
584,tel,18,3,3.2,42,908,11,2,2,2,0,2,20,0,151,0,0,0,1.98,2.96,1.55,17.39,4.51,0.29,0.15,1.72,0.44
585,bentancur,18,3,1.9,49,1640,21,2,0,9,0,3,26,0,293,0,0,0,1.43,1.36,1.02,26.87,2.38,0.07,0.06,1.47,0.13
586,bergvall,18,3,1.6,44,1200,11,0,2,3,0,3,25,0,216,0,0,0,1.88,0.71,0.82,24.33,1.53,0.05,0.06,1.82,0.11
587,bissouma,18,3,1.8,50,1396,16,2,0,7,0,3,28,0,258,0,0,0,1.81,0.64,0.48,26.38,1.12,0.04,0.03,1.7,0.07
588,odobert,18,3,2.1,34,843,9,1,0,0,0,1,20,0,92,0,0,0,2.14,1.63,0.76,16.29,2.39,0.17,0.08,1.74,0.25
589,solomon,18,3,0.0,0,0,0,0,0,0,0,0,0,0,0,0,0,0,0.0,0.0,0.0,0.0,0.0,0.0,0.0,0.0,0.0
590,bryan,18,3,0.0,0,0,0,0,0,0,0,0,0,0,0,0,0,0,0.0,0.0,0.0,0.0,0.0,0.0,0.0,0.0,0.0
591,gray,18,3,1.6,45,1750,19,0,0,1,0,2,41,0,253,0,0,1,2.11,0.03,0.19,37.33,0.22,0.0,0.01,1.92,0.01
592,moore,18,3,1.9,19,359,3,0,2,0,0,0,5,0,51,0,0,0,1.25,0.2,0.56,6.87,0.76,0.05,0.14,1.72,0.19
593,pmsarr,18,3,2.0,71,1901,22,3,2,6,0,2,38,0,365,0,0,0,1.8,3.72,0.78,36.38,4.5,0.18,0.04,1.72,0.22
594,min-hyeok,18,3,0.0,0,0,0,0,0,0,0,0,0,0,0,0,0,0,0.0,0.0,0.0,0.0,0.0,0.0,0.0,0.0,0.0
595,olusesi,18,3,0.0,0,0,0,0,0,0,0,0,0,0,0,0,0,0,0.0,0.0,0.0,0.0,0.0,0.0,0.0,0.0,0.0
596,solanke,18,4,4.0,108,2199,25,9,5,0,0,4,43,0,404,0,0,1,1.76,10.89,1.13,40.14,12.02,0.45,0.05,1.64,0.5
597,richarlison,18,4,2.3,35,497,4,4,1,2,0,1,9,0,138,0,0,0,1.63,3.71,0.6,7.29,4.31,0.67,0.11,1.32,0.78
598,lankshear,18,4,1.0,3,10,0,0,0,0,0,0,0,0,7,0,0,0,0.0,0.0,0.0,0.02,0.0,0.0,0.0,0.18,0.0
599,scarlett,18,4,2.0,6,31,0,0,1,0,0,0,1,0,20,0,0,0,2.9,0.04,0.0,0.83,0.04,0.12,0.0,2.41,0.12
673,jpalhinha,18,3,0.0,0,0,0,0,0,0,0,0,0,0,0,0,0,0,0.0,0.0,0.0,0.0,0.0,0.0,0.0,0.0,0.0
600,areola,19,1,2.7,69,2259,25,0,0,0,0,4,41,82,261,0,0,1,1.63,0.0,0.0,37.78,0.0,0.0,0.0,1.51,0.0
601,foderingham,19,1,0.0,0,0,0,0,0,0,0,0,0,0,0,0,0,0,0.0,0.0,0.0,0.0,0.0,0.0,0.0,0.0,0.0
602,hegyi,19,1,0.0,0,0,0,0,0,0,0,0,0,0,0,0,0,0,0.0,0.0,0.0,0.0,0.0,0.0,0.0,0.0,0.0
603,diouf,19,2,0.0,0,0,0,0,0,0,0,0,0,0,0,0,0,0,0.0,0.0,0.0,0.0,0.0,0.0,0.0,0.0,0.0
604,emerson,19,2,2.5,76,2108,26,2,1,5,0,5,41,0,219,0,0,0,1.75,1.95,2.19,37.51,4.14,0.08,0.09,1.6,0.17
605,kilman,19,2,2.2,82,3348,38,0,1,5,0,6,62,0,395,0,0,0,1.67,1.55,1.19,59.71,2.74,0.04,0.03,1.61,0.07
606,mavropanos,19,2,1.4,45,2035,21,0,0,4,1,2,39,0,234,0,0,0,1.72,1.61,0.39,37.11,2.0,0.07,0.02,1.64,0.09
607,naguerd,19,2,0.0,0,0,0,0,0,0,0,0,0,0,0,0,0,0,0.0,0.0,0.0,0.0,0.0,0.0,0.0,0.0,0.0
608,scarles,19,2,1.9,29,659,7,0,0,1,0,2,9,0,98,0,0,0,1.23,0.11,0.18,10.12,0.29,0.02,0.02,1.38,0.04
609,todibo,19,2,2.0,54,1824,20,0,0,3,0,5,33,0,233,0,0,0,1.63,0.36,0.06,29.86,0.42,0.02,0.0,1.47,0.02
610,wan-bissaka,19,2,3.3,118,3154,35,2,6,1,0,6,59,0,496,0,0,1,1.68,1.18,2.75,56.95,3.93,0.03,0.08,1.63,0.11
611,casey,19,2,1.0,1,1,0,0,0,0,0,0,0,0,3,0,0,0,0.0,0.0,0.0,0.09,0.0,0.0,0.0,8.1,0.0
612,lpaqueta,19,3,2.4,80,2374,27,4,1,10,0,4,50,0,375,0,0,0,1.9,5.36,3.36,43.32,8.72,0.2,0.13,1.64,0.33
613,soucek,19,3,3.6,126,2563,30,9,2,8,0,7,44,0,442,0,0,0,1.55,6.6,1.27,44.29,7.87,0.23,0.04,1.56,0.27
614,ward-prowse,19,3,2.1,51,1433,17,1,2,2,1,5,18,0,293,0,0,0,1.13,1.59,2.68,19.29,4.27,0.1,0.17,1.21,0.27
615,summerville,19,3,1.7,33,776,7,1,1,2,0,2,20,0,129,0,0,0,2.32,1.61,1.71,17.58,3.32,0.19,0.2,2.04,0.39
616,alvarez,19,3,1.4,40,1769,20,0,1,7,1,3,31,0,221,0,0,0,1.58,0.39,0.89,30.15,1.28,0.02,0.05,1.53,0.07
617,cornet,19,3,0.5,1,71,1,0,0,1,0,0,4,0,12,0,0,0,5.07,0.16,0.0,1.79,0.16,0.2,0.0,2.27,0.2
618,grodriguez,19,3,1.6,36,1147,16,0,1,6,0,4,19,0,193,0,0,0,1.49,0.22,0.17,20.67,0.39,0.02,0.01,1.62,0.03
619,lguilherme,19,3,1.0,12,139,1,0,0,0,0,0,5,0,47,0,0,0,3.24,0.42,0.13,2.61,0.55,0.27,0.08,1.69,0.35
620,earthy,19,3,0.0,0,0,0,0,0,0,0,0,0,0,0,0,0,0,0.0,0.0,0.0,0.0,0.0,0.0,0.0,0.0,0.0
621,irving,19,3,0.9,9,161,1,0,0,2,0,0,4,0,38,0,0,0,2.24,0.13,0.12,4.48,0.25,0.07,0.07,2.5,0.14
622,orford,19,3,1.0,2,47,0,0,0,0,0,0,1,0,13,0,0,0,1.91,0.03,0.04,1.23,0.07,0.06,0.08,2.36,0.14
623,potts,19,3,0.0,0,0,0,0,0,0,0,0,0,0,0,0,0,0,0.0,0.0,0.0,0.0,0.0,0.0,0.0,0.0,0.0
624,bowen,19,4,5.7,193,2974,34,13,11,1,0,8,50,0,678,0,0,0,1.51,8.6,6.47,51.12,15.07,0.26,0.2,1.55,0.46
625,fullkrug,19,4,2.3,42,783,6,3,2,2,0,2,18,0,152,0,0,0,2.07,2.14,0.47,14.22,2.61,0.25,0.05,1.63,0.3
626,marshall,19,4,0.0,0,0,0,0,0,0,0,0,0,0,0,0,0,0,0.0,0.0,0.0,0.0,0.0,0.0,0.0,0.0,0.0
659,walker-peters,19,2,0.0,0,0,0,0,0,0,0,0,0,0,0,0,0,0,0.0,0.0,0.0,0.0,0.0,0.0,0.0,0.0,0.0
671,wilson,19,4,0.0,0,0,0,0,0,0,0,0,0,0,0,0,0,0,0.0,0.0,0.0,0.0,0.0,0.0,0.0,0.0,0.0
679,hermansen,19,1,0.0,0,0,0,0,0,0,0,0,0,0,0,0,0,0,0.0,0.0,0.0,0.0,0.0,0.0,0.0,0.0,0.0
627,johnstone,20,1,1.7,12,630,7,0,0,0,0,0,17,23,42,0,0,0,2.43,0.0,0.0,12.98,0.0,0.0,0.0,1.85,0.0
628,jose sa,20,1,3.2,93,2610,29,0,0,2,0,7,48,71,305,2,0,0,1.66,0.0,0.01,42.22,0.01,0.0,0.0,1.46,0.0
629,bentley,20,1,4.5,9,180,2,0,0,0,0,1,4,8,29,0,0,0,2.0,0.0,0.0,3.01,0.0,0.0,0.0,1.5,0.0
630,king,20,1,1.0,1,1,0,0,0,0,0,0,0,0,3,0,0,0,0.0,0.0,0.0,0.14,0.0,0.0,0.0,12.6,0.0
631,agbadou,20,2,2.8,45,1410,16,1,0,3,0,4,22,0,223,0,0,0,1.4,0.9,0.32,23.12,1.22,0.06,0.02,1.48,0.08
632,doherty,20,2,2.5,75,2105,25,2,1,6,0,6,38,0,307,0,0,1,1.62,1.12,1.24,32.68,2.36,0.05,0.05,1.4,0.1
633,hbueno,20,2,0.0,0,0,0,0,0,0,0,0,0,0,0,0,0,0,0.0,0.0,0.0,0.0,0.0,0.0,0.0,0.0,0.0
634,mosquera,20,2,0.6,3,441,5,0,0,2,0,0,12,0,24,0,0,0,2.45,0.33,0.03,5.63,0.36,0.07,0.01,1.15,0.08
635,rgomes,20,2,1.7,42,794,7,2,0,0,0,1,20,0,183,0,0,0,2.27,0.72,0.87,16.09,1.59,0.08,0.1,1.82,0.18
636,sbueno,20,2,1.8,52,1678,18,0,0,2,0,5,34,0,174,0,0,0,1.82,0.45,0.1,29.4,0.55,0.02,0.01,1.58,0.03
637,toti,20,2,2.5,79,2613,30,0,1,7,0,8,45,0,370,0,0,0,1.55,0.73,0.6,41.65,1.33,0.03,0.02,1.43,0.05
638,hoever,20,2,0.0,0,0,0,0,0,0,0,0,0,0,0,0,0,0,0.0,0.0,0.0,0.0,0.0,0.0,0.0,0.0,0.0
639,meupiyou,20,2,0.0,0,0,0,0,0,0,0,0,0,0,0,0,0,0,0.0,0.0,0.0,0.0,0.0,0.0,0.0,0.0,0.0
640,pedro lima,20,2,0.7,2,69,1,0,0,0,0,0,2,0,9,0,0,0,2.61,0.06,0.1,0.77,0.16,0.08,0.13,1.0,0.21
641,pond,20,2,1.0,1,1,0,0,0,0,0,0,0,0,3,0,0,0,0.0,0.0,0.0,0.0,0.0,0.0,0.0,0.0,0.0
642,hee chan,20,3,1.8,37,646,5,2,1,0,0,0,19,0,130,0,0,0,2.65,0.79,0.35,12.57,1.14,0.11,0.05,1.75,0.16
643,andre,20,3,1.8,61,2472,31,0,0,7,0,7,46,0,436,0,0,0,1.67,0.41,0.52,40.79,0.93,0.01,0.02,1.49,0.03
644,bellegarde,20,3,2.6,90,1666,20,2,7,3,0,6,31,0,332,0,0,0,1.67,1.46,2.74,26.55,4.2,0.08,0.15,1.43,0.23
645,fer lopez,20,3,0.0,0,0,0,0,0,0,0,0,0,0,0,0,0,0,0.0,0.0,0.0,0.0,0.0,0.0,0.0,0.0,0.0
646,gomes,20,3,2.4,87,2975,35,3,1,9,1,6,59,0,489,0,0,0,1.78,2.94,2.61,49.5,5.55,0.09,0.08,1.5,0.17
647,guedes,20,3,2.1,62,979,10,2,4,1,0,3,25,0,187,0,0,0,2.3,3.28,0.92,18.83,4.2,0.3,0.08,1.73,0.38
648,munetsi,20,3,3.6,50,1077,12,2,2,0,0,5,11,0,134,0,0,0,0.92,3.32,1.08,14.59,4.39,0.28,0.09,1.22,0.37
649,btraore,20,3,1.0,1,1,0,0,0,0,0,0,0,0,3,0,0,0,0.0,0.0,0.0,0.0,0.0,0.0,0.0,0.0,0.0
650,chirewa,20,3,0.0,0,0,0,0,0,0,0,0,0,0,0,0,0,0,0.0,0.0,0.0,0.0,0.0,0.0,0.0,0.0,0.0
651,edozie,20,3,0.0,0,0,0,0,0,0,0,0,0,0,0,0,0,0,0.0,0.0,0.0,0.0,0.0,0.0,0.0,0.0,0.0
652,gonzalez,20,3,0.0,0,0,0,0,0,0,0,0,0,0,0,0,0,0,0.0,0.0,0.0,0.0,0.0,0.0,0.0,0.0,0.0
653,hodge,20,3,0.0,0,0,0,0,0,0,0,0,0,0,0,0,0,0,0.0,0.0,0.0,0.0,0.0,0.0,0.0,0.0,0.0
654,strand larsen,20,4,4.1,145,2587,30,14,4,4,0,7,52,0,570,0,0,0,1.81,10.14,1.0,43.94,11.14,0.35,0.03,1.53,0.38
655,fabio silva,20,4,0.0,0,0,0,0,0,0,0,0,0,0,0,0,0,0,0.0,0.0,0.0,0.0,0.0,0.0,0.0,0.0,0.0
656,kalajdzic,20,4,0.0,0,0,0,0,0,0,0,0,0,0,0,0,0,0,0.0,0.0,0.0,0.0,0.0,0.0,0.0,0.0,0.0
657,chiwome,20,4,0.0,0,0,0,0,0,0,0,0,0,0,0,0,0,0,0.0,0.0,0.0,0.0,0.0,0.0,0.0,0.0,0.0
658,fraser,20,4,0.0,0,0,0,0,0,0,0,0,0,0,0,0,0,0,0.0,0.0,0.0,0.0,0.0,0.0,0.0,0.0,0.0
663,jarias,20,3,0.0,0,0,0,0,0,0,0,0,0,0,0,0,0,0,0.0,0.0,0.0,0.0,0.0,0.0,0.0,0.0,0.0
682,moller wolfe,20,2,0.0,0,0,0,0,0,0,0,0,0,0,0,0,0,0,0.0,0.0,0.0,0.0,0.0,0.0,0.0,0.0,0.0
