player_id,team_id,opponent_team_id,was_home,player_name,player_number,nation,pos,age,minutes,tackles,tackles_won,tackles_def_3rd,tackles_mid_3rd,tackles_att_3rd,dribblers_tackled,dribblers_challenged,percentage_of_dribblers_tackled,challenges_lost,blocks,shots_blocked,passes_blocked,interceptions,players_tackled_plus_interceptions,clearances,errors,gw
345.0,13,20,True,Kevin De Bruyne,17,be BEL,FW,33-308,83,2,1,1,0,1,1,2,50.0,1,0,0,0,0,2,0,0,35
348.0,13,20,True,Phil Foden,47,eng ENG,FW,24-339,7,0,0,0,0,0,0,0,,0,0,0,0,0,0,0,0,35
346.0,13,20,True,Jeremy Doku,11,be BEL,LW,22-340,90,0,0,0,0,0,0,0,,0,0,0,0,0,0,0,0,35
755.0,13,20,True,Omar Marmoush,7,eg EGY,RW,26-084,82,0,0,0,0,0,0,1,0.0,1,1,0,1,0,0,0,0,35
355.0,13,20,True,Rico Lewis,82,eng ENG,"AM,RW",20-162,8,0,0,0,0,0,0,0,,0,1,0,1,0,0,0,0,35
625.0,13,20,True,İlkay Gündoğan,19,de GER,AM,34-190,83,0,0,0,0,0,0,0,,0,0,0,0,0,0,0,0,35
357.0,13,20,True,James Mcatee,87,eng ENG,RW,22-196,7,0,0,0,0,0,0,0,,0,0,0,0,0,0,0,0,35
354.0,13,20,True,Mateo Kovačić,8,hr CRO,DM,30-361,89,6,2,2,4,0,3,4,75.0,1,1,0,1,0,6,0,0,35
765.0,13,20,True,Nicolás González,14,es ESP,DM,23-119,1,0,0,0,0,0,0,0,,0,0,0,0,1,1,1,0,35
342.0,13,20,True,Bernardo Silva,20,pt POR,DM,30-265,90,3,2,0,2,1,1,3,33.3,2,3,0,3,1,4,5,0,35
607.0,13,20,True,Nico O’Reilly,75,eng ENG,LB,20-042,57,2,0,0,1,1,2,3,66.7,1,3,1,2,1,3,1,0,35
340.0,13,20,True,Manuel Akanji,25,ch SUI,CB,29-287,33,1,1,1,0,0,1,1,100.0,0,0,0,0,0,1,2,0,35
350.0,13,20,True,Joško Gvardiol,24,hr CRO,"CB,LB",23-099,90,0,0,0,0,0,0,0,,0,1,1,0,2,2,2,0,35
361.0,13,20,True,Rúben Dias,3,pt POR,CB,27-353,90,1,1,0,1,0,1,2,50.0,1,0,0,0,0,1,2,0,35
356.0,13,20,True,Matheus Nunes,27,pt POR,RB,26-248,90,4,3,1,3,0,2,3,66.7,1,0,0,0,1,5,5,1,35
347.0,13,20,True,Ederson,31,br BRA,GK,31-258,90,0,0,0,0,0,0,0,,0,0,0,0,0,0,0,0,35
784.0,20,13,False,Matheus Cunha,10,br BRA,"FW,AM",25-340,84,0,0,0,0,0,0,1,0.0,1,0,0,0,1,1,0,0,35
550.0,20,13,False,Hwang Hee-chan,11,kr KOR,AM,29-096,6,0,0,0,0,0,0,0,,0,0,0,0,0,0,0,0,35
535.0,20,13,False,Jean-Ricner Bellegarde,27,fr FRA,AM,26-309,65,4,3,2,2,0,1,1,100.0,0,1,0,1,0,4,2,0,35
563.0,20,13,False,Rodrigo Gomes,19,pt POR,WB,21-299,25,2,1,2,0,0,1,2,50.0,1,0,0,0,0,2,1,0,35
770.0,20,13,False,Marshall Munetsi,5,zw ZIM,"AM,CM",28-314,90,2,1,2,0,0,1,2,50.0,1,3,0,3,1,3,1,0,35
642.0,20,13,False,André,7,br BRA,CM,23-290,79,4,2,3,1,0,0,1,0.0,1,1,0,1,0,4,0,0,35
548.0,20,13,False,Gonçalo Guedes,29,pt POR,FW,28-154,11,0,0,0,0,0,0,0,,0,0,0,0,0,0,0,0,35
553.0,20,13,False,João Gomes,8,br BRA,CM,24-079,90,6,4,4,2,0,4,5,80.0,1,3,1,2,0,6,2,0,35
533.0,20,13,False,Rayan Aït-Nouri,3,dz ALG,WB,23-330,90,1,1,0,1,0,0,1,0.0,1,0,0,0,2,3,1,0,35
559.0,20,13,False,Nélson Semedo,22,pt POR,"WB,CB",31-167,85,3,3,1,2,0,2,4,50.0,2,1,0,1,1,4,2,0,35
564.0,20,13,False,Santiago Bueno,4,uy URU,CB,26-174,5,0,0,0,0,0,0,0,,0,0,0,0,0,0,1,0,35
567.0,20,13,False,Toti Gomes,24,pt POR,CB,26-106,90,2,1,2,0,0,2,2,100.0,0,1,0,1,1,3,4,0,35
720.0,20,13,False,Emmanuel Agbadou,12,ci CIV,CB,27-319,90,2,1,2,0,0,0,0,,0,1,1,0,0,2,4,0,35
543.0,20,13,False,Matt Doherty,2,ie IRL,CB,33-106,64,1,0,1,0,0,1,2,50.0,1,0,0,0,0,1,3,0,35
565.0,20,13,False,Pablo Sarabia,21,es ESP,AM,32-356,26,1,1,0,0,1,0,0,,0,2,0,2,0,1,0,0,35
204.0,20,13,False,José Sá,1,pt POR,GK,32-105,90,0,0,0,0,0,0,0,,0,0,0,0,0,0,0,0,35
58.0,2,9,True,Ollie Watkins,11,eng ENG,FW,29-124,70,0,0,0,0,0,0,0,,0,0,0,0,1,1,1,0,35
725.0,2,9,True,Donyell Malen,17,nl NED,FW,26-114,20,0,0,0,0,0,0,0,,0,0,0,0,0,0,0,0,35
54.0,2,9,True,Morgan Rogers,27,eng ENG,"RW,LW,RM",22-281,90,1,0,0,0,1,1,1,100.0,0,1,0,1,0,1,0,0,35
48.0,2,9,True,John McGinn,7,sct SCO,"RW,LW",30-197,60,0,0,0,0,0,0,1,0.0,1,1,0,1,0,0,2,0,35
233.0,2,9,True,Amadou Onana,24,be BEL,"DM,CM",23-260,30,1,0,0,1,0,0,2,0.0,2,0,0,0,0,1,1,0,35
762.0,2,9,True,Marco Asensio,21,es ESP,AM,29-102,59,0,0,0,0,0,0,1,0.0,1,0,0,0,0,0,0,0,35
53.0,2,9,True,Jacob Ramsey,41,eng ENG,"LW,LM",23-340,31,1,0,0,1,0,0,0,,0,0,0,0,0,1,0,0,35
57.0,2,9,True,Youri Tielemans,8,be BEL,"DM,FW,AM",27-361,82,1,1,1,0,0,1,1,100.0,0,1,1,0,1,2,2,1,35
29.0,2,9,True,Ross Barkley,6,eng ENG,AM,31-149,8,1,0,0,1,0,0,1,0.0,1,0,0,0,0,1,0,0,35
42.0,2,9,True,Boubacar Kamara,44,fr FRA,"DM,CM",25-161,90,3,1,3,0,0,2,3,66.7,1,0,0,0,1,4,3,0,35
45.0,2,9,True,Ian Maatsen,22,nl NED,LB,23-054,70,2,2,2,0,0,2,2,100.0,0,1,0,1,0,2,3,0,35
36.0,2,9,True,Lucas Digne,12,fr FRA,LB,31-287,20,1,1,1,0,0,1,2,50.0,1,0,0,0,0,1,3,0,35
52.0,2,9,True,Pau Torres,14,es ESP,CB,28-107,90,0,0,0,0,0,0,0,,0,0,0,0,0,0,5,0,35
44.0,2,9,True,Ezri Konsa,4,eng ENG,CB,27-192,90,0,0,0,0,0,0,0,,0,1,1,0,0,0,6,1,35
32.0,2,9,True,Matty Cash,2,pl POL,RB,27-269,90,1,1,1,0,0,1,1,100.0,0,1,1,0,0,1,2,0,35
47.0,2,9,True,Emiliano Martínez,23,ar ARG,GK,32-243,90,0,0,0,0,0,0,0,,0,0,0,0,0,0,1,0,35
252.0,9,2,False,Raúl Jiménez,7,mx MEX,FW,33-363,90,5,5,1,3,1,1,2,50.0,1,0,0,0,1,6,0,0,35
247.0,9,2,False,Alex Iwobi,17,ng NGA,"LW,AM",29-000,75,2,2,0,0,2,2,2,100.0,0,0,0,0,2,4,0,0,35
772.0,9,2,False,Willian,22,br BRA,LW,36-267,15,0,0,0,0,0,0,0,,0,0,0,0,0,0,0,0,35
579.0,9,2,False,Ryan Sessegnon,30,eng ENG,RW,24-350,56,2,1,1,0,1,1,2,50.0,1,2,0,2,1,3,0,0,35
19.0,9,2,False,Emile Smith Rowe,32,eng ENG,"AM,LW",24-279,34,1,1,0,1,0,0,0,,0,0,0,0,0,1,1,0,35
259.0,9,2,False,Harry Wilson,8,wls WAL,"AM,RW",28-042,66,1,1,0,0,1,0,0,,0,0,0,0,0,1,2,0,35
239.0,9,2,False,Adama Traoré,11,es ESP,RW,29-098,24,0,0,0,0,0,0,0,,0,0,0,0,0,0,0,0,35
249.0,9,2,False,Saša Lukić,20,rs SRB,DM,28-263,90,4,1,4,0,0,2,4,50.0,2,2,0,2,1,5,0,0,35
622.0,9,2,False,Sander Berge,16,no NOR,DM,27-078,75,0,0,0,0,0,0,0,,0,0,0,0,0,0,1,0,35
254.0,9,2,False,Harrison Reed,6,eng ENG,DM,30-096,15,0,0,0,0,0,0,0,,0,0,0,0,0,0,0,0,35
255.0,9,2,False,Antonee Robinson,33,us USA,LB,27-268,90,6,1,2,3,1,1,3,33.3,2,1,1,0,1,7,5,0,35
241.0,9,2,False,Calvin Bassey,3,ng NGA,CB,25-123,90,1,1,1,0,0,1,2,50.0,1,0,0,0,0,1,3,0,35
191.0,9,2,False,Joachim Andersen,5,dk DEN,CB,28-337,90,1,0,0,1,0,0,0,,0,2,1,1,0,1,5,0,35
257.0,9,2,False,Kenny Tete,2,nl NED,RB,29-206,66,1,0,1,0,0,0,2,0.0,2,2,0,2,1,2,1,0,35
244.0,9,2,False,Timothy Castagne,21,be BEL,RB,29-149,24,0,0,0,0,0,0,0,,0,0,0,0,0,0,1,0,35
248.0,9,2,False,Bernd Leno,1,de GER,GK,33-060,90,0,0,0,0,0,0,0,,0,0,0,0,0,0,1,0,35
306.0,11,17,True,Jamie Vardy,9,eng ENG,FW,38-112,83,0,0,0,0,0,0,0,,0,0,0,0,2,2,0,0,35
289.0,11,17,True,Patson Daka,20,zm ZAM,FW,26-206,7,0,0,0,0,0,0,0,,0,0,0,0,0,0,2,0,35
635.0,11,17,True,Bilal El Khannouss,11,ma MAR,LW,20-358,83,0,0,0,0,0,0,0,,0,2,0,2,0,0,0,0,35
285.0,11,17,True,Boubakary Soumaré,24,fr FRA,DM,26-065,7,0,0,0,0,0,0,0,,0,1,1,0,0,0,1,0,35
299.0,11,17,True,Kasey McAteer,35,ie IRL,RW,23-162,83,2,2,1,0,1,2,2,100.0,0,1,0,1,0,2,0,0,35
797.0,11,17,True,Jake Evans,91,,"LW,RW",,7,0,0,0,0,0,0,1,0.0,1,0,0,0,0,0,1,0,35
192.0,11,17,True,Jordan Ayew,18,gh GHA,AM,33-234,69,0,0,0,0,0,0,0,,0,1,0,1,0,0,1,0,35
792.0,11,17,True,Jeremy Monga,93,,"AM,RW",,21,1,1,0,1,0,1,1,100.0,0,2,1,1,0,1,1,0,35
501.0,11,17,True,Oliver Skipp,22,eng ENG,"DM,AM",24-229,89,3,0,1,2,0,1,1,100.0,0,2,1,1,1,4,0,0,35
292.0,11,17,True,Michael Golding,34,eng ENG,AM,18-345,1,0,0,0,0,0,0,0,,0,0,0,0,0,0,0,0,35
300.0,11,17,True,Wilfred Ndidi,6,ng NGA,DM,28-138,90,4,4,2,0,2,2,3,66.7,1,2,0,2,2,6,2,0,35
305.0,11,17,True,Luke Thomas,33,eng ENG,LB,23-327,90,1,0,0,0,1,0,0,,0,0,0,0,3,4,1,0,35
291.0,11,17,True,Wout Faes,3,be BEL,CB,27-030,90,1,0,0,1,0,1,1,100.0,0,0,0,0,0,1,2,0,35
288.0,11,17,True,Conor Coady,4,eng ENG,CB,32-067,90,0,0,0,0,0,0,1,0.0,1,1,1,0,2,2,6,0,35
295.0,11,17,True,James Justin,2,eng ENG,RB,27-069,90,1,0,0,1,0,1,2,50.0,1,2,1,1,2,3,4,0,35
304.0,11,17,True,Jakub Stolarczyk,41,pl POL,GK,24-135,90,0,0,0,0,0,0,0,,0,0,0,0,0,0,0,0,35
473.0,17,11,False,Ross Stewart,11,sct SCO,FW,28-296,45,0,0,0,0,0,0,0,,0,0,0,0,0,0,0,0,35
470.0,17,11,False,Paul Onuachu,32,ng NGA,FW,30-340,45,0,0,0,0,0,0,0,,0,1,1,0,0,0,1,0,35
462.0,17,11,False,Kamaldeen Sulemana,20,gh GHA,"AM,LW",23-077,56,0,0,0,0,0,0,0,,0,0,0,0,0,0,0,0,35
798.0,17,11,False,Jay Robinson,46,eng ENG,"LW,LM",18-049,34,1,1,1,0,0,0,0,,0,0,0,0,0,1,0,0,35
623.0,17,11,False,Mateus Fernandes,18,pt POR,AM,20-297,56,5,3,4,1,0,3,3,100.0,0,1,1,0,0,5,1,0,35
471.0,17,11,False,William Smallbone,8,ie IRL,"AM,CM",25-071,34,1,1,0,1,0,1,3,33.3,2,1,0,1,0,1,0,0,35
188.0,17,11,False,Lesley Ugochukwu,26,fr FRA,"CM,DM",21-038,78,3,2,1,2,0,1,1,100.0,0,1,0,1,2,5,1,0,35
27.0,17,11,False,Cameron Archer,19,eng ENG,FW,23-286,12,0,0,0,0,0,0,0,,0,0,0,0,0,0,0,0,35
518.0,17,11,False,Flynn Downes,4,eng ENG,"CM,DM",26-103,90,1,1,0,0,1,0,0,,0,2,0,2,0,1,2,0,35
467.0,17,11,False,Ryan Manning,3,ie IRL,"LB,WB",28-323,90,0,0,0,0,0,0,0,,0,1,0,1,1,1,5,0,35
476.0,17,11,False,Kyle Walker-Peters,2,eng ENG,"RB,WB",28-020,90,1,1,0,1,0,0,1,0.0,1,2,1,1,1,2,1,0,35
472.0,17,11,False,Jack Stephens,5,eng ENG,CB,31-096,45,1,1,0,1,0,0,1,0.0,1,1,1,0,0,1,0,0,35
608.0,17,11,False,Tyler Dibling,33,eng ENG,"RW,RM",19-052,45,0,0,0,0,0,0,0,,0,0,0,0,0,0,1,0,35
455.0,17,11,False,Jan Bednarek,35,pl POL,CB,29-021,90,0,0,0,0,0,0,0,,0,1,1,0,1,1,4,0,35
461.0,17,11,False,Taylor Harwood-Bellis,6,eng ENG,CB,23-093,90,0,0,0,0,0,0,1,0.0,1,1,1,0,0,0,3,0,35
14.0,17,11,False,Aaron Ramsdale,30,eng ENG,GK,26-354,90,0,0,0,0,0,0,0,,0,0,0,0,0,0,0,0,35
218.0,8,10,True,Beto,14,gw GNB,FW,27-092,76,1,0,0,1,0,0,0,,0,1,0,1,0,1,1,0,35
220.0,8,10,True,Dominic Calvert-Lewin,9,eng ENG,FW,28-048,14,0,0,0,0,0,0,0,,0,0,0,0,0,0,1,0,35
450.0,8,10,True,Carlos Alcaraz,24,ar ARG,"LW,AM",22-154,89,0,0,0,0,0,0,0,,0,1,0,1,1,1,0,0,35
237.0,8,10,True,Youssef Chermiti,17,pt POR,AM,20-344,1,0,0,0,0,0,0,1,0.0,1,0,0,0,0,0,0,0,35
230.0,8,10,True,Dwight McNeil,7,eng ENG,RW,25-162,77,0,0,0,0,0,0,0,,0,0,0,0,0,0,1,0,35
224.0,8,10,True,Jack Harrison,11,eng ENG,RW,28-164,13,0,0,0,0,0,0,0,,0,0,0,0,0,0,0,0,35
232.0,8,10,True,Iliman Ndiaye,10,sn SEN,"AM,LW",25-058,90,1,0,0,0,1,0,1,0.0,1,2,1,1,0,1,2,0,35
223.0,8,10,True,James Garner,37,eng ENG,DM,24-051,90,4,4,2,2,0,2,2,100.0,0,1,0,1,1,5,1,0,35
222.0,8,10,True,Idrissa Gana Gueye,27,sn SEN,DM,35-219,89,1,0,0,0,1,0,3,0.0,3,1,0,1,3,4,0,0,35
226.0,8,10,True,Tim Iroegbunam,42,eng ENG,DM,21-307,1,1,0,1,0,0,0,1,0.0,1,1,0,1,0,1,0,0,35
231.0,8,10,True,Vitaliy Mykolenko,19,ua UKR,LB,25-339,90,1,1,1,0,0,1,1,100.0,0,0,0,0,1,2,4,0,35
219.0,8,10,True,Jarrad Branthwaite,32,eng ENG,CB,22-310,90,1,0,0,1,0,1,1,100.0,0,1,1,0,0,1,2,0,35
582.0,8,10,True,Jake O'Brien,15,ie IRL,CB,23-353,90,4,2,3,1,0,2,2,100.0,0,1,0,1,0,4,2,0,35
234.0,8,10,True,Nathan Patterson,2,sct SCO,RB,23-199,81,3,2,1,2,0,2,3,66.7,1,0,0,0,1,4,1,0,35
238.0,8,10,True,Ashley Young,18,eng ENG,RB,39-298,9,1,1,1,0,0,1,1,100.0,0,0,0,0,0,1,0,0,35
235.0,8,10,True,Jordan Pickford,1,eng ENG,GK,31-057,90,0,0,0,0,0,0,0,,0,0,0,0,0,0,0,0,35
268.0,10,8,False,Liam Delap,19,eng ENG,FW,22-084,67,0,0,0,0,0,0,0,,0,0,0,0,0,0,0,0,35
272.0,10,8,False,George Hirst,27,sct SCO,FW,26-077,23,0,0,0,0,0,0,0,,0,0,0,0,0,0,1,0,35
121.0,10,8,False,Julio Enciso,9,py PAR,"LW,AM",21-100,89,0,0,0,0,0,0,0,,0,1,0,1,0,0,1,0,35
282.0,10,8,False,Axel Tuanzebe,40,cd COD,RB,27-170,1,0,0,0,0,0,0,0,,0,0,0,0,0,0,0,0,35
274.0,10,8,False,Omari Hutchinson,20,eng ENG,"RW,RM",21-185,90,1,1,0,1,0,0,0,,0,1,0,1,0,1,0,0,35
265.0,10,8,False,Conor Chaplin,10,eng ENG,AM,28-076,67,0,0,0,0,0,0,0,,0,0,0,0,0,0,1,0,35
631.0,10,8,False,Jack Clarke,47,eng ENG,"LW,LM",24-161,23,0,0,0,0,0,0,1,0.0,1,0,0,0,0,0,0,0,35
281.0,10,8,False,Jack Taylor,14,ie IRL,DM,26-314,81,3,2,1,2,0,1,1,100.0,0,1,1,0,2,5,1,0,35
619.0,10,8,False,Jens Cajuste,12,se SWE,"DM,CM",25-266,9,0,0,0,0,0,0,0,,0,0,0,0,0,0,1,0,35
278.0,10,8,False,Sam Morsy,5,eg EGY,DM,33-235,67,2,2,2,0,0,1,1,100.0,0,0,0,0,0,2,1,0,35
359.0,10,8,False,Kalvin Phillips,8,eng ENG,"DM,CM",29-152,23,1,0,0,1,0,0,1,0.0,1,0,0,0,0,1,0,0,35
270.0,10,8,False,Jacob Greaves,24,eng ENG,LB,24-233,90,5,5,5,0,0,4,7,57.1,3,0,0,0,0,5,8,0,35
263.0,10,8,False,Cameron Burgess,15,au AUS,CB,29-194,90,1,1,0,1,0,0,0,,0,0,0,0,1,2,9,0,35
284.0,10,8,False,Luke Woolfenden,6,eng ENG,CB,26-194,90,0,0,0,0,0,0,0,,0,0,0,0,1,1,6,0,35
630.0,10,8,False,Dara O'Shea,26,ie IRL,"RB,CB",26-060,90,2,2,2,0,0,0,0,,0,0,0,0,0,2,4,0,35
764.0,10,8,False,Alex Palmer,31,eng ENG,GK,28-266,90,0,0,0,0,0,0,0,,0,0,0,0,0,0,1,0,35
23.0,1,3,True,Leandro Trossard,19,be BEL,FW,30-150,90,1,1,0,0,1,0,0,,0,3,0,3,0,1,0,0,35
9.0,1,3,True,Gabriel Martinelli,11,br BRA,LW,23-319,85,1,1,1,0,0,1,1,100.0,0,0,0,0,0,1,0,0,35
186.0,1,3,True,Raheem Sterling,30,eng ENG,LW,30-146,5,0,0,0,0,0,0,0,,0,0,0,0,0,0,0,0,35
17.0,1,3,True,Bukayo Saka,7,eng ENG,RW,23-240,85,1,0,1,0,0,1,2,50.0,1,2,0,2,1,2,1,0,35
12.0,1,3,True,Ethan Nwaneri,53,eng ENG,RW,18-043,5,0,0,0,0,0,0,0,,0,0,0,0,0,0,0,0,35
16.0,1,3,True,Declan Rice,41,eng ENG,LM,26-109,73,3,2,1,2,0,0,0,,0,0,0,0,1,4,0,0,35
633.0,1,3,True,Mikel Merino,23,es ESP,LM,28-315,17,0,0,0,0,0,0,0,,0,1,0,1,1,1,0,0,35
20.0,1,3,True,Thomas Partey,5,gh GHA,"CM,RB",31-324,90,1,1,0,1,0,1,4,25.0,3,2,0,2,1,2,0,0,35
13.0,1,3,True,Martin Ødegaard,8,no NOR,RM,26-137,90,0,0,0,0,0,0,0,,0,1,0,1,0,0,1,0,35
597.0,1,3,True,Myles Lewis-Skelly,49,eng ENG,"LB,CM",18-219,90,1,0,0,0,1,1,1,100.0,0,1,1,0,0,1,2,0,35
8.0,1,3,True,Jakub Kiwior,15,pl POL,CB,25-077,90,1,1,1,0,0,0,0,,0,0,0,0,1,2,2,0,35
18.0,1,3,True,William Saliba,2,fr FRA,CB,24-040,90,2,2,2,0,0,1,1,100.0,0,1,1,0,0,2,4,0,35
24.0,1,3,True,Ben White,4,eng ENG,RB,27-207,85,1,1,0,1,0,1,4,25.0,3,0,0,0,3,4,6,0,35
25.0,1,3,True,Oleksandr Zinchenko,17,ua UKR,LB,28-139,5,0,0,0,0,0,0,0,,0,0,0,0,0,0,0,0,35
15.0,1,3,True,David Raya,22,es ESP,GK,29-230,90,0,0,0,0,0,0,0,,0,0,0,0,0,0,0,1,35
617.0,3,1,False,Evanilson,9,br BRA,FW,25-209,86,2,1,0,0,2,2,2,100.0,0,0,0,0,0,2,1,0,35
69.0,3,1,False,Daniel Jebbison,21,ca CAN,FW,21-263,4,1,1,1,0,0,1,1,100.0,0,0,0,0,0,1,0,0,35
74.0,3,1,False,Dango Ouattara,11,bf BFA,LW,23-081,73,1,1,1,0,0,0,1,0.0,1,2,1,1,0,1,1,0,35
62.0,3,1,False,David Brooks,7,wls WAL,RW,27-299,17,0,0,0,0,0,0,1,0.0,1,0,0,0,0,0,1,0,35
83.0,3,1,False,Marcus Tavernier,16,eng ENG,"RW,AM",26-042,90,2,1,1,1,0,1,1,100.0,0,1,0,1,1,3,0,0,35
71.0,3,1,False,Justin Kluivert,19,nl NED,AM,25-363,64,0,0,0,0,0,0,1,0.0,1,0,0,0,0,0,0,0,35
78.0,3,1,False,Antoine Semenyo,24,gh GHA,"LW,RW",25-116,26,0,0,0,0,0,0,0,,0,0,0,0,0,0,0,0,35
64.0,3,1,False,Lewis Cook,4,eng ENG,"DM,RB",28-089,90,3,1,1,1,1,1,1,100.0,0,2,1,1,0,3,2,0,35
60.0,3,1,False,Tyler Adams,12,us USA,DM,26-078,90,0,0,0,0,0,0,3,0.0,3,0,0,0,1,1,0,0,35
70.0,3,1,False,Milos Kerkez,3,hu HUN,LB,21-177,90,1,0,1,0,0,1,1,100.0,0,0,0,0,2,3,0,1,35
580.0,3,1,False,Dean Huijsen,2,es ESP,CB,20-019,90,0,0,0,0,0,0,0,,0,1,1,0,0,0,3,0,35
85.0,3,1,False,Illia Zabarnyi,27,ua UKR,CB,22-244,90,0,0,0,0,0,0,1,0.0,1,0,0,0,3,3,6,0,35
592.0,3,1,False,Julian Araujo,22,mx MEX,RB,23-263,64,1,0,1,0,0,1,2,50.0,1,0,0,0,2,3,2,0,35
77.0,3,1,False,Alex Scott,8,eng ENG,DM,21-255,26,1,1,0,0,1,1,2,50.0,1,2,1,1,0,1,0,0,35
152.0,3,1,False,Kepa Arrizabalaga,13,es ESP,GK,30-212,90,0,0,0,0,0,0,1,0.0,1,0,0,0,0,0,1,0,35
148.0,5,15,True,Danny Welbeck,18,eng ENG,FW,34-159,90,1,1,0,0,1,1,1,100.0,0,1,0,1,0,1,1,0,35
113.0,5,15,True,Simon Adingra,11,ci CIV,LW,23-123,68,2,1,1,0,1,1,1,100.0,0,1,0,1,0,2,1,0,35
145.0,5,15,True,Joël Veltman,34,nl NED,RB,33-109,22,0,0,0,0,0,0,0,,0,0,0,0,0,0,0,0,35
135.0,5,15,True,Yankuba Minteh,17,gm GAM,"RW,LW",20-286,89,2,1,1,1,0,0,0,,0,3,0,3,1,3,3,0,35
714.0,5,15,True,Diego Gómez,25,py PAR,LW,22-038,1,0,0,0,0,0,0,0,,0,0,0,0,0,0,0,0,35
629.0,5,15,True,Matt O'Riley,33,dk DEN,AM,24-164,89,0,0,0,0,0,0,0,,0,1,0,1,1,1,1,0,35
595.0,5,15,True,Brajan Gruda,8,de GER,AM,20-338,1,0,0,0,0,0,0,0,,0,0,0,0,0,0,0,0,35
126.0,5,15,True,Jack Hinshelwood,41,eng ENG,DM,20-023,68,0,0,0,0,0,0,1,0.0,1,0,0,0,1,1,1,0,35
600.0,5,15,True,Yasin Ayari,26,se SWE,DM,21-210,22,1,0,0,1,0,1,1,100.0,0,1,0,1,0,1,1,0,35
115.0,5,15,True,Carlos Baleba,20,cm CMR,DM,21-121,90,0,0,0,0,0,0,0,,0,1,0,1,0,0,4,0,35
122.0,5,15,True,Pervis Estupiñán,30,ec ECU,LB,27-103,90,4,3,1,3,0,2,2,100.0,0,0,0,0,4,8,2,0,35
120.0,5,15,True,Lewis Dunk,5,eng ENG,CB,33-164,90,0,0,0,0,0,0,0,,0,2,1,1,1,1,5,0,35
144.0,5,15,True,Jan Paul van Hecke,29,nl NED,CB,24-330,90,1,1,0,1,0,0,1,0.0,1,0,0,0,0,1,4,0,35
149.0,5,15,True,Mats Wieffer,27,nl NED,RB,25-169,53,4,3,4,0,0,3,4,75.0,1,0,0,0,2,6,1,1,35
131.0,5,15,True,Tariq Lamptey,2,gh GHA,"RW,RB",24-216,37,0,0,0,0,0,0,0,,0,2,2,0,0,0,1,0,35
146.0,5,15,True,Bart Verbruggen,1,nl NED,GK,22-259,90,0,0,0,0,0,0,0,,0,0,0,0,0,0,2,0,35
401.0,15,5,False,Alexander Isak,14,se SWE,"FW,AM",25-225,90,0,0,0,0,0,0,1,0.0,1,0,0,0,0,0,0,0,35
392.0,15,5,False,Harvey Barnes,11,eng ENG,"LW,RW",27-146,90,0,0,0,0,0,0,3,0.0,3,0,0,0,0,0,0,0,35
402.0,15,5,False,Jacob Murphy,23,eng ENG,RW,30-069,55,0,0,0,0,0,0,1,0.0,1,0,0,0,0,0,1,0,35
398.0,15,5,False,Anthony Gordon,10,eng ENG,LW,24-069,35,0,0,0,0,0,0,0,,0,0,0,0,0,0,0,0,35
420.0,15,5,False,Joe Willock,28,eng ENG,LM,25-257,73,3,2,1,2,0,0,1,0.0,1,2,1,1,1,4,0,0,35
421.0,15,5,False,Callum Wilson,9,eng ENG,FW,33-066,17,0,0,0,0,0,0,0,,0,0,0,0,0,0,0,0,35
417.0,15,5,False,Sandro Tonali,8,it ITA,"CM,DM",24-361,90,1,1,1,0,0,1,1,100.0,0,2,0,2,3,4,0,0,35
394.0,15,5,False,Bruno Guimarães,39,br BRA,"RM,DM",27-169,90,4,2,2,2,0,2,3,66.7,1,1,0,1,0,4,0,0,35
409.0,15,5,False,Valentino Livramento,21,eng ENG,LB,22-173,90,2,1,1,1,0,1,2,50.0,1,1,0,1,0,2,4,0,35
395.0,15,5,False,Dan Burn,33,eng ENG,CB,32-360,90,1,0,0,0,1,0,0,,0,0,0,0,0,1,9,0,35
415.0,15,5,False,Fabian Schär,5,ch SUI,CB,33-135,89,2,2,0,2,0,0,0,,0,1,0,1,1,3,3,0,35
393.0,15,5,False,Sven Botman,4,nl NED,CB,25-112,1,0,0,0,0,0,0,0,,0,0,0,0,0,0,3,0,35
418.0,15,5,False,Kieran Trippier,2,eng ENG,RB,34-227,89,1,1,0,1,0,0,1,0.0,1,2,0,2,1,2,8,0,35
405.0,15,5,False,Emil Krafth,17,se SWE,RB,30-275,1,0,0,0,0,0,0,0,,0,0,0,0,0,0,0,0,35
413.0,15,5,False,Nick Pope,22,eng ENG,GK,33-015,90,0,0,0,0,0,0,0,,0,0,0,0,0,0,1,0,35
589.0,19,18,True,Niclas Füllkrug,11,de GER,FW,32-084,79,0,0,0,0,0,0,0,,0,0,0,0,0,0,0,0,35
123.0,19,18,True,Evan Ferguson,34,ie IRL,FW,20-197,11,1,1,0,0,1,0,0,,0,0,0,0,0,1,0,0,35
525.0,19,18,True,Mohammed Kudus,14,gh GHA,AM,24-275,90,2,2,0,1,1,0,0,,0,1,0,1,0,2,0,0,35
514.0,19,18,True,Jarrod Bowen,20,eng ENG,AM,28-135,90,1,1,0,1,0,0,0,,0,0,0,0,0,1,0,0,35
527.0,19,18,True,Lucas Paquetá,10,br BRA,CM,27-250,79,3,2,2,1,0,3,5,60.0,2,1,0,1,0,3,3,0,35
531.0,19,18,True,James Ward-Prowse,8,eng ENG,CM,30-184,11,2,1,0,2,0,1,1,100.0,0,0,0,0,0,2,0,0,35
530.0,19,18,True,Tomáš Souček,28,cz CZE,CM,30-066,79,2,0,0,2,0,2,2,100.0,0,1,0,1,0,2,0,0,35
654.0,19,18,True,Carlos Soler,4,es ESP,CM,28-122,11,2,1,1,1,0,1,1,100.0,0,0,0,0,0,2,0,0,35
520.0,19,18,True,Emerson Palmieri,33,it ITA,WB,30-274,90,3,2,2,0,1,2,4,50.0,2,0,0,0,1,4,1,0,35
388.0,19,18,True,Aaron Wan-Bissaka,29,eng ENG,WB,27-159,90,3,2,0,3,0,1,1,100.0,0,1,0,1,1,4,1,0,35
517.0,19,18,True,Aaron Cresswell,3,eng ENG,CB,35-140,87,1,1,1,0,0,1,1,100.0,0,2,0,2,2,3,4,0,35
528.0,19,18,True,Konstantinos Mavropanos,15,gr GRE,CB,27-144,3,0,0,0,0,0,0,0,,0,0,0,0,0,0,0,0,35
524.0,19,18,True,Max Kilman,26,eng ENG,CB,27-346,90,3,3,0,3,0,2,2,100.0,0,0,0,0,1,4,5,1,35
591.0,19,18,True,Jean-Clair Todibo,25,fr FRA,CB,25-125,79,4,2,2,1,1,2,3,66.7,1,1,0,1,1,5,1,0,35
516.0,19,18,True,Vladimír Coufal,5,cz CZE,CB,32-255,11,0,0,0,0,0,0,0,,0,0,0,0,0,0,0,0,35
513.0,19,18,True,Alphonse Areola,23,fr FRA,GK,32-066,90,0,0,0,0,0,0,0,,0,0,0,0,0,0,0,0,35
497.0,18,19,False,Richarlison,9,br BRA,FW,27-359,67,0,0,0,0,0,0,1,0.0,1,0,0,0,0,0,0,0,35
610.0,18,19,False,Mikey Moore,47,eng ENG,LW,17-266,23,0,0,0,0,0,0,0,,0,0,0,0,0,0,0,0,35
768.0,18,19,False,Mathys Tel,11,fr FRA,"LW,FW",20-007,90,2,1,0,1,1,0,2,0.0,2,3,0,3,0,2,0,0,35
612.0,18,19,False,Wilson Odobert,28,fr FRA,RW,20-157,90,1,1,1,0,0,1,1,100.0,0,0,0,0,0,1,1,0,35
499.0,18,19,False,Pape Matar Sarr,29,sn SEN,LM,22-232,90,2,2,1,1,0,0,0,,0,0,0,0,2,4,2,0,35
482.0,18,19,False,Yves Bissouma,8,ml MLI,CM,28-247,90,3,1,2,1,0,1,1,100.0,0,2,2,0,2,5,3,0,35
492.0,18,19,False,Dejan Kulusevski,21,se SWE,RM,25-009,90,2,0,1,1,0,0,2,0.0,2,7,1,6,0,2,1,0,35
504.0,18,19,False,Djed Spence,24,eng ENG,LB,24-268,90,1,0,0,1,0,1,2,50.0,1,2,0,2,1,2,9,0,35
484.0,18,19,False,Ben Davies,33,wls WAL,CB,32-010,90,1,1,0,1,0,1,1,100.0,0,1,1,0,1,2,3,0,35
767.0,18,19,False,Kevin Danso,4,at AUT,CB,26-227,90,1,1,1,0,0,1,2,50.0,1,1,1,0,1,2,9,0,35
489.0,18,19,False,Archie Gray,14,eng ENG,RB,19-053,90,1,1,1,0,0,1,1,100.0,0,0,0,0,1,2,3,0,35
508.0,18,19,False,Guglielmo Vicario,1,it ITA,GK,28-209,90,0,0,0,0,0,0,0,,0,0,0,0,0,0,0,1,35
110.0,4,14,True,Yoane Wissa,11,cd COD,"FW,AM",28-243,90,1,1,0,1,0,1,2,50.0,1,1,1,0,0,1,0,0,35
106.0,4,14,True,Kevin Schade,7,de GER,LW,23-158,71,1,0,0,1,0,0,0,,0,2,0,2,0,1,0,0,35
92.0,4,14,True,Rico Henry,3,eng ENG,LB,27-300,19,0,0,0,0,0,0,1,0.0,1,1,0,1,0,0,2,0,35
99.0,4,14,True,Bryan Mbeumo,19,cm CMR,RW,25-270,90,1,0,0,0,1,1,1,100.0,0,2,0,2,0,1,2,0,35
89.0,4,14,True,Mikkel Damsgaard,24,dk DEN,AM,24-305,80,4,2,0,2,2,1,1,100.0,0,2,0,2,1,5,0,0,35
107.0,4,14,True,Thiago,9,br BRA,"FW,AM",23-312,10,1,0,0,0,1,0,0,,0,2,0,2,0,1,0,0,35
111.0,4,14,True,Yehor Yarmoliuk,18,ua UKR,DM,21-064,67,2,1,0,2,0,0,0,,0,1,1,0,0,2,0,0,35
95.0,4,14,True,Mathias Jensen,8,dk DEN,DM,29-123,23,0,0,0,0,0,0,0,,0,0,0,0,0,0,1,0,35
101.0,4,14,True,Christian Nørgaard,6,dk DEN,DM,31-055,90,2,0,2,0,0,2,3,66.7,1,3,1,2,2,4,2,0,35
98.0,4,14,True,Keane Lewis-Potter,23,eng ENG,"LB,LW",24-071,80,0,0,0,0,0,0,1,0.0,1,0,0,0,0,0,0,0,35
634.0,4,14,True,Gustavo Nunes,39,br BRA,LW,19-165,10,3,2,2,0,1,2,2,100.0,0,0,0,0,0,3,1,0,35
338.0,4,14,True,Sepp van den Berg,4,nl NED,CB,23-135,90,2,0,1,1,0,2,2,100.0,0,2,2,0,1,3,1,0,35
88.0,4,14,True,Nathan Collins,22,ie IRL,CB,24-004,90,1,1,1,0,0,1,3,33.3,2,2,2,0,0,1,5,0,35
757.0,4,14,True,Michael Kayode,33,it ITA,RB,20-298,80,2,1,1,1,0,2,2,100.0,0,0,0,0,2,4,3,0,35
86.0,4,14,True,Kristoffer Ajer,20,no NOR,RB,27-017,10,0,0,0,0,0,0,0,,0,0,0,0,0,0,0,0,35
91.0,4,14,True,Mark Flekken,1,nl NED,GK,31-325,90,0,0,0,0,0,0,0,,0,0,0,0,0,0,0,1,35
776.0,14,4,False,Chidozie Obi-Martin,56,dk DEN,FW,17-156,90,0,0,0,0,0,0,0,,0,0,0,0,0,0,0,0,35
372.0,14,4,False,Alejandro Garnacho,17,ar ARG,AM,20-307,90,1,0,0,0,1,1,2,50.0,1,0,0,0,0,1,1,0,35
382.0,14,4,False,Mason Mount,7,eng ENG,AM,26-114,56,2,2,1,1,0,2,2,100.0,0,1,0,1,1,3,1,0,35
370.0,14,4,False,Christian Eriksen,14,dk DEN,CM,33-079,34,0,0,0,0,0,0,2,0.0,2,1,0,1,0,0,0,0,35
378.0,14,4,False,Kobbie Mainoo,37,eng ENG,"CM,AM",20-015,90,3,1,0,2,1,1,2,50.0,1,0,0,0,0,3,5,0,35
652.0,14,4,False,Manuel Ugarte Ribeiro,25,uy URU,CM,24-023,90,4,3,1,3,0,3,6,50.0,3,4,1,3,1,5,0,0,35
670.0,14,4,False,Harry Amass,41,eng ENG,WB,18-049,90,2,1,1,1,0,1,3,33.3,2,3,1,2,1,3,2,0,35
766.0,14,4,False,Patrick Dorgu,13,dk DEN,WB,20-190,45,0,0,0,0,0,0,0,,0,1,0,1,0,0,2,0,35
364.0,14,4,False,Amad Diallo,16,ci CIV,WB,22-297,45,2,2,1,0,1,2,2,100.0,0,1,0,1,0,2,0,0,35
387.0,14,4,False,Luke Shaw,23,eng ENG,CB,29-296,45,1,1,0,1,0,1,1,100.0,0,0,0,0,0,1,2,0,35
572.0,14,4,False,Leny Yoro,15,fr FRA,CB,19-172,45,1,1,1,0,0,0,0,,0,0,0,0,1,2,3,0,35
593.0,14,4,False,Matthijs de Ligt,4,nl NED,CB,25-265,34,0,0,0,0,0,0,0,,0,0,0,0,0,0,4,0,35
377.0,14,4,False,Harry Maguire,5,eng ENG,CB,32-060,56,0,0,0,0,0,0,1,0.0,1,0,0,0,0,0,1,0,35
777.0,14,4,False,Tyler Fredricson,55,eng ENG,CB,20-070,75,1,1,1,0,0,1,1,100.0,0,2,0,2,0,1,7,0,35
376.0,14,4,False,Victor Lindelöf,2,se SWE,CB,30-291,15,0,0,0,0,0,0,0,,0,0,0,0,0,0,1,0,35
367.0,14,4,False,Altay Bayındır,1,tr TUR,GK,27-020,90,0,0,0,0,0,0,0,,0,0,0,0,0,0,2,0,35
180.0,6,12,True,Nicolas Jackson,15,sn SEN,FW,23-318,71,3,2,2,1,0,2,2,100.0,0,1,0,1,0,3,0,0,35
386.0,6,12,True,Jadon Sancho,19,eng ENG,LW,25-040,19,0,0,0,0,0,0,0,,0,0,0,0,0,0,0,0,35
177.0,6,12,True,Noni Madueke,11,eng ENG,"LW,RW",23-055,90,0,0,0,0,0,0,1,0.0,1,3,0,3,0,0,1,0,35
560.0,6,12,True,Pedro Neto,7,pt POR,"RW,FW",25-056,90,1,0,0,1,0,1,1,100.0,0,1,0,1,1,2,1,0,35
182.0,6,12,True,Cole Palmer,20,eng ENG,AM,22-363,90,2,1,0,2,0,1,2,50.0,1,0,0,0,3,5,1,0,35
168.0,6,12,True,Enzo Fernández,8,ar ARG,DM,24-107,87,2,2,1,1,0,2,5,40.0,3,4,2,2,2,4,0,0,35
172.0,6,12,True,Reece James,24,eng ENG,RB,25-147,3,0,0,0,0,0,0,0,,0,0,0,0,0,0,0,0,35
174.0,6,12,True,Roméo Lavia,45,be BEL,DM,21-118,77,2,2,0,2,0,1,3,33.3,2,0,0,0,1,3,2,0,35
171.0,6,12,True,Malo Gusto,27,fr FRA,"RB,DM",21-350,13,0,0,0,0,0,0,0,,0,0,0,0,0,0,2,0,35
163.0,6,12,True,Marc Cucurella,3,es ESP,LB,26-286,90,1,1,1,0,0,1,3,33.3,2,5,1,4,2,3,8,0,35
162.0,6,12,True,Levi Colwill,6,eng ENG,CB,22-067,90,2,2,2,0,0,0,0,,0,1,0,1,1,3,5,0,35
159.0,6,12,True,Trevoh Chalobah,23,eng ENG,CB,25-303,90,3,2,1,2,0,1,1,100.0,0,1,0,1,2,5,7,0,35
157.0,6,12,True,Moisés Caicedo,25,ec ECU,"RB,DM",23-183,90,3,1,1,1,1,0,0,,0,1,1,0,2,5,5,0,35
185.0,6,12,True,Robert Sánchez,1,es ESP,GK,27-167,90,0,0,0,0,0,0,0,,0,0,0,0,0,0,0,0,35
317.0,12,6,False,Diogo Jota,20,pt POR,FW,28-151,57,0,0,0,0,0,0,0,,0,0,0,0,0,0,0,0,35
316.0,12,6,False,Darwin Núñez,9,uy URU,FW,25-314,33,1,1,1,0,0,1,1,100.0,0,0,0,0,0,1,0,0,35
321.0,12,6,False,Cody Gakpo,18,nl NED,"LW,AM",25-362,90,0,0,0,0,0,0,0,,0,0,0,0,0,0,0,0,35
328.0,12,6,False,Mohamed Salah,11,eg EGY,RW,32-323,90,0,0,0,0,0,0,0,,0,0,0,0,0,0,0,0,35
319.0,12,6,False,Harvey Elliott,19,eng ENG,AM,22-030,68,0,0,0,0,0,0,1,0.0,1,1,0,1,0,0,0,0,35
336.0,12,6,False,Dominik Szoboszlai,8,hu HUN,"DM,AM",24-191,22,0,0,0,0,0,0,0,,0,1,0,1,0,0,0,0,35
324.0,12,6,False,Curtis Jones,17,eng ENG,"DM,LB",24-094,90,2,2,0,1,1,2,2,100.0,0,1,0,1,1,3,0,0,35
320.0,12,6,False,Wataru Endo,3,jp JPN,DM,32-084,68,3,2,2,1,0,1,2,50.0,1,2,1,1,0,3,0,0,35
329.0,12,6,False,Alexis Mac Allister,10,ar ARG,DM,26-131,22,0,0,0,0,0,0,3,0.0,3,1,0,1,0,0,0,0,35
337.0,12,6,False,Kostas Tsimikas,21,gr GRE,LB,28-357,81,2,1,0,0,2,0,1,0.0,1,0,0,0,0,2,4,0,35
636.0,12,6,False,Federico Chiesa,14,it ITA,LW,27-191,9,0,0,0,0,0,0,0,,0,0,0,0,0,0,0,1,35
339.0,12,6,False,Virgil van Dijk,4,nl NED,CB,33-300,90,0,0,0,0,0,0,0,,0,1,1,0,2,2,4,0,35
333.0,12,6,False,Jarell Quansah,78,eng ENG,CB,22-095,90,1,1,0,1,0,1,1,100.0,0,3,2,1,1,2,3,1,35
311.0,12,6,False,Trent Alexander-Arnold,66,eng ENG,RB,26-209,56,0,0,0,0,0,0,2,0.0,2,1,1,0,0,0,0,0,35
313.0,12,6,False,Conor Bradley,84,nir NIR,RB,21-299,34,0,0,0,0,0,0,1,0.0,1,0,0,0,0,0,0,0,35
,12,6,False,Alisson,1,br BRA,GK,32-214,90,0,0,0,0,0,0,0,,0,0,0,0,0,0,0,0,35
207.0,7,16,True,Jean-Philippe Mateta,14,fr FRA,FW,27-311,75,0,0,0,0,0,0,0,,0,0,0,0,0,0,0,0,35
11.0,7,16,True,Eddie Nketiah,9,eng ENG,FW,25-340,15,1,1,0,1,0,1,1,100.0,0,0,0,0,0,1,0,0,35
199.0,7,16,True,Eberechi Eze,10,eng ENG,AM,26-310,90,0,0,0,0,0,0,0,,0,1,0,1,0,0,0,0,35
585.0,7,16,True,Ismaila Sarr,7,sn SEN,AM,27-069,90,0,0,0,0,0,0,0,,0,2,1,1,1,1,2,0,35
205.0,7,16,True,Daichi Kamada,18,jp JPN,CM,28-273,86,2,2,2,0,0,1,1,100.0,0,2,1,1,0,2,1,0,35
206.0,7,16,True,Jefferson Lerma,8,co COL,CM,30-192,4,0,0,0,0,0,0,0,,0,0,0,0,1,1,0,0,35
216.0,7,16,True,Adam Wharton,20,eng ENG,CM,20-337,60,0,0,0,0,0,0,1,0.0,1,1,0,1,2,2,2,0,35
203.0,7,16,True,Will Hughes,19,eng ENG,CM,30-018,30,0,0,0,0,0,0,0,,0,1,0,1,0,0,1,0,35
210.0,7,16,True,Tyrick Mitchell,3,eng ENG,WB,25-246,90,2,2,1,1,0,1,1,100.0,0,0,0,0,0,2,2,0,35
211.0,7,16,True,Daniel Muñoz,12,co COL,WB,28-344,90,4,4,1,3,0,3,3,100.0,0,1,1,0,1,5,5,0,35
200.0,7,16,True,Marc Guéhi,6,eng ENG,CB,24-296,90,0,0,0,0,0,0,1,0.0,1,1,0,1,0,0,8,0,35
650.0,7,16,True,Maxence Lacroix,5,fr FRA,CB,25-029,90,0,0,0,0,0,0,0,,0,2,2,0,2,2,9,0,35
194.0,7,16,True,Chris Richards,26,us USA,CB,25-038,90,2,1,1,0,1,0,0,,0,1,0,1,5,7,2,0,35
201.0,7,16,True,Dean Henderson,1,eng ENG,GK,28-054,90,0,0,0,0,0,0,0,,0,0,0,0,0,0,0,0,35
447.0,16,7,False,Chris Wood,11,nz NZL,FW,33-149,90,1,0,0,1,0,1,1,100.0,0,0,0,0,0,1,3,0,35
432.0,16,7,False,Anthony Elanga,21,se SWE,"LW,RW",23-008,90,1,1,1,0,0,1,1,100.0,0,0,0,0,1,2,0,0,35
431.0,16,7,False,Nicolás Domínguez,16,ar ARG,RW,26-311,65,1,0,0,1,0,1,2,50.0,1,0,0,0,0,1,4,0,35
620.0,16,7,False,Ramón Sosa,24,py PAR,"RW,LW",25-247,25,0,0,0,0,0,0,1,0.0,1,2,0,2,1,1,1,0,35
433.0,16,7,False,Morgan Gibbs-White,10,eng ENG,AM,25-098,90,1,1,0,1,0,0,0,,0,2,0,2,2,3,1,0,35
423.0,16,7,False,Elliot Anderson,8,eng ENG,DM,22-180,90,5,2,2,3,0,1,6,16.7,5,3,1,2,2,7,5,1,35
442.0,16,7,False,Ibrahim Sangaré,6,ci CIV,DM,27-154,75,1,1,0,1,0,0,2,0.0,2,3,3,0,0,1,2,1,35
449.0,16,7,False,Ryan Yates,22,eng ENG,DM,27-165,15,0,0,0,0,0,0,0,,0,0,0,0,0,0,2,0,35
437.0,16,7,False,Neco Williams,7,wls WAL,LB,24-022,90,2,1,2,0,0,2,3,66.7,1,1,0,1,1,3,7,0,35
436.0,16,7,False,Murillo,5,br BRA,CB,22-305,80,1,0,1,0,0,1,1,100.0,0,1,1,0,2,3,11,0,35
653.0,16,7,False,Morato,4,br BRA,CB,23-309,10,0,0,0,0,0,0,0,,0,1,0,1,0,0,0,0,35
573.0,16,7,False,Nikola Milenković,31,rs SRB,CB,27-205,90,0,0,0,0,0,0,0,,0,1,1,0,1,1,14,0,35
422.0,16,7,False,Ola Aina,34,ng NGA,RB,28-209,90,0,0,0,0,0,0,1,0.0,1,0,0,0,0,0,4,0,35
443.0,16,7,False,Matz Sels,26,be BEL,GK,33-068,90,0,0,0,0,0,0,0,,0,0,0,0,0,0,1,0,35
