player_id,web_name,team_id,element_type,points_per_game,total_points,minutes,starts,goals_scored,assists,yellow_cards,clean_sheets,goals_conceded,saves,goals_conceded_per_90,xG,xA,xGC,xGI,xG_per90,xA_per90,xGC_per90,xGI_per90
1,Fabio Vieira,1,3,0.0,0,0,0,0,0,0,0,0,0,0.0,0.0,0.0,0.0,0.0,0.0,0.0,0.0,0.0
2,G.Jesus,1,4,2.5,42,600,6,3,2,4,2,5,0,0.75,3.05,0.52,5.82,3.57,0.46,0.08,0.87,0.54
3,Gabriel,1,2,4.2,117,2363,28,3,2,4,10,22,0,0.84,2.7,1.21,23.09,3.91,0.1,0.05,0.88,0.15
4,Havertz,1,4,4.6,96,1839,21,9,3,4,7,20,0,0.98,9.39,1.63,19.0,11.02,0.46,0.08,0.93,0.54
5,Hein,1,1,0.0,0,0,0,0,0,0,0,0,0,0.0,0.0,0.0,0.0,0.0,0.0,0.0,0.0,0.0
6,J.Timber,1,2,3.8,114,2415,27,1,3,7,11,21,0,0.78,1.23,1.3,21.09,2.53,0.05,0.05,0.79,0.1
7,Jorginho,1,3,1.4,19,700,9,0,0,5,2,7,0,0.9,0.06,0.59,5.83,0.65,0.01,0.08,0.75,0.09
8,Kiwior,1,2,2.5,32,757,6,1,0,0,2,10,0,1.19,0.17,0.23,8.69,0.4,0.02,0.03,1.03,0.05
9,Martinelli,1,3,3.8,111,1949,21,7,4,1,9,20,0,0.92,5.79,3.78,20.2,9.57,0.27,0.17,0.93,0.44
12,Nwaneri,1,3,2.6,63,804,10,4,2,1,4,3,0,0.34,1.15,1.64,4.75,2.79,0.13,0.18,0.53,0.31
13,Odegaard,1,3,3.5,90,2036,23,2,6,4,10,17,0,0.75,4.48,6.27,16.99,10.75,0.2,0.28,0.75,0.48
15,Raya,1,1,3.8,130,3060,34,0,0,2,12,29,77,0.85,0.0,0.01,29.01,0.01,0.0,0.0,0.85,0.0
16,Rice,1,3,3.3,105,2570,30,2,7,5,10,27,0,0.95,2.67,5.47,23.87,8.14,0.09,0.19,0.84,0.28
17,Saka,1,3,5.7,119,1450,17,6,11,3,6,17,0,1.06,5.88,6.84,12.87,12.72,0.36,0.42,0.8,0.78
18,Saliba,1,2,4.0,127,2814,32,2,0,2,12,25,0,0.8,2.42,1.27,25.33,3.69,0.08,0.04,0.81,0.12
20,Thomas,1,3,3.2,99,2433,27,4,3,4,8,25,0,0.92,2.0,2.2,24.81,4.2,0.07,0.08,0.92,0.15
21,Tierney,1,2,1.5,15,174,1,0,0,0,1,0,0,0.0,0.21,0.5,1.47,0.71,0.11,0.26,0.76,0.37
22,Tomiyasu,1,2,1.0,1,6,0,0,0,0,0,0,0,0.0,0.18,0.0,0.04,0.18,2.7,0.0,0.6,2.7
23,Trossard,1,3,4.0,136,2265,25,8,6,2,10,23,0,0.91,6.14,3.5,19.96,9.64,0.24,0.14,0.79,0.38
24,White,1,2,2.8,37,853,9,0,1,2,4,8,0,0.84,0.4,0.54,11.23,0.94,0.04,0.06,1.18,0.1
25,Zinchenko,1,2,3.0,36,443,4,0,1,1,4,0,0,0.0,0.28,0.26,2.36,0.54,0.06,0.05,0.48,0.11
73,Neto,1,1,3.5,7,180,2,0,0,0,0,2,11,1.0,0.0,0.0,2.91,0.0,0.0,0.0,1.46,0.0
186,Sterling,1,3,1.5,23,424,6,0,2,1,1,3,0,0.64,1.32,0.46,3.7,1.78,0.28,0.1,0.79,0.38
578,Calafiori,1,2,2.2,37,921,11,2,1,4,1,12,0,1.17,0.86,0.68,9.51,1.54,0.08,0.07,0.93,0.15
597,Lewis-Skelly,1,3,1.6,30,1072,12,1,0,2,4,12,0,1.01,0.12,0.42,11.26,0.54,0.01,0.04,0.95,0.05
633,Merino,1,3,3.4,85,1391,15,6,2,2,4,13,0,0.84,4.47,1.14,12.69,5.61,0.29,0.07,0.82,0.36
638,Oulad M'hand,1,3,0.0,0,0,0,0,0,0,0,0,0,0.0,0.0,0.0,0.0,0.0,0.0,0.0,0.0,0.0
639,Setford,1,1,0.0,0,0,0,0,0,0,0,0,0,0.0,0.0,0.0,0.0,0.0,0.0,0.0,0.0,0.0
657,Kacurri,1,2,0.0,0,0,0,0,0,0,0,0,0,0.0,0.0,0.0,0.0,0.0,0.0,0.0,0.0,0.0
659,Kabia,1,3,0.0,0,0,0,0,0,0,0,0,0,0.0,0.0,0.0,0.0,0.0,0.0,0.0,0.0,0.0
662,Nichols,1,2,0.0,0,0,0,0,0,0,0,0,0,0.0,0.0,0.0,0.0,0.0,0.0,0.0,0.0,0.0
665,Butler-Oyedeji,1,4,1.0,1,6,0,0,0,0,0,0,0,0.0,0.07,0.0,0.04,0.07,1.05,0.0,0.6,1.05
735,Arteta,1,5,0.0,81,0,0,0,0,0,0,0,0,0.0,0.0,0.0,0.0,0.0,0.0,0.0,0.0,0.0
756,Porter,1,1,0.0,0,0,0,0,0,0,0,0,0,0.0,0.0,0.0,0.0,0.0,0.0,0.0,0.0,0.0
790,Gower,1,3,0.0,0,0,0,0,0,0,0,0,0,0.0,0.0,0.0,0.0,0.0,0.0,0.0,0.0,0.0
793,Jack Henry-Francis,1,3,0.0,0,0,0,0,0,0,0,0,0,0.0,0.0,0.0,0.0,0.0,0.0,0.0,0.0,0.0
28,Bailey,2,3,2.0,46,1131,14,1,2,3,2,19,0,1.51,1.73,2.92,13.91,4.65,0.14,0.23,1.11,0.37
29,Barkley,2,3,2.4,41,552,3,3,1,3,1,9,0,1.47,1.69,0.42,5.36,2.11,0.28,0.07,0.87,0.35
30,Barrenechea,2,3,0.0,0,0,0,0,0,0,0,0,0,0.0,0.0,0.0,0.0,0.0,0.0,0.0,0.0,0.0
31,Buendia,2,3,0.9,11,89,0,0,0,1,0,2,0,2.02,0.65,0.03,2.27,0.68,0.66,0.03,2.3,0.69
32,Cash,2,2,2.5,57,1709,20,1,1,6,4,20,0,1.05,0.32,1.18,23.62,1.5,0.02,0.06,1.24,0.08
33,Dendoncker,2,3,0.0,0,0,0,0,0,0,0,0,0,0.0,0.0,0.0,0.0,0.0,0.0,0.0,0.0,0.0
34,Diaby,2,3,0.0,0,0,0,0,0,0,0,0,0,0.0,0.0,0.0,0.0,0.0,0.0,0.0,0.0,0.0
35,Diego Carlos,2,2,2.1,21,828,8,0,0,1,2,15,0,1.63,0.64,0.08,11.88,0.72,0.07,0.01,1.29,0.08
36,Digne,2,2,2.7,81,2239,27,0,5,4,5,36,0,1.45,0.8,3.84,33.99,4.64,0.03,0.15,1.37,0.18
37,Dobbin,2,3,0.0,0,0,0,0,0,0,0,0,0,0.0,0.0,0.0,0.0,0.0,0.0,0.0,0.0,0.0
38,Duran,2,4,2.6,53,622,4,7,0,3,2,14,0,2.03,5.11,0.24,9.94,5.35,0.74,0.03,1.44,0.77
39,Gauci,2,1,0.0,0,0,0,0,0,0,0,0,0,0.0,0.0,0.0,0.0,0.0,0.0,0.0,0.0,0.0
40,Hause,2,2,0.0,0,0,0,0,0,0,0,0,0,0.0,0.0,0.0,0.0,0.0,0.0,0.0,0.0,0.0
41,Iling Jr,2,3,0.0,0,0,0,0,0,0,0,0,0,0.0,0.0,0.0,0.0,0.0,0.0,0.0,0.0,0.0
42,Kamara,2,3,1.8,39,1367,16,0,0,2,3,21,0,1.38,0.37,0.64,18.88,1.01,0.02,0.04,1.24,0.06
43,Kesler-Hayden,2,2,0.0,0,0,0,0,0,0,0,0,0,0.0,0.0,0.0,0.0,0.0,0.0,0.0,0.0,0.0
44,Konsa,2,2,2.5,76,2576,29,1,0,0,5,43,0,1.5,0.94,0.48,38.8,1.42,0.03,0.02,1.36,0.05
45,Maatsen,2,2,1.7,43,874,7,1,2,2,1,14,0,1.44,0.75,2.28,12.69,3.03,0.08,0.23,1.31,0.31
46,Marschall,2,1,0.0,0,0,0,0,0,0,0,0,0,0.0,0.0,0.0,0.0,0.0,0.0,0.0,0.0,0.0
47,Martinez,2,1,2.7,90,2880,33,0,0,4,5,45,87,1.41,0.0,0.01,41.72,0.01,0.0,0.0,1.3,0.0
48,McGinn,2,3,2.2,65,1987,24,1,3,7,5,34,0,1.54,2.93,2.43,31.74,5.36,0.13,0.11,1.44,0.24
49,Mings,2,2,3.2,41,1050,11,0,1,1,3,11,0,0.94,0.88,0.2,13.12,1.08,0.08,0.02,1.12,0.1
50,Nedeljkovic,2,2,1.0,5,121,0,0,0,0,0,4,0,2.98,0.0,0.02,2.23,0.02,0.0,0.01,1.66,0.01
51,Olsen,2,1,2.7,8,180,1,0,0,0,1,4,5,2.0,0.0,0.0,3.75,0.0,0.0,0.0,1.88,0.0
52,Pau,2,2,2.0,41,1729,20,0,0,1,3,31,0,1.61,0.51,0.35,24.75,0.86,0.03,0.02,1.29,0.05
53,Ramsey,2,3,2.5,64,1480,18,1,4,2,4,24,0,1.46,1.44,2.09,22.26,3.53,0.09,0.13,1.35,0.22
54,Rogers,2,3,4.4,145,2764,33,8,9,9,7,39,0,1.27,6.05,4.16,40.09,10.21,0.2,0.14,1.31,0.34
55,Sinisalo,2,1,0.0,0,0,0,0,0,0,0,0,0,0.0,0.0,0.0,0.0,0.0,0.0,0.0,0.0,0.0
56,Sousa,2,2,0.0,0,0,0,0,0,0,0,0,0,0.0,0.0,0.0,0.0,0.0,0.0,0.0,0.0,0.0
57,Tielemans,2,3,3.2,109,2915,34,2,7,4,6,44,0,1.36,3.04,5.79,41.69,8.83,0.09,0.18,1.29,0.27
58,Watkins,2,4,4.9,168,2258,27,15,7,2,7,38,0,1.51,14.33,1.65,33.75,15.98,0.57,0.07,1.35,0.64
167,Disasi,2,2,2.5,33,851,9,1,0,3,3,12,0,1.27,0.37,0.37,16.7,0.74,0.04,0.04,1.77,0.08
233,Onana,2,3,2.5,55,1345,17,3,0,4,3,23,0,1.54,2.12,0.53,20.68,2.65,0.14,0.04,1.38,0.18
385,Rashford,2,3,3.8,95,1414,16,6,4,2,7,15,0,0.95,4.67,3.43,21.68,8.1,0.3,0.22,1.38,0.52
598,Bogarde,2,2,0.8,6,473,5,0,0,2,0,11,0,2.09,0.04,0.13,9.28,0.17,0.01,0.02,1.77,0.03
640,Swinkels,2,2,0.0,0,0,0,0,0,0,0,0,0,0.0,0.0,0.0,0.0,0.0,0.0,0.0,0.0,0.0
641,Zych,2,1,0.0,0,0,0,0,0,0,0,0,0,0.0,0.0,0.0,0.0,0.0,0.0,0.0,0.0,0.0
656,Young,2,3,0.0,0,0,0,0,0,0,0,0,0,0.0,0.0,0.0,0.0,0.0,0.0,0.0,0.0,0.0
679,Broggio,2,3,0.0,0,0,0,0,0,0,0,0,0,0.0,0.0,0.0,0.0,0.0,0.0,0.0,0.0,0.0
710,Jimoh,2,3,0.0,0,0,0,0,0,0,0,0,0,0.0,0.0,0.0,0.0,0.0,0.0,0.0,0.0,0.0
725,Malen,2,3,2.8,31,267,2,3,0,0,0,5,0,1.69,1.65,0.05,3.75,1.7,0.56,0.02,1.26,0.58
731,A. Garcia,2,2,1.1,8,316,5,0,0,0,0,5,0,1.42,0.04,0.49,6.49,0.53,0.01,0.14,1.85,0.15
737,Emery,2,5,0.0,77,0,0,0,0,0,0,0,0,0.0,0.0,0.0,0.0,0.0,0.0,0.0,0.0,0.0
762,M.Asensio,2,3,4.1,37,477,5,3,2,1,1,8,0,1.51,4.18,0.84,8.79,5.02,0.79,0.16,1.66,0.95
59,Aarons,3,2,2.7,8,84,1,0,0,0,1,0,0,0.0,0.0,0.01,0.28,0.01,0.0,0.01,0.3,0.01
60,Adams,3,3,2.0,49,1614,17,0,3,7,5,25,0,1.39,1.27,0.62,25.04,1.89,0.07,0.03,1.4,0.1
61,Anthony,3,3,0.0,0,0,0,0,0,0,0,0,0,0.0,0.0,0.0,0.0,0.0,0.0,0.0,0.0,0.0
62,Brooks,3,3,1.8,46,798,8,2,1,3,2,11,0,1.24,2.2,1.66,14.39,3.86,0.25,0.19,1.62,0.44
63,Christie,3,3,2.6,76,2114,27,2,3,9,8,28,0,1.19,2.14,2.9,30.17,5.04,0.09,0.12,1.28,0.21
64,Cook,3,3,2.4,79,2724,29,1,4,8,5,39,0,1.29,0.94,3.67,41.47,4.61,0.03,0.12,1.37,0.15
65,Enes Unal,3,4,1.9,32,330,2,2,1,2,2,3,0,0.82,2.73,0.26,6.38,2.99,0.74,0.07,1.74,0.81
66,Faivre,3,3,0.0,0,0,0,0,0,0,0,0,0,0.0,0.0,0.0,0.0,0.0,0.0,0.0,0.0,0.0
67,H.Traore,3,3,0.0,0,0,0,0,0,0,0,0,0,0.0,0.0,0.0,0.0,0.0,0.0,0.0,0.0,0.0
68,Hill,3,2,1.7,17,443,6,0,1,1,1,9,0,1.83,0.29,0.25,8.54,0.54,0.06,0.05,1.73,0.11
69,Jebbison,3,4,0.9,11,66,0,0,0,1,0,1,0,1.36,0.21,0.12,1.83,0.33,0.29,0.16,2.5,0.45
70,Kerkez,3,2,3.6,123,2987,34,2,6,4,8,41,0,1.24,0.52,2.26,44.56,2.78,0.02,0.07,1.34,0.09
71,Kluivert,3,3,5.0,151,2095,26,12,6,8,12,26,0,1.12,9.61,3.42,29.63,13.03,0.41,0.15,1.27,0.56
72,Mepham,3,2,0.0,0,0,0,0,0,0,0,0,0,0.0,0.0,0.0,0.0,0.0,0.0,0.0,0.0,0.0
74,O.Dango,3,3,3.5,110,1925,20,7,4,2,7,22,0,1.03,8.43,3.21,30.71,11.64,0.39,0.15,1.44,0.54
75,Paulsen,3,1,0.0,0,0,0,0,0,0,0,0,0,0.0,0.0,0.0,0.0,0.0,0.0,0.0,0.0,0.0
76,Philip,3,3,1.0,10,176,1,0,0,1,0,4,0,2.05,0.55,0.97,3.35,1.52,0.28,0.5,1.71,0.78
77,Scott,3,3,1.4,24,674,7,0,0,2,3,7,0,0.93,0.66,0.77,9.09,1.43,0.09,0.1,1.21,0.19
78,Semenyo,3,3,4.3,141,2907,33,9,6,9,10,37,0,1.15,8.96,4.19,41.28,13.15,0.28,0.13,1.28,0.41
79,Senesi,3,2,1.6,24,1012,12,0,0,5,1,17,0,1.51,0.81,0.46,14.49,1.27,0.07,0.04,1.29,0.11
80,Sinisterra,3,3,1.9,23,229,1,1,1,0,0,4,0,1.57,1.18,1.29,4.08,2.47,0.46,0.51,1.6,0.97
81,Smith,3,2,2.2,49,1406,17,0,0,6,5,16,0,1.02,0.65,0.35,17.68,1.0,0.04,0.02,1.13,0.06
83,Tavernier,3,3,3.0,75,1572,16,3,6,5,3,24,0,1.37,5.21,2.52,21.21,7.73,0.3,0.14,1.21,0.44
84,Travers,3,1,3.8,19,450,5,0,0,0,1,5,20,1.0,0.0,0.01,7.36,0.01,0.0,0.0,1.47,0.0
85,Zabarnyi,3,2,2.5,79,2752,31,0,0,3,7,37,0,1.21,1.08,0.52,38.32,1.6,0.04,0.02,1.25,0.06
152,Arrizabalaga,3,1,3.5,94,2430,27,0,0,3,7,34,90,1.26,0.06,0.03,34.61,0.09,0.0,0.0,1.28,0.0
580,Huijsen,3,2,3.2,91,2140,23,2,1,8,7,26,0,1.09,1.67,1.5,33.47,3.17,0.07,0.06,1.41,0.13
592,J.Araujo,3,2,1.0,9,358,5,0,0,1,0,7,0,1.76,0.0,0.05,6.95,0.05,0.0,0.01,1.75,0.01
599,Dennis,3,1,0.0,0,0,0,0,0,0,0,0,0,0.0,0.0,0.0,0.0,0.0,0.0,0.0,0.0,0.0
617,Evanilson,3,4,4.3,116,1969,24,9,5,0,10,26,0,1.19,10.94,1.65,22.71,12.59,0.5,0.08,1.04,0.58
680,Kinsey,3,2,0.0,0,0,0,0,0,0,0,0,0,0.0,0.0,0.0,0.0,0.0,0.0,0.0,0.0,0.0
687,Winterburn,3,3,1.0,3,21,0,0,0,0,0,0,0,0.0,0.0,0.0,0.16,0.0,0.0,0.0,0.69,0.0
702,Harris,3,2,0.0,0,0,0,0,0,0,0,0,0,0.0,0.0,0.0,0.0,0.0,0.0,0.0,0.0,0.0
707,Rees-Dottin,3,4,1.0,1,1,0,0,0,0,0,0,0,0.0,0.0,0.0,0.0,0.0,0.0,0.0,0.0,0.0
712,Akinmboni,3,2,0.0,0,0,0,0,0,0,0,0,0,0.0,0.0,0.0,0.0,0.0,0.0,0.0,0.0,0.0
713,Soler,3,2,1.0,1,1,0,0,0,0,0,0,0,0.0,0.0,0.0,0.0,0.0,0.0,0.0,0.0,0.0
722,Adu-Adjei,3,4,0.0,0,0,0,0,0,0,0,0,0,0.0,0.0,0.0,0.0,0.0,0.0,0.0,0.0,0.0
723,Sadi,3,3,0.0,0,0,0,0,0,0,0,0,0,0.0,0.0,0.0,0.0,0.0,0.0,0.0,0.0,0.0
727,McKenna,3,1,0.0,0,0,0,0,0,0,0,0,0,0.0,0.0,0.0,0.0,0.0,0.0,0.0,0.0,0.0
728,Silcott-Duberry,3,3,1.0,1,1,0,0,0,0,0,0,0,0.0,0.0,0.0,0.04,0.0,0.0,0.0,3.6,0.0
738,Iraola,3,5,0.0,53,0,0,0,0,0,0,0,0,0.0,0.0,0.0,0.0,0.0,0.0,0.0,0.0,0.0
86,Ajer,4,2,1.9,38,1387,17,0,0,4,3,21,0,1.36,0.83,0.47,20.91,1.3,0.05,0.03,1.36,0.08
87,Brierley,4,3,0.0,0,0,0,0,0,0,0,0,0,0.0,0.0,0.0,0.0,0.0,0.0,0.0,0.0,0.0
88,Collins,4,2,3.2,104,2970,33,2,6,5,6,50,0,1.52,2.43,1.33,50.74,3.76,0.07,0.04,1.54,0.11
89,Damsgaard,4,3,3.5,116,2495,29,2,9,2,9,36,0,1.3,2.67,5.94,41.24,8.61,0.1,0.21,1.49,0.31
90,Dasilva,4,3,0.0,0,0,0,0,0,0,0,0,0,0.0,0.0,0.0,0.0,0.0,0.0,0.0,0.0,0.0
91,Flekken,4,1,3.4,110,2825,32,0,1,1,5,48,133,1.53,0.0,0.11,49.25,0.11,0.0,0.0,1.57,0.0
92,Henry,4,2,1.0,2,17,0,0,0,0,0,1,0,5.29,0.0,0.0,1.11,0.0,0.0,0.0,5.88,0.0
93,Hickey,4,2,0.0,0,0,0,0,0,0,0,0,0,0.0,0.0,0.0,0.0,0.0,0.0,0.0,0.0,0.0
94,Janelt,4,3,2.3,73,2251,27,1,3,3,6,38,0,1.52,0.83,2.38,37.37,3.21,0.03,0.1,1.49,0.13
95,Jensen,4,3,1.7,33,759,8,0,2,2,2,15,0,1.78,0.23,1.34,14.66,1.57,0.03,0.16,1.74,0.19
96,Ji-soo,4,2,1.0,3,28,0,0,0,0,0,0,0,0.0,0.0,0.0,0.32,0.0,0.0,0.0,1.03,0.0
97,Konak,4,3,1.0,8,46,0,0,0,0,0,2,0,3.91,0.15,0.0,1.36,0.15,0.29,0.0,2.66,0.29
98,Lewis-Potter,4,3,2.6,86,2712,31,1,5,5,7,44,0,1.46,2.45,4.64,46.08,7.09,0.08,0.15,1.53,0.23
99,Mbeumo,4,3,6.4,210,2965,33,18,7,2,7,48,0,1.46,10.83,8.5,49.83,19.32,0.33,0.26,1.51,0.59
100,Mee,4,2,1.3,9,180,2,0,0,2,1,4,0,2.0,0.0,0.02,2.71,0.02,0.0,0.01,1.36,0.01
101,Norgaard,4,3,3.0,86,2370,29,5,2,5,4,38,0,1.44,3.54,0.9,38.97,4.44,0.13,0.03,1.48,0.16
102,Onyeka,4,3,1.0,2,23,0,0,0,0,0,0,0,0.0,0.0,0.02,0.69,0.02,0.0,0.08,2.7,0.08
103,Peart-Harris,4,3,0.0,0,0,0,0,0,0,0,0,0,0.0,0.0,0.0,0.0,0.0,0.0,0.0,0.0,0.0
104,Pinnock,4,2,2.1,47,1912,21,2,0,2,2,35,0,1.65,1.08,0.64,34.33,1.72,0.05,0.03,1.62,0.08
105,Roerslev,4,2,1.9,36,1100,11,0,2,2,2,20,0,1.64,0.2,2.09,21.52,2.29,0.02,0.17,1.76,0.19
106,Schade,4,3,3.4,112,1918,21,7,4,3,8,29,0,1.36,6.22,1.55,26.82,7.77,0.29,0.07,1.26,0.36
107,Thiago,4,4,1.2,5,129,1,0,0,0,0,2,0,1.4,0.1,0.02,2.52,0.12,0.07,0.01,1.76,0.08
108,Toney,4,4,0.0,0,0,0,0,0,0,0,0,0,0.0,0.0,0.0,0.0,0.0,0.0,0.0,0.0,0.0
109,Valdimarsson,4,1,1.0,2,144,1,0,0,0,0,2,3,1.25,0.0,0.0,1.49,0.0,0.0,0.0,0.93,0.0
110,Wissa,4,4,5.3,159,2471,29,15,5,2,7,38,0,1.38,14.82,1.91,39.72,16.72,0.54,0.07,1.45,0.61
111,Yarmoliuk,4,3,1.3,33,1024,10,0,0,4,1,20,0,1.76,0.62,0.44,21.18,1.06,0.05,0.04,1.86,0.09
112,Zanka,4,2,0.0,0,0,0,0,0,0,0,0,0,0.0,0.0,0.0,0.0,0.0,0.0,0.0,0.0,0.0
314,Carvalho,4,3,1.8,35,443,3,2,1,1,0,14,0,2.84,2.49,0.54,11.46,3.03,0.51,0.11,2.33,0.62
338,Van den Berg,4,2,1.8,47,2134,24,0,1,2,3,42,0,1.77,1.4,0.51,39.04,1.91,0.06,0.02,1.65,0.08
602,Trevitt,4,3,1.0,1,3,0,0,0,0,0,0,0,0.0,0.0,0.0,0.0,0.0,0.0,0.0,0.0,0.0
634,G.Nunes,4,3,1.0,2,2,0,0,0,0,0,0,0,0.0,0.0,0.0,0.09,0.0,0.0,0.0,4.05,0.0
649,Meghoma,4,2,1.0,1,4,0,0,0,0,0,0,0,0.0,0.0,0.0,0.14,0.0,0.0,0.0,3.15,0.0
661,Yogane,4,3,0.0,0,0,0,0,0,0,0,0,0,0.0,0.0,0.0,0.0,0.0,0.0,0.0,0.0,0.0
674,Maghoma,4,3,1.0,8,112,0,0,0,0,0,1,0,0.8,0.12,0.04,1.89,0.16,0.1,0.03,1.52,0.13
705,Arthur,4,2,0.0,0,0,0,0,0,0,0,0,0,0.0,0.0,0.0,0.0,0.0,0.0,0.0,0.0,0.0
752,Frank,4,5,0.0,71,0,0,0,0,0,0,0,0,0.0,0.0,0.0,0.0,0.0,0.0,0.0,0.0,0.0
757,Kayode,4,2,1.0,7,123,1,0,0,1,0,2,0,1.46,0.0,0.14,1.88,0.14,0.0,0.1,1.38,0.1
759,Eyestone,4,1,0.0,0,0,0,0,0,0,0,0,0,0.0,0.0,0.0,0.0,0.0,0.0,0.0,0.0,0.0
780,Morgan,4,4,0.0,0,0,0,0,0,0,0,0,0,0.0,0.0,0.0,0.0,0.0,0.0,0.0,0.0,0.0
786,Benjamin Fredrick,4,2,0.0,0,0,0,0,0,0,0,0,0,0.0,0.0,0.0,0.0,0.0,0.0,0.0,0.0,0.0
113,Adingra,5,3,2.0,50,873,9,2,2,0,1,20,0,2.06,2.15,2.28,14.73,4.43,0.22,0.24,1.52,0.46
114,Baker-Boaitey,5,3,0.0,0,0,0,0,0,0,0,0,0,0.0,0.0,0.0,0.0,0.0,0.0,0.0,0.0,0.0
115,Baleba,5,3,2.6,78,2312,27,3,1,6,7,36,0,1.4,3.01,1.13,32.65,4.14,0.12,0.04,1.27,0.16
116,Barco,5,2,0.0,0,0,0,0,0,0,0,0,0,0.0,0.0,0.0,0.0,0.0,0.0,0.0,0.0,0.0
118,Cozier-Duberry,5,3,0.0,0,0,0,0,0,0,0,0,0,0.0,0.0,0.0,0.0,0.0,0.0,0.0,0.0,0.0
119,Dahoud,5,3,0.0,0,0,0,0,0,0,0,0,0,0.0,0.0,0.0,0.0,0.0,0.0,0.0,0.0,0.0
120,Dunk,5,2,1.8,42,1991,22,0,1,5,4,41,0,1.85,0.81,1.01,33.82,1.82,0.04,0.05,1.53,0.09
122,Estupinan,5,2,2.0,53,2129,23,1,1,5,2,41,0,1.73,0.84,2.2,34.83,3.04,0.04,0.09,1.47,0.13
124,Gilmour,5,3,1.5,3,97,1,0,0,0,0,1,0,0.93,0.08,0.04,1.32,0.12,0.07,0.04,1.22,0.11
125,Gross,5,3,0.0,0,0,0,0,0,0,0,0,0,0.0,0.0,0.0,0.0,0.0,0.0,0.0,0.0,0.0
126,Hinshelwood,5,3,2.9,64,1674,20,2,3,5,5,29,0,1.56,1.45,1.46,27.33,2.91,0.08,0.08,1.47,0.16
127,I.Osman,5,3,0.0,0,0,0,0,0,0,0,0,0,0.0,0.0,0.0,0.0,0.0,0.0,0.0,0.0,0.0
128,Igor,5,2,1.4,17,900,9,0,0,4,1,16,0,1.6,0.05,0.23,15.26,0.28,0.0,0.02,1.53,0.02
129,Joao Pedro,5,4,4.7,126,1946,23,10,6,4,6,28,0,1.29,8.96,3.1,25.51,12.06,0.41,0.14,1.18,0.55
130,Kozlowski,5,3,0.0,0,0,0,0,0,0,0,0,0,0.0,0.0,0.0,0.0,0.0,0.0,0.0,0.0,0.0
131,Lamptey,5,2,3.1,40,762,9,2,2,0,2,20,0,2.36,0.38,0.53,12.91,0.91,0.04,0.06,1.52,0.1
132,March,5,3,0.9,7,161,1,0,0,2,0,3,0,1.68,0.09,0.32,2.82,0.41,0.05,0.18,1.58,0.23
133,Mazilu,5,3,0.0,0,0,0,0,0,0,0,0,0,0.0,0.0,0.0,0.0,0.0,0.0,0.0,0.0,0.0
134,Milner,5,3,1.7,5,169,3,0,0,1,1,1,0,0.53,0.16,0.15,1.98,0.31,0.09,0.08,1.05,0.17
135,Minteh,5,3,3.1,86,1489,16,5,5,6,3,29,0,1.75,3.72,4.55,21.56,8.27,0.22,0.28,1.3,0.5
136,Mitoma,5,3,4.1,134,2517,28,9,4,1,6,40,0,1.43,8.79,3.72,36.11,12.51,0.31,0.13,1.29,0.44
137,Moder,5,3,1.0,4,9,0,0,0,0,0,0,0,0.0,0.0,0.53,0.26,0.53,0.0,5.3,2.6,5.3
138,O'Mahony,5,4,0.0,0,0,0,0,0,0,0,0,0,0.0,0.0,0.0,0.0,0.0,0.0,0.0,0.0,0.0
139,Offiah,5,2,0.0,0,0,0,0,0,0,0,0,0,0.0,0.0,0.0,0.0,0.0,0.0,0.0,0.0,0.0
140,Peupion,5,3,0.0,0,0,0,0,0,0,0,0,0,0.0,0.0,0.0,0.0,0.0,0.0,0.0,0.0,0.0
141,Sarmiento,5,3,1.0,1,8,0,0,0,0,0,0,0,0.0,0.0,0.0,0.0,0.0,0.0,0.0,0.0,0.0
142,Steele,5,1,4.5,9,180,2,0,0,0,1,1,3,0.5,0.0,0.0,1.88,0.0,0.0,0.0,0.94,0.0
143,Undav,5,4,0.0,0,0,0,0,0,0,0,0,0,0.0,0.0,0.0,0.0,0.0,0.0,0.0,0.0,0.0
144,Van Hecke,5,2,2.5,75,2600,29,1,1,6,6,43,0,1.49,1.24,1.33,37.7,2.57,0.04,0.05,1.3,0.09
145,Veltman,5,2,3.1,58,1642,19,0,0,4,6,23,0,1.26,0.47,1.29,23.78,1.76,0.03,0.07,1.3,0.1
146,Verbruggen,5,1,2.8,88,2880,32,0,1,5,6,54,79,1.69,0.0,0.01,46.13,0.01,0.0,0.0,1.44,0.0
147,Webster,5,2,2.4,26,615,8,0,0,0,3,8,0,1.17,0.02,0.21,9.16,0.23,0.0,0.03,1.34,0.03
148,Welbeck,5,4,4.1,110,1846,21,9,4,4,6,34,0,1.66,8.13,1.25,32.38,9.38,0.4,0.06,1.58,0.46
149,Wieffer,5,3,1.9,40,680,6,1,3,4,1,19,0,2.51,0.78,0.77,13.54,1.55,0.1,0.1,1.79,0.2
595,Gruda,5,3,1.8,30,497,6,0,3,0,1,12,0,2.17,0.36,0.9,8.57,1.26,0.07,0.16,1.55,0.23
600,Ayari,5,3,2.1,62,1729,19,1,1,3,6,24,0,1.25,2.29,2.29,24.69,4.58,0.12,0.12,1.29,0.24
601,Moran,5,3,0.0,0,0,0,0,0,0,0,0,0,0.0,0.0,0.0,0.0,0.0,0.0,0.0,0.0,0.0
615,Rushworth,5,1,0.0,0,0,0,0,0,0,0,0,0,0.0,0.0,0.0,0.0,0.0,0.0,0.0,0.0,0.0
618,Georginio,5,3,3.4,95,1651,19,5,6,2,6,29,0,1.58,4.57,1.67,27.9,6.24,0.25,0.09,1.52,0.34
628,F.Kadioglu,5,2,3.2,19,385,5,1,0,1,2,8,0,1.87,0.44,0.31,9.44,0.75,0.1,0.07,2.21,0.17
629,O'Riley,5,3,2.2,37,750,9,1,2,1,2,19,0,2.28,1.9,1.58,11.4,3.48,0.23,0.19,1.37,0.42
663,Samuels,5,2,0.0,0,0,0,0,0,0,0,0,0,0.0,0.0,0.0,0.0,0.0,0.0,0.0,0.0,0.0
668,Cahill,5,1,0.0,0,0,0,0,0,0,0,0,0,0.0,0.0,0.0,0.0,0.0,0.0,0.0,0.0,0.0
681,McConville,5,2,0.0,0,0,0,0,0,0,0,0,0,0.0,0.0,0.0,0.0,0.0,0.0,0.0,0.0,0.0
685,Slater,5,2,0.0,0,0,0,0,0,0,0,0,0,0.0,0.0,0.0,0.0,0.0,0.0,0.0,0.0,0.0
714,Gomez,5,3,1.3,16,434,4,0,0,0,0,13,0,2.7,0.45,0.78,8.48,1.23,0.09,0.16,1.76,0.25
739,Hurzeler,5,5,0.0,71,0,0,0,0,0,0,0,0,0.0,0.0,0.0,0.0,0.0,0.0,0.0,0.0,0.0
758,Knight,5,3,0.0,0,0,0,0,0,0,0,0,0,0.0,0.0,0.0,0.0,0.0,0.0,0.0,0.0,0.0
763,Cashin,5,2,0.5,1,19,0,0,0,0,0,2,0,9.47,0.0,0.0,0.44,0.0,0.0,0.0,2.08,0.0
791,Charlie Tasker,5,2,0.0,0,0,0,0,0,0,0,0,0,0.0,0.0,0.0,0.0,0.0,0.0,0.0,0.0,0.0
794,Freddie Simmonds,5,2,0.0,0,0,0,0,0,0,0,0,0,0.0,0.0,0.0,0.0,0.0,0.0,0.0,0.0,0.0
795,Harry Howell,5,3,0.0,0,0,0,0,0,0,0,0,0,0.0,0.0,0.0,0.0,0.0,0.0,0.0,0.0,0.0
150,Andrey Santos,6,3,0.0,0,0,0,0,0,0,0,0,0,0.0,0.0,0.0,0.0,0.0,0.0,0.0,0.0,0.0
151,Angelo,6,3,0.0,0,0,0,0,0,0,0,0,0,0.0,0.0,0.0,0.0,0.0,0.0,0.0,0.0,0.0
153,B.Badiashile,6,2,1.4,7,332,3,0,0,0,0,5,0,1.36,0.0,0.08,5.34,0.08,0.0,0.02,1.45,0.02
154,Bergstrom,6,1,0.0,0,0,0,0,0,0,0,0,0,0.0,0.0,0.0,0.0,0.0,0.0,0.0,0.0,0.0
155,Bettinelli,6,1,0.0,0,0,0,0,0,0,0,0,0,0.0,0.0,0.0,0.0,0.0,0.0,0.0,0.0,0.0
157,Caicedo,6,3,2.5,85,2991,34,1,3,10,10,39,0,1.17,0.76,2.67,41.16,3.43,0.02,0.08,1.24,0.1
158,Casadei,6,3,0.0,0,0,0,0,0,0,0,0,0,0.0,0.0,0.0,0.0,0.0,0.0,0.0,0.0,0.0
159,Chalobah,6,2,3.9,90,1805,21,3,1,2,6,23,0,1.15,1.93,0.63,24.55,2.56,0.1,0.03,1.22,0.13
161,Chukwuemeka,6,3,0.0,0,0,0,0,0,0,0,0,0,0.0,0.0,0.0,0.0,0.0,0.0,0.0,0.0,0.0
162,Colwill,6,2,2.8,86,2790,31,1,1,8,8,38,0,1.23,1.34,1.29,39.26,2.63,0.04,0.04,1.27,0.08
163,Cucurella,6,2,3.3,107,2628,29,4,2,8,7,35,0,1.2,2.59,2.23,35.68,4.82,0.09,0.08,1.22,0.17
164,D.D.Fofana,6,4,0.0,0,0,0,0,0,0,0,0,0,0.0,0.0,0.0,0.0,0.0,0.0,0.0,0.0,0.0
165,Deivid,6,4,0.0,0,0,0,0,0,0,0,0,0,0.0,0.0,0.0,0.0,0.0,0.0,0.0,0.0,0.0
166,Dewsbury-Hall,6,3,1.4,17,253,2,0,1,0,0,3,0,1.07,0.22,0.22,3.27,0.44,0.08,0.08,1.16,0.16
168,Enzo,6,3,3.7,119,2586,28,5,8,7,8,34,0,1.18,5.54,5.93,33.8,11.47,0.19,0.21,1.18,0.4
169,Gallagher,6,3,0.0,0,0,0,0,0,0,0,0,0,0.0,0.0,0.0,0.0,0.0,0.0,0.0,0.0,0.0
170,Gilchrist,6,2,0.0,0,0,0,0,0,0,0,0,0,0.0,0.0,0.0,0.0,0.0,0.0,0.0,0.0,0.0
171,Gusto,6,2,2.0,56,1813,19,0,1,4,4,24,0,1.19,1.44,1.81,26.66,3.25,0.07,0.09,1.32,0.16
172,James,6,2,2.4,36,830,10,1,1,1,1,13,0,1.41,0.28,0.88,14.37,1.16,0.03,0.1,1.56,0.13
173,Kellyman,6,3,0.0,0,0,0,0,0,0,0,0,0,0.0,0.0,0.0,0.0,0.0,0.0,0.0,0.0,0.0
174,Lavia,6,3,1.6,19,604,9,0,1,4,2,10,0,1.49,0.18,0.33,11.17,0.51,0.03,0.05,1.66,0.08
175,Lukaku,6,4,0.0,0,0,0,0,0,0,0,0,0,0.0,0.0,0.0,0.0,0.0,0.0,0.0,0.0,0.0
176,M.Sarr,6,2,0.0,0,0,0,0,0,0,0,0,0,0.0,0.0,0.0,0.0,0.0,0.0,0.0,0.0,0.0
177,Madueke,6,3,4.0,111,1718,23,7,5,3,4,26,0,1.36,8.23,2.52,25.99,10.75,0.43,0.13,1.36,0.56
178,Marc Guiu,6,4,1.0,3,71,0,0,0,0,0,2,0,2.54,0.0,0.02,1.46,0.02,0.0,0.03,1.85,0.03
179,Mudryk,6,3,1.0,7,145,1,0,0,0,0,2,0,1.24,0.24,0.66,3.28,0.9,0.15,0.41,2.04,0.56
180,N.Jackson,6,4,4.3,121,2114,26,10,6,7,10,22,0,0.94,11.56,1.89,26.67,13.45,0.49,0.08,1.14,0.57
181,Nkunku,6,3,2.2,60,904,9,3,2,2,2,16,0,1.59,5.11,1.01,16.25,6.12,0.51,0.1,1.62,0.61
182,Palmer,6,3,6.0,197,2833,32,14,10,6,8,38,0,1.21,15.37,8.2,39.62,23.57,0.49,0.26,1.26,0.75
183,Petrovic,6,1,0.0,0,0,0,0,0,0,0,0,0,0.0,0.0,0.0,0.0,0.0,0.0,0.0,0.0,0.0
184,Renato Veiga,6,3,1.0,7,176,1,0,0,2,1,2,0,1.02,0.16,0.15,3.17,0.31,0.08,0.08,1.62,0.16
185,Sanchez,6,1,3.9,110,2520,28,0,0,5,8,31,87,1.11,0.0,0.02,34.29,0.02,0.0,0.0,1.22,0.0
187,Tosin,6,2,2.9,57,1223,13,1,1,3,5,14,0,1.03,0.9,0.22,17.98,1.12,0.07,0.02,1.32,0.09
189,W.Fofana,6,2,1.9,26,1172,14,0,0,7,2,13,0,1.0,0.44,0.18,14.76,0.62,0.03,0.01,1.13,0.04
386,Sancho,6,3,2.9,82,1660,18,3,5,1,6,22,0,1.19,1.92,2.99,22.76,4.91,0.1,0.16,1.23,0.26
560,Neto,6,3,2.8,88,1915,20,4,4,8,6,22,0,1.03,2.75,3.94,24.33,6.69,0.13,0.19,1.14,0.32
575,Wiley,6,2,0.0,0,0,0,0,0,0,0,0,0,0.0,0.0,0.0,0.0,0.0,0.0,0.0,0.0,0.0
581,Jorgensen,6,1,3.0,18,540,6,0,0,0,1,9,20,1.5,0.0,0.0,8.83,0.0,0.0,0.0,1.47,0.0
621,Joao Felix,6,3,2.0,24,362,3,1,2,2,1,4,0,0.99,2.3,0.45,5.96,2.75,0.57,0.11,1.48,0.68
695,Rak-Sakyi,6,3,0.0,0,0,0,0,0,0,0,0,0,0.0,0.0,0.0,0.0,0.0,0.0,0.0,0.0,0.0
696,George,6,3,2.0,14,97,0,1,1,1,0,0,0,0.0,0.2,0.26,1.12,0.46,0.19,0.24,1.04,0.43
697,Acheampong,6,2,1.0,4,168,2,0,0,1,0,3,0,1.61,0.22,0.01,2.09,0.23,0.12,0.01,1.12,0.13
740,Maresca,6,5,0.0,67,0,0,0,0,0,0,0,0,0.0,0.0,0.0,0.0,0.0,0.0,0.0,0.0,0.0
771,Amougou,6,3,1.0,1,7,0,0,0,0,0,0,0,0.0,0.0,0.0,0.0,0.0,0.0,0.0,0.0,0.0
774,Anselmino,6,2,0.0,0,0,0,0,0,0,0,0,0,0.0,0.0,0.0,0.0,0.0,0.0,0.0,0.0,0.0
781,Mheuka,6,4,1.0,1,1,0,0,0,0,0,0,0,0.0,0.06,0.0,0.0,0.06,5.4,0.0,0.0,5.4
782,Samuels-Smith,6,2,0.0,0,0,0,0,0,0,0,0,0,0.0,0.0,0.0,0.0,0.0,0.0,0.0,0.0,0.0
787,Genesis Antwi,6,2,0.0,0,0,0,0,0,0,0,0,0,0.0,0.0,0.0,0.0,0.0,0.0,0.0,0.0,0.0
11,Nketiah,7,4,1.5,38,866,8,1,2,3,2,14,0,1.45,4.61,0.81,11.55,5.42,0.48,0.08,1.2,0.56
160,Chilwell,7,2,0.8,5,135,0,0,0,1,0,2,0,1.33,0.08,0.28,1.16,0.36,0.05,0.19,0.77,0.24
190,Ahamada,7,3,0.0,0,0,0,0,0,0,0,0,0,0.0,0.0,0.0,0.0,0.0,0.0,0.0,0.0,0.0
193,C.Doucoure,7,3,1.5,19,443,4,0,1,1,1,6,0,1.22,0.4,0.11,7.53,0.51,0.08,0.02,1.53,0.1
194,C.Richards,7,2,2.9,57,1561,18,1,1,2,6,27,0,1.56,1.22,0.59,24.7,1.81,0.07,0.03,1.42,0.1
195,Chadi Riad,7,2,1.0,1,90,1,0,0,0,0,2,0,2.0,0.0,0.02,1.39,0.02,0.0,0.02,1.39,0.02
196,Clyne,7,2,1.4,18,477,5,0,0,1,1,11,0,2.08,0.02,0.24,10.11,0.26,0.0,0.05,1.91,0.05
197,Ebiowei,7,3,0.0,0,0,0,0,0,0,0,0,0,0.0,0.0,0.0,0.0,0.0,0.0,0.0,0.0,0.0
199,Eze,7,3,3.8,113,2338,28,4,8,1,8,33,0,1.27,8.04,3.75,32.53,11.79,0.31,0.14,1.25,0.45
200,Guehi,7,2,3.3,107,2879,32,3,2,7,10,41,0,1.28,1.76,1.32,40.16,3.08,0.06,0.04,1.26,0.1
201,Henderson,7,1,3.6,123,3060,34,0,0,3,10,47,96,1.38,0.01,0.02,45.25,0.03,0.0,0.0,1.33,0.0
202,Holding,7,2,0.0,0,0,0,0,0,0,0,0,0,0.0,0.0,0.0,0.0,0.0,0.0,0.0,0.0,0.0
203,Hughes,7,3,2.0,59,1862,21,0,4,11,8,29,0,1.4,1.02,2.33,28.26,3.35,0.05,0.11,1.37,0.16
205,Kamada,7,3,1.3,40,1321,13,0,0,3,3,25,0,1.7,0.99,1.39,22.4,2.38,0.07,0.09,1.53,0.16
206,Lerma,7,3,1.8,51,2027,23,0,1,8,5,33,0,1.47,1.0,1.59,29.34,2.59,0.04,0.07,1.3,0.11
207,Mateta,7,4,4.4,144,2438,30,14,2,2,8,36,0,1.33,12.27,2.22,35.6,14.49,0.45,0.08,1.31,0.53
208,M.Franca,7,3,3.5,7,24,0,1,0,0,0,0,0,0.0,0.12,0.16,0.07,0.28,0.45,0.6,0.26,1.05
209,Matthews,7,1,0.0,0,0,0,0,0,0,0,0,0,0.0,0.0,0.0,0.0,0.0,0.0,0.0,0.0,0.0
210,Mitchell,7,2,3.1,107,2850,34,0,4,2,11,44,0,1.39,1.23,3.55,43.05,4.78,0.04,0.11,1.36,0.15
211,Munoz,7,2,3.8,127,2869,33,4,5,9,10,42,0,1.32,4.56,3.06,41.22,7.62,0.14,0.1,1.29,0.24
212,Ozoh,7,3,0.0,0,0,0,0,0,0,0,0,0,0.0,0.0,0.0,0.0,0.0,0.0,0.0,0.0,0.0
213,Rak-Sakyi,7,3,0.0,0,0,0,0,0,0,0,0,0,0.0,0.0,0.0,0.0,0.0,0.0,0.0,0.0,0.0
214,Schlupp,7,3,1.0,12,95,0,0,0,0,0,3,0,2.84,0.17,0.14,1.53,0.31,0.16,0.13,1.45,0.29
215,Ward,7,2,1.0,1,1,0,0,0,0,0,0,0,0.0,0.0,0.0,0.35,0.0,0.0,0.0,31.5,0.0
216,Wharton,7,3,2.1,39,1254,15,0,2,2,3,21,0,1.51,0.35,2.12,18.8,2.47,0.03,0.15,1.35,0.18
445,Turner,7,1,0.0,0,0,0,0,0,0,0,0,0,0.0,0.0,0.0,0.0,0.0,0.0,0.0,0.0,0.0
585,I.Sarr,7,3,3.7,127,2389,26,7,5,4,9,35,0,1.32,8.58,5.65,33.99,14.23,0.32,0.21,1.28,0.53
644,Umeh-Chibueze,7,3,0.0,0,0,0,0,0,0,0,0,0,0.0,0.0,0.0,0.0,0.0,0.0,0.0,0.0,0.0
645,Devenny,7,3,1.4,28,418,4,1,0,1,0,6,0,1.29,0.66,0.39,7.13,1.05,0.14,0.08,1.54,0.22
646,Agbinone,7,3,1.0,2,4,0,0,0,0,0,0,0,0.0,0.02,0.01,0.0,0.03,0.45,0.22,0.0,0.67
647,Rodney,7,3,0.0,0,0,0,0,0,0,0,0,0,0.0,0.0,0.0,0.0,0.0,0.0,0.0,0.0,0.0
650,Lacroix,7,2,3.3,103,2756,31,1,2,5,10,41,0,1.34,2.92,0.82,39.51,3.74,0.1,0.03,1.29,0.13
666,Kporha,7,2,1.0,2,11,0,0,0,0,0,1,0,8.18,0.0,0.02,0.06,0.02,0.0,0.16,0.49,0.16
676,Marsh,7,4,0.0,0,0,0,0,0,0,0,0,0,0.0,0.0,0.0,0.0,0.0,0.0,0.0,0.0,0.0
730,Esse,7,3,2.8,11,32,0,1,0,0,0,0,0,0.0,0.32,0.08,0.45,0.4,0.9,0.22,1.27,1.12
741,Glasner,7,5,0.0,90,0,0,0,0,0,0,0,0,0.0,0.0,0.0,0.0,0.0,0.0,0.0,0.0,0.0
156,Broja,8,4,1.2,12,327,4,0,0,1,2,2,0,0.55,0.11,0.11,3.82,0.22,0.03,0.03,1.05,0.06
217,A.Doucoure,8,3,2.8,85,2425,29,3,1,3,10,32,0,1.19,3.88,1.22,33.0,5.1,0.14,0.05,1.22,0.19
218,Beto,8,4,2.7,69,1178,11,6,0,2,2,22,0,1.68,5.72,0.24,15.42,5.96,0.44,0.02,1.18,0.46
219,Branthwaite,8,2,2.9,79,2256,25,0,1,4,8,25,0,1.0,1.08,0.44,27.84,1.52,0.04,0.02,1.11,0.06
220,Calvert-Lewin,8,4,2.7,59,1571,19,3,2,2,8,17,0,0.97,6.05,0.63,23.22,6.68,0.35,0.04,1.33,0.39
221,Coleman,8,2,1.0,3,196,2,0,0,1,0,4,0,1.84,0.62,0.01,4.32,0.63,0.28,0.0,1.98,0.28
222,Gana,8,3,2.4,80,2704,31,0,3,8,10,36,0,1.2,1.15,1.91,35.9,3.06,0.04,0.06,1.19,0.1
223,Garner,8,3,2.0,34,1230,13,0,1,3,3,16,0,1.17,0.29,1.15,15.59,1.44,0.02,0.08,1.14,0.1
224,Harrison,8,3,2.5,74,1881,22,1,3,0,6,25,0,1.2,3.33,3.04,28.16,6.37,0.16,0.15,1.35,0.31
225,Holgate,8,2,1.0,1,5,0,0,0,0,0,1,0,18.0,0.0,0.0,0.07,0.0,0.0,0.0,1.26,0.0
226,Iroegbunam,8,3,1.2,20,555,5,0,1,4,0,16,0,2.59,0.23,0.14,12.11,0.37,0.04,0.02,1.96,0.06
227,J.Virginia,8,1,0.0,0,0,0,0,0,0,0,0,0,0.0,0.0,0.0,0.0,0.0,0.0,0.0,0.0,0.0
228,Keane,8,2,2.9,32,850,9,2,0,5,2,19,0,2.01,0.43,0.02,16.23,0.45,0.05,0.0,1.72,0.05
229,Maupay,8,4,0.0,0,0,0,0,0,0,0,0,0,0.0,0.0,0.0,0.0,0.0,0.0,0.0,0.0,0.0
230,McNeil,8,3,4.2,72,1182,13,3,6,1,4,23,0,1.75,1.02,4.0,19.67,5.01,0.08,0.3,1.5,0.38
231,Mykolenko,8,2,3.1,96,2722,31,0,2,2,9,36,0,1.19,0.43,1.89,35.69,2.32,0.01,0.06,1.18,0.07
232,Ndiaye,8,4,3.3,96,2158,26,7,0,3,13,22,0,0.92,5.17,1.2,26.78,6.37,0.22,0.05,1.12,0.27
234,Patterson,8,2,1.2,11,261,2,0,0,0,0,4,0,1.38,0.07,0.31,3.64,0.38,0.02,0.11,1.26,0.13
235,Pickford,8,1,4.0,136,3060,34,0,1,7,10,41,106,1.21,0.0,0.21,41.99,0.21,0.0,0.01,1.24,0.01
236,Tarkowski,8,2,3.2,105,2922,33,1,1,6,10,38,0,1.17,1.32,2.33,39.3,3.65,0.04,0.07,1.21,0.11
237,Y. Chermiti,8,4,0.7,2,41,0,0,0,1,0,0,0,0.0,0.11,0.0,0.46,0.11,0.24,0.0,1.01,0.24
238,Young,8,2,3.0,83,1604,17,1,4,6,7,22,0,1.23,0.27,1.83,22.89,2.1,0.02,0.1,1.28,0.12
450,Alcaraz,8,3,2.0,24,494,4,1,1,3,0,6,0,1.09,1.41,0.51,8.08,1.92,0.26,0.09,1.47,0.35
577,Lindstrom,8,3,1.8,44,1229,15,0,1,2,6,14,0,1.03,2.15,1.96,13.37,4.11,0.16,0.14,0.98,0.3
582,O'Brien,8,2,3.1,52,1298,14,2,0,4,3,15,0,1.04,0.69,0.29,15.3,0.98,0.05,0.02,1.06,0.07
603,Armstrong,8,3,0.7,2,47,0,0,0,1,0,1,0,1.91,0.37,0.0,0.45,0.37,0.71,0.0,0.86,0.71
614,Metcalfe,8,3,0.0,0,0,0,0,0,0,0,0,0,0.0,0.0,0.0,0.0,0.0,0.0,0.0,0.0,0.0
624,Begovic,8,1,0.0,0,0,0,0,0,0,0,0,0,0.0,0.0,0.0,0.0,0.0,0.0,0.0,0.0,0.0
627,Dixon,8,2,0.0,0,90,1,0,0,0,0,4,0,4.0,0.0,0.0,2.43,0.0,0.0,0.0,2.43,0.0
651,Mangala,8,3,2.1,39,1257,14,1,0,2,5,10,0,0.72,1.13,0.59,16.64,1.72,0.08,0.04,1.19,0.12
678,Bates,8,3,0.0,0,0,0,0,0,0,0,0,0,0.0,0.0,0.0,0.0,0.0,0.0,0.0,0.0,0.0
724,Sherif,8,4,0.0,0,0,0,0,0,0,0,0,0,0.0,0.0,0.0,0.0,0.0,0.0,0.0,0.0,0.0
742,Moyes,8,5,0.0,94,0,0,0,0,0,0,0,0,0.0,0.0,0.0,0.0,0.0,0.0,0.0,0.0,0.0
773,Heath,8,3,0.0,0,0,0,0,0,0,0,0,0,0.0,0.0,0.0,0.0,0.0,0.0,0.0,0.0,0.0
775,Coby Ebere,8,3,0.0,0,0,0,0,0,0,0,0,0,0.0,0.0,0.0,0.0,0.0,0.0,0.0,0.0,0.0
10,Nelson,9,3,2.2,27,483,5,1,1,1,1,9,0,1.68,1.07,0.96,6.13,2.03,0.2,0.18,1.14,0.38
19,Smith Rowe,9,3,3.5,106,1847,23,6,2,2,7,24,0,1.17,4.32,1.74,20.35,6.06,0.21,0.08,0.99,0.29
191,Andersen,9,2,1.8,47,2313,26,0,0,6,4,39,0,1.52,0.94,0.53,30.06,1.47,0.04,0.02,1.17,0.06
239,Adama,9,3,2.6,83,1554,16,2,6,2,3,22,0,1.27,3.81,4.36,18.8,8.17,0.22,0.25,1.09,0.47
240,Andreas,9,3,2.5,77,1871,23,2,6,8,5,28,0,1.35,3.54,4.35,24.3,7.89,0.17,0.21,1.17,0.38
241,Bassey,9,2,2.2,72,2804,31,1,0,6,5,41,0,1.32,1.02,0.33,34.27,1.35,0.03,0.01,1.1,0.04
242,Benda,9,1,0.0,0,0,0,0,0,0,0,0,0,0.0,0.0,0.0,0.0,0.0,0.0,0.0,0.0,0.0
243,Cairney,9,3,1.1,24,477,2,1,0,3,1,10,0,1.89,0.2,1.07,6.43,1.27,0.04,0.2,1.21,0.24
244,Castagne,9,2,2.0,45,1619,17,0,1,1,3,28,0,1.56,0.38,0.56,21.85,0.94,0.02,0.03,1.21,0.05
245,Diop,9,2,1.5,31,1334,15,0,0,2,1,19,0,1.28,0.51,0.07,19.98,0.58,0.03,0.0,1.35,0.03
246,Harris,9,3,0.0,0,0,0,0,0,0,0,0,0,0.0,0.0,0.0,0.0,0.0,0.0,0.0,0.0,0.0
247,Iwobi,9,3,4.4,149,2722,32,9,6,1,6,38,0,1.26,4.1,6.47,33.05,10.57,0.14,0.21,1.09,0.35
248,Leno,9,1,3.0,103,3060,34,0,2,4,5,46,98,1.35,0.0,0.02,39.96,0.02,0.0,0.0,1.18,0.0
249,Lukic,9,3,1.9,50,2083,25,0,2,12,4,32,0,1.38,1.01,1.27,26.35,2.28,0.04,0.05,1.14,0.09
250,Mbabu,9,2,0.0,0,0,0,0,0,0,0,0,0,0.0,0.0,0.0,0.0,0.0,0.0,0.0,0.0,0.0
251,Muniz,9,4,2.8,86,943,8,8,1,1,2,17,0,1.62,5.91,0.2,15.28,6.11,0.56,0.02,1.46,0.58
252,Raul,9,4,3.7,125,2126,26,10,3,4,7,29,0,1.23,11.17,1.91,25.7,13.08,0.47,0.08,1.09,0.55
253,Ream,9,2,0.0,0,0,0,0,0,0,0,0,0,0.0,0.0,0.0,0.0,0.0,0.0,0.0,0.0,0.0
254,Reed,9,3,0.8,9,85,0,0,0,2,0,3,0,3.18,0.23,0.09,4.36,0.32,0.24,0.1,4.62,0.34
255,Robinson,9,2,3.1,102,2898,32,0,10,8,5,44,0,1.37,0.7,3.79,38.15,4.49,0.02,0.12,1.18,0.14
256,Stansfield,9,4,1.0,1,1,0,0,0,0,0,0,0,0.0,0.0,0.0,0.67,0.0,0.0,0.0,60.3,0.0
257,Tete,9,2,2.6,46,1437,17,0,2,3,3,18,0,1.13,1.23,0.55,18.25,1.78,0.08,0.03,1.14,0.11
258,Vinicius,9,4,1.0,3,13,0,0,0,0,0,1,0,6.92,0.06,0.0,0.11,0.06,0.42,0.0,0.76,0.42
259,Wilson,9,3,3.1,66,925,9,5,2,2,2,16,0,1.56,3.3,1.09,12.49,4.39,0.32,0.11,1.22,0.43
579,Sessegnon,9,2,4.5,54,410,5,4,2,0,1,6,0,1.32,1.6,0.73,6.79,2.33,0.35,0.16,1.49,0.51
586,J.Cuenca,9,2,1.2,7,258,3,0,0,0,0,6,0,2.09,0.02,0.01,6.12,0.03,0.01,0.0,2.13,0.01
604,King,9,3,1.4,7,78,1,0,0,0,1,0,0,0.0,0.2,0.65,0.35,0.85,0.23,0.75,0.4,0.98
605,Godo,9,3,1.0,1,14,0,0,0,0,0,0,0,0.0,0.0,0.0,0.05,0.0,0.0,0.0,0.32,0.0
622,Berge,9,3,1.8,49,2016,23,0,0,4,4,29,0,1.29,0.16,0.57,26.71,0.73,0.01,0.03,1.19,0.04
690,Amissah,9,2,0.0,0,0,0,0,0,0,0,0,0,0.0,0.0,0.0,0.0,0.0,0.0,0.0,0.0,0.0
753,Silva,9,5,0.0,84,0,0,0,0,0,0,0,0,0.0,0.0,0.0,0.0,0.0,0.0,0.0,0.0,0.0
772,Willian,9,3,1.4,11,221,2,0,0,0,1,3,0,1.22,0.28,0.64,3.85,0.92,0.11,0.26,1.57,0.37
121,Enciso,10,3,2.1,46,905,11,1,3,3,2,17,0,1.69,2.25,1.26,19.4,3.51,0.22,0.13,1.93,0.35
260,Al-Hamadi,10,4,0.7,8,125,0,0,0,3,0,5,0,3.6,0.35,0.04,3.84,0.39,0.25,0.03,2.76,0.28
261,Baggott,10,2,0.0,0,0,0,0,0,0,0,0,0,0.0,0.0,0.0,0.0,0.0,0.0,0.0,0.0,0.0
262,Broadhead,10,3,1.8,28,594,6,1,0,1,2,10,0,1.52,1.54,1.03,10.71,2.57,0.23,0.16,1.62,0.39
263,Burgess,10,2,1.2,20,1360,14,0,1,0,0,34,0,2.25,0.72,0.34,33.21,1.06,0.05,0.02,2.2,0.07
264,Burns,10,3,1.7,30,922,12,0,1,1,1,23,0,2.25,0.5,1.17,23.62,1.67,0.05,0.11,2.31,0.16
265,Chaplin,10,3,2.0,36,634,7,1,2,1,1,14,0,1.99,1.18,0.54,15.75,1.72,0.17,0.08,2.24,0.25
266,H.Clarke,10,2,0.1,1,377,4,0,0,1,0,10,0,2.39,0.08,0.1,9.1,0.18,0.02,0.02,2.17,0.04
267,Davis,10,2,1.6,50,2562,30,1,2,5,2,66,0,2.32,0.89,4.18,58.89,5.07,0.03,0.15,2.07,0.18
268,Delap,10,4,3.9,128,2420,30,12,2,10,3,54,0,2.01,9.2,1.34,52.16,10.54,0.34,0.05,1.94,0.39
269,Edmundson,10,2,1.0,1,1,0,0,0,0,0,0,0,0.0,0.0,0.0,0.0,0.0,0.0,0.0,0.0,0.0
270,Greaves,10,2,1.5,32,1845,21,1,0,5,2,45,0,2.2,1.24,0.16,41.74,1.4,0.06,0.01,2.04,0.07
271,Harness,10,3,1.0,2,43,0,0,0,0,0,2,0,4.19,0.0,0.05,1.36,0.05,0.0,0.1,2.85,0.1
272,Hirst,10,4,1.7,37,455,3,2,1,1,0,12,0,2.37,1.3,0.12,13.05,1.42,0.26,0.02,2.58,0.28
273,Humphreys,10,3,0.0,0,0,0,0,0,0,0,0,0,0.0,0.0,0.0,0.0,0.0,0.0,0.0,0.0,0.0
274,Hutchinson,10,3,2.9,77,2225,26,3,2,5,3,53,0,2.14,2.34,1.64,47.27,3.98,0.09,0.07,1.91,0.16
275,Johnson,10,2,1.3,29,1341,14,1,2,3,0,39,0,2.62,1.06,0.83,37.89,1.89,0.07,0.06,2.54,0.13
276,Ladapo,10,4,0.0,0,0,0,0,0,0,0,0,0,0.0,0.0,0.0,0.0,0.0,0.0,0.0,0.0,0.0
277,Luongo,10,3,1.2,11,191,2,0,0,0,0,6,0,2.83,0.0,0.01,6.8,0.01,0.0,0.0,3.2,0.0
278,Morsy,10,3,2.1,60,2418,27,1,1,9,2,59,0,2.2,0.33,1.12,54.52,1.45,0.01,0.04,2.03,0.05
279,Ndaba,10,2,0.0,0,0,0,0,0,0,0,0,0,0.0,0.0,0.0,0.0,0.0,0.0,0.0,0.0,0.0
280,Slicker,10,1,0.0,0,0,0,0,0,0,0,0,0,0.0,0.0,0.0,0.0,0.0,0.0,0.0,0.0,0.0
281,Taylor,10,3,1.2,33,665,2,1,0,3,0,17,0,2.3,0.71,0.76,14.84,1.47,0.1,0.1,2.01,0.2
282,Tuanzebe,10,2,1.2,22,1445,17,0,1,3,1,32,0,1.99,0.21,0.14,28.79,0.35,0.01,0.01,1.79,0.02
283,Walton,10,1,2.3,14,540,6,0,0,0,1,16,17,2.67,0.0,0.0,12.87,0.0,0.0,0.0,2.14,0.0
284,Woolfenden,10,2,1.2,17,1097,11,0,0,2,1,26,0,2.13,0.03,0.02,25.91,0.05,0.0,0.0,2.13,0.0
359,Phillips,10,3,1.4,26,1209,14,0,0,4,1,30,0,2.23,0.44,0.46,27.16,0.9,0.03,0.03,2.02,0.06
568,Muric,10,1,2.7,49,1620,18,0,0,1,1,33,70,1.83,0.0,0.01,36.12,0.01,0.0,0.0,2.01,0.0
569,Jaden,10,3,1.8,37,796,7,2,0,3,2,22,0,2.49,2.43,0.34,14.41,2.77,0.27,0.04,1.63,0.31
583,Townsend,10,2,1.8,11,334,3,0,1,1,0,6,0,1.62,0.03,0.24,8.13,0.27,0.01,0.06,2.19,0.07
611,Szmodics,10,3,2.8,53,976,13,4,0,2,2,17,0,1.57,3.44,0.44,23.19,3.88,0.32,0.04,2.14,0.36
619,Cajuste,10,3,2.1,54,1776,23,1,0,2,1,42,0,2.13,0.51,0.6,41.61,1.11,0.03,0.03,2.11,0.06
630,O'Shea,10,2,1.4,44,2762,31,0,2,6,2,67,0,2.18,1.16,0.65,63.36,1.81,0.04,0.02,2.06,0.06
631,J.Clarke,10,3,1.7,48,1016,11,0,4,2,1,28,0,2.48,0.97,0.96,25.62,1.93,0.09,0.09,2.27,0.18
632,Ogbene,10,3,1.4,7,237,3,0,0,0,0,3,0,1.14,0.0,0.05,2.36,0.05,0.0,0.02,0.9,0.02
715,Godfrey,10,2,-0.3,-1,158,2,0,0,1,0,10,0,5.7,0.0,0.02,6.22,0.02,0.0,0.01,3.54,0.01
743,McKenna,10,5,0.0,45,0,0,0,0,0,0,0,0,0.0,0.0,0.0,0.0,0.0,0.0,0.0,0.0,0.0
764,Palmer,10,1,1.7,17,900,10,0,0,2,0,25,39,2.5,0.0,0.0,21.88,0.0,0.0,0.0,2.19,0.0
799,Boniface,10,2,0.0,0,0,0,0,0,0,0,0,0,0.0,0.0,0.0,0.0,0.0,0.0,0.0,0.0,0.0
800,Tom Taylor,10,3,0.0,0,0,0,0,0,0,0,0,0,0.0,0.0,0.0,0.0,0.0,0.0,0.0,0.0,0.0
117,Buonanotte,11,3,2.3,67,1461,14,4,2,7,2,31,0,1.91,3.88,2.28,28.7,6.16,0.24,0.14,1.77,0.38
192,J.Ayew,11,3,2.2,60,1367,15,4,0,6,2,38,0,2.5,3.4,1.34,25.83,4.74,0.22,0.09,1.7,0.31
198,Edouard,11,4,1.2,7,141,1,0,0,0,0,3,0,1.91,0.39,0.07,3.72,0.46,0.25,0.04,2.37,0.29
285,B.Soumare,11,3,1.5,41,1949,23,0,0,8,0,50,0,2.31,0.29,0.85,43.17,1.14,0.01,0.04,1.99,0.05
286,Cannon,11,4,0.0,0,0,0,0,0,0,0,0,0,0.0,0.0,0.0,0.0,0.0,0.0,0.0,0.0,0.0
287,Choudhury,11,3,1.0,4,129,1,0,0,0,0,5,0,3.49,0.0,0.19,5.28,0.19,0.0,0.13,3.68,0.13
288,Coady,11,2,0.9,17,1352,15,0,0,2,0,38,0,2.53,0.11,0.48,33.71,0.59,0.01,0.03,2.24,0.04
289,Daka,11,4,1.5,30,631,5,1,0,0,0,16,0,2.28,1.25,0.05,15.92,1.3,0.18,0.01,2.27,0.19
290,De Cordova-Reid,11,3,2.1,48,734,9,1,4,2,1,17,0,2.08,0.79,0.14,14.61,0.93,0.1,0.02,1.79,0.12
291,Faes,11,2,1.3,39,2452,26,1,0,4,1,59,0,2.17,1.35,0.4,53.5,1.75,0.05,0.01,1.96,0.06
292,Golding,11,3,0.0,0,0,0,0,0,0,0,0,0,0.0,0.0,0.0,0.0,0.0,0.0,0.0,0.0,0.0
293,Hermansen,11,1,2.3,63,2385,27,0,0,1,1,58,103,2.19,0.0,0.02,55.09,0.02,0.0,0.0,2.08,0.0
294,Iversen,11,1,0.0,0,0,0,0,0,0,0,0,0,0.0,0.0,0.0,0.0,0.0,0.0,0.0,0.0,0.0
295,Justin,11,2,1.6,50,2579,30,2,1,5,1,64,0,2.23,1.45,0.68,59.07,2.13,0.05,0.02,2.06,0.07
296,Kristiansen,11,2,1.1,32,2380,28,0,1,1,1,60,0,2.27,0.13,1.73,52.55,1.86,0.0,0.07,1.99,0.07
297,Marcal,11,3,0.0,0,0,0,0,0,0,0,0,0,0.0,0.0,0.0,0.0,0.0,0.0,0.0,0.0,0.0
298,Mavididi,11,3,2.4,72,1606,16,4,1,2,1,38,0,2.13,1.85,3.25,36.71,5.1,0.1,0.18,2.06,0.28
299,McAteer,11,3,1.5,21,523,5,0,1,2,1,13,0,2.24,0.61,0.37,15.31,0.98,0.1,0.06,2.63,0.16
300,Ndidi,11,3,2.1,53,2058,25,0,4,8,1,46,0,2.01,1.9,1.5,46.15,3.4,0.08,0.07,2.02,0.15
301,Okoli,11,2,1.4,26,1121,12,1,0,4,1,26,0,2.09,0.62,0.17,27.7,0.79,0.05,0.01,2.22,0.06
302,Ricardo,11,2,1.1,9,338,4,0,0,1,0,6,0,1.6,0.09,0.06,6.25,0.15,0.02,0.02,1.66,0.04
303,Souttar,11,2,0.0,0,0,0,0,0,0,0,0,0,0.0,0.0,0.0,0.0,0.0,0.0,0.0,0.0,0.0
304,Stolarczyk,11,1,1.7,10,540,6,0,0,1,0,12,17,2.0,0.0,0.0,9.79,0.0,0.0,0.0,1.63,0.0
305,Thomas,11,2,1.0,10,782,9,0,0,1,0,21,0,2.42,0.12,0.24,20.57,0.36,0.01,0.03,2.37,0.04
306,Vardy,11,4,3.3,106,2572,32,7,4,5,2,66,0,2.31,10.29,2.46,59.96,12.75,0.36,0.09,2.1,0.45
307,Vestergaard,11,2,0.6,11,1390,16,0,0,5,0,35,0,2.27,0.11,0.08,25.05,0.19,0.01,0.01,1.62,0.02
308,Ward,11,1,1.0,2,135,1,0,0,0,0,6,4,4.0,0.0,0.0,3.35,0.0,0.0,0.0,2.23,0.0
309,Winks,11,3,1.8,40,1536,17,0,2,4,0,34,0,1.99,0.23,1.53,29.48,1.76,0.01,0.09,1.73,0.1
501,Skipp,11,3,1.0,20,896,7,0,0,7,1,24,0,2.41,0.16,0.3,22.88,0.46,0.02,0.03,2.3,0.05
570,A.Fatawu,11,3,2.4,26,576,6,0,2,0,0,14,0,2.19,0.41,1.42,11.0,1.83,0.06,0.22,1.72,0.28
606,Alves,11,3,1.0,1,1,0,0,0,0,0,0,0,0.0,0.0,0.0,0.0,0.0,0.0,0.0,0.0,0.0
616,Nelson,11,2,0.0,0,0,0,0,0,0,0,0,0,0.0,0.0,0.0,0.0,0.0,0.0,0.0,0.0,0.0
635,El Khannouss,11,3,2.4,69,1916,24,2,2,4,1,52,0,2.44,0.9,2.53,45.03,3.43,0.04,0.12,2.12,0.16
694,Cartwright,11,3,0.0,0,0,0,0,0,0,0,0,0,0.0,0.0,0.0,0.0,0.0,0.0,0.0,0.0,0.0
708,Wilson-Brown,11,2,0.0,0,0,0,0,0,0,0,0,0,0.0,0.0,0.0,0.0,0.0,0.0,0.0,0.0,0.0
726,Coulibaly,11,2,0.2,1,107,1,0,0,1,0,6,0,5.05,0.04,0.04,2.48,0.08,0.03,0.03,2.09,0.06
754,Van Nistelrooy,11,5,0.0,18,0,0,0,0,0,0,0,0,0.0,0.0,0.0,0.0,0.0,0.0,0.0,0.0,0.0
792,Monga,11,3,1.0,3,28,0,0,0,0,0,1,0,3.21,0.0,0.0,0.68,0.0,0.0,0.0,2.19,0.0
796,Olabade Aluko,11,2,0.0,0,0,0,0,0,0,0,0,0,0.0,0.0,0.0,0.0,0.0,0.0,0.0,0.0,0.0
797,Jake Evans,11,3,1.0,1,1,0,0,0,0,0,0,0,0.0,0.0,0.0,0.0,0.0,0.0,0.0,0.0,0.0
310,A.Becker,12,1,4.2,101,2148,24,0,0,0,10,20,56,0.84,0.0,0.2,17.62,0.2,0.0,0.01,0.74,0.01
311,Alexander-Arnold,12,2,4.9,146,2238,27,3,7,5,12,22,0,0.88,1.72,6.56,18.48,8.28,0.07,0.26,0.74,0.33
312,Bajcetic,12,3,0.0,0,0,0,0,0,0,0,0,0,0.0,0.0,0.0,0.0,0.0,0.0,0.0,0.0,0.0
313,Bradley,12,2,2.3,34,524,4,0,1,3,3,5,0,0.86,0.59,0.58,6.94,1.17,0.1,0.1,1.19,0.2
315,Clark,12,3,0.0,0,0,0,0,0,0,0,0,0,0.0,0.0,0.0,0.0,0.0,0.0,0.0,0.0,0.0
316,Darwin,12,4,2.4,62,1002,8,5,3,8,2,17,0,1.53,4.92,0.42,12.82,5.34,0.44,0.04,1.15,0.48
317,Diogo J.,12,3,3.7,84,1086,13,6,4,2,7,10,0,0.83,7.38,1.09,9.44,8.47,0.61,0.09,0.78,0.7
318,Doak,12,3,0.0,0,0,0,0,0,0,0,0,0,0.0,0.0,0.0,0.0,0.0,0.0,0.0,0.0,0.0
319,Elliott,12,3,1.1,16,189,0,0,1,1,0,1,0,0.48,0.7,0.54,1.84,1.24,0.33,0.26,0.88,0.59
320,Endo,12,3,1.0,17,157,0,0,0,0,0,2,0,1.15,0.0,0.04,1.4,0.04,0.0,0.02,0.8,0.02
321,Gakpo,12,4,3.5,107,1614,19,9,4,5,5,19,0,1.06,6.33,2.93,14.08,9.25,0.35,0.16,0.79,0.51
322,Gomez,12,2,1.6,14,517,6,0,0,1,1,8,0,1.39,0.33,0.09,5.38,0.42,0.06,0.02,0.94,0.08
323,Gravenberch,12,3,2.6,89,2921,34,0,4,5,14,29,0,0.89,1.02,3.26,27.12,4.28,0.03,0.1,0.84,0.13
324,Jones,12,3,2.8,80,1429,16,3,5,1,6,20,0,1.26,4.15,1.32,15.82,5.47,0.26,0.08,1.0,0.34
325,Kelleher,12,1,4.5,45,900,10,0,0,0,4,12,27,1.2,0.0,0.0,11.09,0.0,0.0,0.0,1.11,0.0
326,Konate,12,2,3.6,102,2320,27,1,2,5,11,22,0,0.85,1.7,0.86,20.84,2.56,0.07,0.03,0.81,0.1
327,Luis Diaz,12,3,5.2,172,2220,26,12,7,2,15,16,0,0.65,9.89,4.22,19.51,14.11,0.4,0.17,0.79,0.57
328,M.Salah,12,3,9.6,328,3014,34,28,18,1,15,31,0,0.93,23.35,7.87,28.35,31.22,0.7,0.24,0.85,0.94
329,Mac Allister,12,3,3.5,117,2552,30,5,5,6,14,22,0,0.78,2.89,5.37,21.83,8.26,0.1,0.19,0.77,0.29
330,McConnell,12,3,0.0,0,0,0,0,0,0,0,0,0,0.0,0.0,0.0,0.0,0.0,0.0,0.0,0.0,0.0
331,Morton,12,3,0.0,0,0,0,0,0,0,0,0,0,0.0,0.0,0.0,0.0,0.0,0.0,0.0,0.0,0.0
332,N.Phillips,12,2,0.0,0,0,0,0,0,0,0,0,0,0.0,0.0,0.0,0.0,0.0,0.0,0.0,0.0,0.0
333,Quansah,12,2,0.9,10,308,2,0,0,1,0,6,0,1.75,0.1,0.17,5.05,0.27,0.03,0.05,1.48,0.08
334,R.Williams,12,2,0.0,0,0,0,0,0,0,0,0,0,0.0,0.0,0.0,0.0,0.0,0.0,0.0,0.0,0.0
335,Robertson,12,2,2.7,85,2305,27,0,0,3,10,29,0,1.13,0.95,3.96,23.06,4.91,0.04,0.15,0.9,0.19
336,Szoboszlai,12,3,4.0,128,2251,26,5,9,6,12,24,0,0.96,6.59,5.3,20.71,11.89,0.26,0.21,0.83,0.47
337,Tsimikas,12,2,2.6,41,658,7,0,1,2,4,3,0,0.41,0.39,2.03,4.6,2.42,0.05,0.28,0.63,0.33
339,Virgil,12,2,4.0,135,3060,34,2,1,3,14,32,0,0.94,1.94,0.9,28.85,2.84,0.06,0.03,0.85,0.09
636,Chiesa,12,3,1.0,4,33,0,0,0,0,0,1,0,2.73,0.25,0.09,0.89,0.34,0.68,0.25,2.43,0.93
660,Jaros,12,1,1.0,1,11,0,0,0,0,0,0,1,0.0,0.0,0.0,0.14,0.0,0.0,0.0,1.15,0.0
669,Davies,12,1,0.0,0,0,0,0,0,0,0,0,0,0.0,0.0,0.0,0.0,0.0,0.0,0.0,0.0,0.0
688,Nyoni,12,3,0.0,0,0,0,0,0,0,0,0,0,0.0,0.0,0.0,0.0,0.0,0.0,0.0,0.0,0.0
692,Nallo,12,2,0.0,0,0,0,0,0,0,0,0,0,0.0,0.0,0.0,0.0,0.0,0.0,0.0,0.0,0.0
709,Danns,12,4,1.0,1,10,0,0,0,0,0,1,0,9.0,0.0,0.01,0.45,0.01,0.0,0.09,4.05,0.09
744,Slot,12,5,0.0,106,0,0,0,0,0,0,0,0,0.0,0.0,0.0,0.0,0.0,0.0,0.0,0.0,0.0
340,Akanji,13,2,2.1,46,1710,20,0,0,3,4,27,0,1.42,0.7,1.09,26.82,1.79,0.04,0.06,1.41,0.1
341,Ake,13,2,2.5,25,677,8,0,0,0,3,11,0,1.46,0.22,0.17,13.44,0.39,0.03,0.02,1.79,0.05
342,Bernardo,13,3,3.1,90,2307,25,3,4,7,6,36,0,1.4,3.18,3.68,36.66,6.86,0.12,0.14,1.43,0.26
343,Bobb,13,3,1.0,2,13,0,0,0,0,0,0,0,0.0,0.0,0.02,0.18,0.02,0.0,0.14,1.25,0.14
344,Carson,13,1,0.0,0,0,0,0,0,0,0,0,0,0.0,0.0,0.0,0.0,0.0,0.0,0.0,0.0,0.0
345,De Bruyne,13,3,4.0,96,1448,16,3,9,2,7,19,0,1.18,3.51,5.68,19.74,9.19,0.22,0.35,1.23,0.57
346,Doku,13,3,3.1,77,1297,14,3,5,1,6,13,0,0.9,1.04,3.3,13.16,4.34,0.07,0.23,0.91,0.3
347,Ederson M.,13,1,4.1,91,1960,22,0,4,3,7,25,50,1.15,0.0,0.16,26.2,0.16,0.0,0.01,1.2,0.01
348,Foden,13,3,4.0,100,1682,19,7,3,2,5,24,0,1.28,5.13,5.13,28.56,10.25,0.27,0.27,1.53,0.54
349,Grealish,13,3,1.9,37,709,7,1,1,3,2,9,0,1.14,1.13,1.67,11.04,2.8,0.14,0.21,1.4,0.35
350,Gvardiol,13,2,3.9,129,2918,32,5,0,2,10,40,0,1.23,4.37,2.75,40.97,7.12,0.13,0.08,1.26,0.21
351,Haaland,13,4,6.1,171,2480,28,21,3,2,7,38,0,1.38,20.78,1.75,39.1,22.53,0.75,0.06,1.42,0.81
352,J.Alvarez,13,4,0.0,0,0,0,0,0,0,0,0,0,0.0,0.0,0.0,0.0,0.0,0.0,0.0,0.0,0.0
353,Joao Cancelo,13,2,0.0,0,0,0,0,0,0,0,0,0,0.0,0.0,0.0,0.0,0.0,0.0,0.0,0.0,0.0
354,Kovacic,13,3,3.6,101,1955,22,6,2,5,8,28,0,1.29,1.7,2.96,30.22,4.65,0.08,0.14,1.39,0.22
355,Lewis,13,2,2.3,59,1806,20,1,2,3,4,27,0,1.35,1.32,0.94,27.5,2.26,0.07,0.05,1.37,0.12
356,Matheus N.,13,3,2.9,67,1400,16,1,5,4,7,18,0,1.16,0.91,3.05,21.67,3.96,0.06,0.2,1.39,0.26
357,McAtee,13,3,2.2,29,289,2,3,0,1,0,6,0,1.87,2.8,0.63,5.22,3.43,0.87,0.2,1.63,1.07
358,Ortega Moreno,13,1,2.7,35,1099,12,0,0,1,3,18,33,1.47,0.0,0.0,19.12,0.0,0.0,0.0,1.57,0.0
360,Rodrigo,13,3,1.0,2,65,1,0,0,0,0,0,0,0.0,0.0,0.09,0.04,0.09,0.0,0.12,0.06,0.12
361,Ruben,13,2,2.8,65,1909,21,0,0,4,8,20,0,0.94,1.43,0.97,26.18,2.4,0.07,0.05,1.23,0.12
362,Stones,13,2,2.6,29,544,6,2,0,1,1,11,0,1.82,0.6,0.17,5.95,0.77,0.1,0.03,0.98,0.13
363,Walker,13,2,0.9,13,966,9,0,0,3,0,21,0,1.96,0.12,1.34,19.26,1.46,0.01,0.12,1.79,0.13
571,Savinho,13,3,3.9,104,1730,21,1,11,3,8,25,0,1.3,4.87,6.04,20.91,10.91,0.25,0.31,1.09,0.56
607,O'Reilly,13,3,4.1,29,454,5,2,0,0,3,3,0,0.59,1.14,0.67,5.09,1.81,0.23,0.13,1.01,0.36
625,Gundogan,13,3,2.5,74,1961,22,0,5,1,7,28,0,1.29,2.72,3.74,33.22,6.45,0.12,0.17,1.52,0.29
626,Kabore,13,2,0.0,0,0,0,0,0,0,0,0,0,0.0,0.0,0.0,0.0,0.0,0.0,0.0,0.0,0.0
671,Wright,13,3,0.0,0,0,0,0,0,0,0,0,0,0.0,0.0,0.0,0.0,0.0,0.0,0.0,0.0,0.0
672,Simpson-Pusey,13,2,0.5,1,95,1,0,0,1,0,2,0,1.89,0.0,0.01,2.37,0.01,0.0,0.01,2.25,0.01
675,Wilson-Esbrand,13,2,0.0,0,0,0,0,0,0,0,0,0,0.0,0.0,0.0,0.0,0.0,0.0,0.0,0.0,0.0
698,Mubama,13,4,1.0,1,27,0,0,0,0,0,0,0,0.0,0.04,0.0,0.02,0.04,0.13,0.0,0.07,0.13
703,Alleyne,13,2,0.0,0,0,0,0,0,0,0,0,0,0.0,0.0,0.0,0.0,0.0,0.0,0.0,0.0,0.0
704,Brits,13,1,0.0,0,0,0,0,0,0,0,0,0,0.0,0.0,0.0,0.0,0.0,0.0,0.0,0.0,0.0
732,Khusanov,13,2,2.3,14,503,6,0,0,1,2,6,0,1.07,0.02,0.09,6.98,0.11,0.0,0.02,1.25,0.02
733,Vitor Reis,13,2,1.0,1,1,0,0,0,0,0,0,0,0.0,0.0,0.0,0.0,0.0,0.0,0.0,0.0,0.0
736,Guardiola,13,5,0.0,80,0,0,0,0,0,0,0,0,0.0,0.0,0.0,0.0,0.0,0.0,0.0,0.0,0.0
755,Marmoush,13,4,5.0,60,915,11,6,1,0,5,12,0,1.18,4.69,1.42,12.01,6.11,0.46,0.14,1.18,0.6
765,N.Gonzalez,13,3,2.6,21,648,8,0,1,3,5,6,0,0.83,0.27,0.45,6.96,0.72,0.04,0.06,0.97,0.1
785,Echeverri,13,3,0.0,0,0,0,0,0,0,0,0,0,0.0,0.0,0.0,0.0,0.0,0.0,0.0,0.0,0.0
364,Amad,14,3,4.9,107,1591,17,6,7,3,6,25,0,1.41,4.12,3.42,27.45,7.54,0.23,0.19,1.55,0.42
365,Antony,14,3,1.0,8,135,0,0,0,0,0,2,0,1.33,0.6,0.21,2.05,0.81,0.4,0.14,1.37,0.54
366,B.Fernandes,14,3,5.0,164,2757,32,8,11,2,9,44,0,1.44,9.5,6.89,43.21,16.39,0.31,0.22,1.41,0.53
367,Bayindir,14,1,0.0,0,90,1,0,0,0,0,4,2,4.0,0.0,0.0,2.17,0.0,0.0,0.0,2.17,0.0
368,Casemiro,14,3,2.0,44,1330,16,1,0,3,4,20,0,1.35,1.63,1.89,23.19,3.52,0.11,0.13,1.57,0.24
369,Dalot,14,2,2.9,94,2787,31,0,4,5,8,45,0,1.45,1.94,2.35,46.92,4.29,0.06,0.08,1.52,0.14
370,Eriksen,14,3,1.7,34,988,11,0,1,4,4,14,0,1.28,0.31,2.14,16.15,2.45,0.03,0.19,1.47,0.22
371,Evans,14,2,2.3,14,288,3,0,0,1,1,2,0,0.62,0.08,0.02,2.62,0.1,0.02,0.01,0.82,0.03
372,Garnacho,14,3,2.8,92,2047,22,5,3,2,5,31,0,1.36,7.08,2.32,32.22,9.4,0.31,0.1,1.42,0.41
373,Hannibal,14,3,0.0,0,0,0,0,0,0,0,0,0,0.0,0.0,0.0,0.0,0.0,0.0,0.0,0.0,0.0
374,Heaton,14,1,0.0,0,0,0,0,0,0,0,0,0,0.0,0.0,0.0,0.0,0.0,0.0,0.0,0.0,0.0
375,Hojlund,14,4,2.5,72,1738,20,4,1,2,5,28,0,1.45,3.68,0.89,28.14,4.57,0.19,0.05,1.46,0.24
376,Lindelof,14,2,1.4,17,463,4,0,0,1,1,7,0,1.36,0.0,0.06,6.63,0.06,0.0,0.01,1.29,0.01
377,Maguire,14,2,1.7,39,1478,17,1,0,7,2,23,0,1.4,1.46,0.22,23.08,1.68,0.09,0.01,1.41,0.1
378,Mainoo,14,3,1.7,36,1412,17,0,0,5,5,21,0,1.34,0.67,1.24,20.64,1.91,0.04,0.08,1.32,0.12
379,Malacia,14,2,0.7,2,99,2,0,0,1,0,1,0,0.91,0.0,0.02,0.78,0.02,0.0,0.02,0.71,0.02
380,Martinez,14,2,3.4,68,1751,20,2,1,7,6,27,0,1.39,1.33,1.21,30.17,2.54,0.07,0.06,1.55,0.13
381,McTominay,14,3,1.0,2,17,0,0,0,0,0,1,0,5.29,0.07,0.0,0.66,0.07,0.37,0.0,3.49,0.37
382,Mount,14,3,0.9,12,365,4,0,0,3,1,7,0,1.73,1.48,0.23,5.31,1.71,0.36,0.06,1.31,0.42
383,Onana,14,1,3.6,118,2970,33,0,0,0,9,43,88,1.3,0.0,0.19,47.11,0.19,0.0,0.01,1.43,0.01
384,Pellistri,14,3,0.0,0,0,0,0,0,0,0,0,0,0.0,0.0,0.0,0.0,0.0,0.0,0.0,0.0,0.0
387,Shaw,14,2,1.0,4,170,1,0,0,1,0,1,0,0.53,0.02,0.75,1.17,0.77,0.01,0.4,0.62,0.41
389,Zirkzee,14,4,2.0,64,1385,14,3,2,2,3,24,0,1.56,4.64,1.04,24.84,5.68,0.3,0.07,1.61,0.37
572,Yoro,14,2,1.1,21,1064,11,0,0,5,1,21,0,1.78,0.7,0.13,16.81,0.83,0.06,0.01,1.42,0.07
593,De Ligt,14,2,2.4,68,2085,24,2,0,3,4,34,0,1.47,2.48,0.25,37.76,2.73,0.11,0.01,1.63,0.12
594,Mazraoui,14,2,2.5,85,2637,31,0,1,2,7,40,0,1.37,0.69,1.7,44.02,2.39,0.02,0.06,1.5,0.08
613,Collyer,14,3,1.0,6,174,0,0,0,0,0,2,0,1.03,0.08,0.37,3.09,0.45,0.04,0.19,1.6,0.23
648,Wheatley,14,4,0.0,0,0,0,0,0,0,0,0,0,0.0,0.0,0.0,0.0,0.0,0.0,0.0,0.0,0.0
652,Ugarte,14,3,1.7,44,1609,20,1,1,9,4,26,0,1.45,0.96,0.63,25.2,1.59,0.05,0.04,1.41,0.09
658,Heaven,14,2,1.0,2,95,1,0,0,0,0,1,0,0.95,0.0,0.0,1.63,0.0,0.0,0.0,1.54,0.0
667,Fletcher,14,3,0.0,0,0,0,0,0,0,0,0,0,0.0,0.0,0.0,0.0,0.0,0.0,0.0,0.0,0.0
670,Amass,14,2,1.0,3,165,2,0,0,0,0,3,0,1.64,0.03,0.04,1.94,0.07,0.02,0.02,1.06,0.04
673,Fitzgerald,14,3,0.0,0,0,0,0,0,0,0,0,0,0.0,0.0,0.0,0.0,0.0,0.0,0.0,0.0,0.0
691,Kukonki,14,2,0.0,0,0,0,0,0,0,0,0,0,0.0,0.0,0.0,0.0,0.0,0.0,0.0,0.0,0.0
745,Amorim,14,5,0.0,63,0,0,0,0,0,0,0,0,0.0,0.0,0.0,0.0,0.0,0.0,0.0,0.0,0.0
761,Harrison,14,1,0.0,0,0,0,0,0,0,0,0,0,0.0,0.0,0.0,0.0,0.0,0.0,0.0,0.0,0.0
766,Dorgu,14,2,1.0,8,584,7,0,0,3,1,9,0,1.39,0.38,1.04,7.85,1.42,0.06,0.16,1.21,0.22
776,Obi,14,4,0.8,4,61,0,0,0,1,0,1,0,1.48,0.35,0.03,0.56,0.38,0.52,0.04,0.83,0.56
777,Fredricson,14,2,2.0,2,90,1,0,0,0,0,1,0,1.0,0.0,0.02,0.25,0.02,0.0,0.02,0.25,0.02
778,Moorhouse,14,3,0.0,0,0,0,0,0,0,0,0,0,0.0,0.0,0.0,0.0,0.0,0.0,0.0,0.0,0.0
779,Kone,14,3,0.0,0,0,0,0,0,0,0,0,0,0.0,0.0,0.0,0.0,0.0,0.0,0.0,0.0,0.0
783,Graczyk,14,1,0.0,0,0,0,0,0,0,0,0,0,0.0,0.0,0.0,0.0,0.0,0.0,0.0,0.0,0.0
788,Dermot Mee,14,1,0.0,0,0,0,0,0,0,0,0,0,0.0,0.0,0.0,0.0,0.0,0.0,0.0,0.0,0.0
390,A.Murphy,15,2,0.0,0,0,0,0,0,0,0,0,0,0.0,0.0,0.0,0.0,0.0,0.0,0.0,0.0,0.0
391,Almiron,15,3,1.1,10,150,1,0,0,0,0,3,0,1.8,0.52,0.19,3.67,0.71,0.31,0.11,2.2,0.42
392,Barnes,15,3,4.2,121,1404,13,9,5,0,5,20,0,1.28,5.53,3.99,21.69,9.52,0.35,0.26,1.39,0.61
393,Botman,15,2,2.0,8,232,3,0,0,1,1,3,0,1.16,0.03,0.02,3.56,0.05,0.01,0.01,1.38,0.02
394,Bruno G.,15,3,3.6,122,2913,34,4,6,6,12,41,0,1.27,3.82,4.95,40.4,8.77,0.12,0.15,1.25,0.27
395,Burn,15,2,3.0,99,2970,33,1,0,10,12,42,0,1.27,1.71,1.05,42.21,2.76,0.05,0.03,1.28,0.08
396,Dubravka,15,1,4.4,44,900,10,0,0,0,5,12,29,1.2,0.0,0.0,11.19,0.0,0.0,0.0,1.12,0.0
398,Gordon,15,3,3.9,117,2195,25,6,6,2,9,32,0,1.31,8.13,4.58,30.67,12.71,0.33,0.19,1.26,0.52
399,Hall,15,2,3.8,102,2188,24,0,7,3,8,31,0,1.28,0.43,3.73,29.73,4.16,0.02,0.15,1.22,0.17
400,Hayden,15,3,0.0,0,0,0,0,0,0,0,0,0,0.0,0.0,0.0,0.0,0.0,0.0,0.0,0.0,0.0
401,Isak,15,4,6.4,198,2488,31,22,6,1,11,39,0,1.41,18.93,3.49,34.48,22.42,0.68,0.13,1.25,0.81
402,J.Murphy,15,3,4.8,149,2080,27,8,12,3,10,28,0,1.21,5.77,5.25,26.2,11.02,0.25,0.23,1.13,0.48
403,Joelinton,15,3,3.4,99,2394,29,4,4,10,10,32,0,1.2,3.74,2.17,31.79,5.91,0.14,0.08,1.2,0.22
404,Kelly,15,2,1.2,12,299,4,0,1,2,0,6,0,1.81,0.41,0.11,5.72,0.52,0.12,0.03,1.72,0.15
405,Krafth,15,2,1.8,16,282,2,0,0,0,1,2,0,0.64,0.04,0.03,6.29,0.07,0.01,0.01,2.01,0.02
406,Kuol,15,3,0.0,0,0,0,0,0,0,0,0,0,0.0,0.0,0.0,0.0,0.0,0.0,0.0,0.0,0.0
407,Lascelles,15,2,0.0,0,0,0,0,0,0,0,0,0,0.0,0.0,0.0,0.0,0.0,0.0,0.0,0.0,0.0
408,Lewis,15,2,0.0,0,0,0,0,0,0,0,0,0,0.0,0.0,0.0,0.0,0.0,0.0,0.0,0.0,0.0
409,Livramento,15,2,2.8,92,2475,28,0,1,1,9,37,0,1.35,0.26,2.04,34.82,2.3,0.01,0.07,1.27,0.08
410,Longstaff,15,3,1.4,33,782,8,0,1,2,2,11,0,1.27,0.6,0.22,11.32,0.82,0.07,0.03,1.3,0.1
411,Miley,15,3,1.6,19,242,1,1,0,0,0,4,0,1.49,0.57,0.28,5.44,0.85,0.21,0.1,2.02,0.31
412,Odysseas,15,1,0.0,0,0,0,0,0,0,0,0,0,0.0,0.0,0.0,0.0,0.0,0.0,0.0,0.0,0.0
413,Pope,15,1,3.6,87,2160,24,0,0,2,7,32,76,1.33,0.0,0.0,31.93,0.0,0.0,0.0,1.33,0.0
414,Ruddy,15,1,0.0,0,0,0,0,0,0,0,0,0,0.0,0.0,0.0,0.0,0.0,0.0,0.0,0.0,0.0
415,Schar,15,2,3.5,104,2575,29,4,1,7,10,39,0,1.36,2.31,0.85,34.25,3.16,0.08,0.03,1.2,0.11
416,Targett,15,2,1.0,2,20,0,0,0,0,0,0,0,0.0,0.0,0.07,0.26,0.07,0.0,0.32,1.17,0.32
417,Tonali,15,3,2.8,89,2265,24,3,2,5,10,31,0,1.23,3.68,1.89,30.17,5.57,0.15,0.08,1.2,0.23
418,Trippier,15,2,3.0,69,1182,13,0,3,1,6,16,0,1.22,0.08,1.35,15.78,1.43,0.01,0.1,1.2,0.11
419,White,15,3,0.0,0,0,0,0,0,0,0,0,0,0.0,0.0,0.0,0.0,0.0,0.0,0.0,0.0,0.0
420,Willock,15,3,1.5,44,933,10,0,2,2,4,14,0,1.35,1.49,0.91,14.03,2.4,0.14,0.09,1.35,0.23
421,Wilson,15,4,1.0,14,255,1,0,0,1,0,6,0,2.12,0.33,0.05,4.55,0.38,0.12,0.02,1.61,0.14
574,Pivas,15,2,0.0,0,0,0,0,0,0,0,0,0,0.0,0.0,0.0,0.0,0.0,0.0,0.0,0.0,0.0
590,Osula,15,4,1.4,17,96,0,1,0,0,0,3,0,2.81,0.12,0.03,2.78,0.15,0.11,0.03,2.61,0.14
746,Howe,15,5,0.0,83,0,0,0,0,0,0,0,0,0.0,0.0,0.0,0.0,0.0,0.0,0.0,0.0,0.0
789,Neave,15,4,0.0,0,0,0,0,0,0,0,0,0,0.0,0.0,0.0,0.0,0.0,0.0,0.0,0.0,0.0
26,Alex Moreno,16,2,2.3,34,952,11,0,1,2,3,16,0,1.51,0.17,1.1,13.94,1.27,0.02,0.1,1.32,0.12
422,Aina,16,2,4.1,123,2570,30,2,1,2,12,32,0,1.12,0.58,1.49,33.26,2.07,0.02,0.05,1.16,0.07
423,Anderson,16,3,3.1,100,2314,28,2,6,6,12,32,0,1.24,1.66,3.12,33.81,4.78,0.06,0.12,1.31,0.18
424,Awoniyi,16,4,1.2,30,362,3,1,0,0,1,9,0,2.24,2.15,0.12,5.9,2.27,0.53,0.03,1.47,0.56
425,Boly,16,2,1.0,6,146,1,0,0,1,0,1,0,0.62,0.07,0.0,2.68,0.07,0.04,0.0,1.65,0.04
426,Bowler,16,3,0.0,0,0,0,0,0,0,0,0,0,0.0,0.0,0.0,0.0,0.0,0.0,0.0,0.0,0.0
427,C.Miguel,16,1,0.0,0,0,0,0,0,0,0,0,0,0.0,0.0,0.0,0.0,0.0,0.0,0.0,0.0,0.0
428,Da Silva Moreira,16,3,1.0,2,28,0,0,0,0,0,0,0,0.0,0.0,0.0,0.31,0.0,0.0,0.0,1.0,0.0
429,Danilo,16,3,1.4,10,264,5,0,0,0,1,3,0,1.02,0.0,0.01,4.68,0.01,0.0,0.0,1.6,0.0
430,Dennis,16,4,0.0,0,0,0,0,0,0,0,0,0,0.0,0.0,0.0,0.0,0.0,0.0,0.0,0.0,0.0
431,Dominguez,16,3,1.6,46,1614,19,0,1,8,7,22,0,1.23,1.39,1.3,26.56,2.69,0.08,0.07,1.48,0.15
432,Elanga,16,3,4.1,135,2046,26,6,9,1,12,28,0,1.23,4.24,3.86,31.28,8.1,0.19,0.17,1.38,0.36
433,Gibbs-White,16,3,4.3,126,2379,29,5,10,7,12,28,0,1.06,4.81,4.25,33.99,9.06,0.18,0.16,1.29,0.34
434,Hudson-Odoi,16,3,3.6,100,2105,24,5,3,2,11,21,0,0.9,2.52,2.51,26.48,5.03,0.11,0.11,1.13,0.22
435,Mighten,16,3,0.0,0,0,0,0,0,0,0,0,0,0.0,0.0,0.0,0.0,0.0,0.0,0.0,0.0,0.0
436,Murillo,16,2,3.6,116,2838,32,1,0,5,12,39,0,1.24,1.16,1.06,41.55,2.22,0.04,0.03,1.32,0.07
437,N.Williams,16,2,3.2,97,2138,23,1,2,5,10,24,0,1.01,2.16,1.12,31.02,3.28,0.09,0.05,1.31,0.14
438,O.Richards,16,2,0.0,0,0,0,0,0,0,0,0,0,0.0,0.0,0.0,0.0,0.0,0.0,0.0,0.0,0.0
439,O'Brien,16,3,0.0,0,0,0,0,0,0,0,0,0,0.0,0.0,0.0,0.0,0.0,0.0,0.0,0.0,0.0
440,Omobamidele,16,2,0.0,0,0,0,0,0,0,0,0,0,0.0,0.0,0.0,0.0,0.0,0.0,0.0,0.0,0.0
441,Panzo,16,2,0.0,0,0,0,0,0,0,0,0,0,0.0,0.0,0.0,0.0,0.0,0.0,0.0,0.0,0.0
442,Sangare,16,3,1.5,12,274,3,0,1,2,1,2,0,0.66,0.02,0.08,3.49,0.1,0.01,0.03,1.15,0.04
443,Sels,16,1,4.3,141,2970,33,0,1,3,13,39,108,1.18,0.0,0.07,42.69,0.07,0.0,0.0,1.29,0.0
444,Toffolo,16,2,1.0,4,135,1,0,0,1,0,2,0,1.33,0.02,0.01,2.88,0.03,0.01,0.01,1.92,0.02
446,Ui-jo,16,4,0.0,0,0,0,0,0,0,0,0,0,0.0,0.0,0.0,0.0,0.0,0.0,0.0,0.0,0.0
447,Wood,16,4,5.9,184,2508,30,19,3,1,15,30,0,1.08,11.02,1.33,33.16,12.35,0.4,0.05,1.19,0.45
448,Worrall,16,2,0.0,0,0,0,0,0,0,0,0,0,0.0,0.0,0.0,0.0,0.0,0.0,0.0,0.0,0.0
449,Yates,16,3,2.1,62,1764,17,2,2,9,6,24,0,1.22,2.33,0.45,25.21,2.78,0.12,0.02,1.29,0.14
573,Milenkovic,16,2,4.1,131,2880,32,4,2,4,13,38,0,1.19,3.63,0.68,41.47,4.31,0.11,0.02,1.3,0.13
596,Jota Silva,16,3,1.8,48,811,5,3,2,5,1,16,0,1.78,1.87,1.86,12.25,3.73,0.21,0.21,1.36,0.42
620,Sosa,16,3,1.4,23,251,1,1,0,1,1,5,0,1.79,1.04,0.36,4.11,1.4,0.37,0.13,1.47,0.5
653,Morato,16,2,1.6,36,785,5,0,0,2,3,11,0,1.26,0.18,0.02,12.42,0.2,0.02,0.0,1.42,0.02
706,Abbott,16,2,0.0,0,0,0,0,0,0,0,0,0,0.0,0.0,0.0,0.0,0.0,0.0,0.0,0.0,0.0
721,Hennessey,16,1,0.0,0,0,0,0,0,0,0,0,0,0.0,0.0,0.0,0.0,0.0,0.0,0.0,0.0,0.0
747,Nuno,16,5,0.0,61,0,0,0,0,0,0,0,0,0.0,0.0,0.0,0.0,0.0,0.0,0.0,0.0,0.0
14,Ramsdale,17,1,3.2,82,2340,26,0,0,2,2,60,111,2.31,0.0,0.04,58.19,0.04,0.0,0.0,2.24,0.0
27,Archer,17,4,1.7,53,1344,13,2,0,0,2,33,0,2.21,5.09,0.58,36.13,5.67,0.34,0.04,2.42,0.38
188,Ugochukwu,17,3,1.9,44,1444,15,1,1,5,1,36,0,2.24,0.79,0.6,36.36,1.39,0.05,0.04,2.27,0.09
397,Fraser,17,3,0.9,7,303,4,0,0,0,0,12,0,3.56,0.02,0.1,10.39,0.12,0.01,0.03,3.09,0.04
451,Amo-Ameyaw,17,3,0.5,1,26,0,0,0,1,0,0,0,0.0,0.02,0.13,1.11,0.15,0.07,0.45,3.84,0.52
452,Aribo,17,3,2.3,70,1903,20,3,0,1,1,54,0,2.55,2.69,1.22,52.64,3.91,0.13,0.06,2.49,0.19
453,Armstrong,17,4,2.2,45,1246,15,2,3,4,2,35,0,2.53,3.28,0.56,33.47,3.84,0.24,0.04,2.42,0.28
454,Bazunu,17,1,0.0,0,0,0,0,0,0,0,0,0,0.0,0.0,0.0,0.0,0.0,0.0,0.0,0.0,0.0
455,Bednarek,17,2,1.9,52,2351,28,2,0,7,2,55,0,2.11,0.65,0.84,54.58,1.49,0.02,0.03,2.09,0.05
456,Bella-Kotchap,17,2,0.5,2,329,2,0,0,0,0,13,0,3.56,0.32,0.01,10.67,0.33,0.09,0.0,2.92,0.09
457,Bree,17,2,1.1,16,890,11,0,1,0,0,29,0,2.93,0.11,0.67,27.5,0.78,0.01,0.07,2.78,0.08
458,Charles,17,3,0.0,0,0,0,0,0,0,0,0,0,0.0,0.0,0.0,0.0,0.0,0.0,0.0,0.0,0.0
459,Edozie,17,3,0.5,1,64,0,0,0,1,0,0,0,0.0,0.0,0.15,0.31,0.15,0.0,0.21,0.44,0.21
460,Edwards,17,2,1.0,1,12,0,0,0,0,0,1,0,7.5,0.0,0.0,0.32,0.0,0.0,0.0,2.4,0.0
461,Harwood-Bellis,17,2,1.5,48,2563,29,1,0,8,2,61,0,2.14,1.74,0.65,62.55,2.39,0.06,0.02,2.2,0.08
462,Kamaldeen,17,3,2.1,47,1114,13,1,2,1,2,31,0,2.5,1.26,0.67,28.43,1.93,0.1,0.05,2.3,0.15
463,Lallana,17,3,1.2,17,352,5,0,2,4,0,8,0,2.05,0.15,0.48,7.96,0.63,0.04,0.12,2.04,0.16
464,Larios,17,2,0.0,0,0,0,0,0,0,0,0,0,0.0,0.0,0.0,0.0,0.0,0.0,0.0,0.0,0.0
465,Lis,17,1,0.0,0,0,0,0,0,0,0,0,0,0.0,0.0,0.0,0.0,0.0,0.0,0.0,0.0,0.0
466,Lumley,17,1,2.7,8,270,3,0,0,0,0,7,13,2.33,0.0,0.0,9.4,0.0,0.0,0.0,3.13,0.0
467,Manning,17,2,1.5,32,1366,17,0,2,2,1,33,0,2.17,0.34,2.69,34.94,3.03,0.02,0.18,2.3,0.2
468,Mara,17,4,0.0,0,0,0,0,0,0,0,0,0,0.0,0.0,0.0,0.0,0.0,0.0,0.0,0.0,0.0
469,McCarthy,17,1,2.4,12,450,5,0,0,0,0,13,24,2.6,0.0,0.0,11.22,0.0,0.0,0.0,2.24,0.0
470,Onuachu,17,4,2.1,49,973,11,4,1,4,1,25,0,2.31,3.3,0.26,23.39,3.56,0.31,0.02,2.16,0.33
471,Smallbone,17,3,1.6,22,604,6,1,0,1,0,21,0,3.13,0.43,0.77,18.94,1.2,0.06,0.11,2.82,0.17
472,Stephens,17,2,1.5,24,1164,14,1,0,2,1,27,0,2.09,0.58,0.24,26.3,0.82,0.04,0.02,2.03,0.06
473,Stewart,17,4,1.0,8,236,2,0,0,1,1,6,0,2.29,0.25,0.02,6.77,0.27,0.1,0.01,2.58,0.11
474,Sugawara,17,2,1.4,42,1458,15,1,1,4,2,44,0,2.72,0.47,2.46,38.95,2.93,0.03,0.15,2.4,0.18
475,Taylor,17,2,0.7,5,263,2,0,0,1,0,10,0,3.42,0.0,0.1,7.61,0.1,0.0,0.03,2.6,0.03
476,Walker-Peters,17,2,1.7,53,2828,32,0,3,5,2,75,0,2.39,0.85,2.28,74.86,3.12,0.03,0.07,2.38,0.1
477,Wood,17,2,1.4,13,622,7,0,0,2,1,16,0,2.32,0.23,0.04,16.83,0.27,0.03,0.01,2.44,0.04
515,Cornet,17,3,0.5,1,71,1,0,0,1,0,4,0,5.07,0.16,0.0,1.79,0.16,0.2,0.0,2.27,0.2
518,Downes,17,3,1.8,41,1789,21,1,0,10,3,43,0,2.16,0.64,1.24,39.96,1.88,0.03,0.06,2.01,0.09
584,Brereton Diaz,17,3,1.3,13,446,4,0,0,1,0,10,0,2.02,0.9,0.15,11.43,1.05,0.18,0.03,2.31,0.21
608,Dibling,17,3,2.1,62,1687,18,2,2,6,2,48,0,2.56,2.6,1.44,44.83,4.04,0.14,0.08,2.39,0.22
623,M.Fernandes,17,3,2.6,83,2585,30,2,3,8,4,60,0,2.09,3.84,2.9,63.06,6.74,0.13,0.1,2.2,0.23
693,O'Brien-Whitmarsh,17,3,0.0,0,0,0,0,0,0,0,0,0,0.0,0.0,0.0,0.0,0.0,0.0,0.0,0.0,0.0
718,Welington,17,2,0.9,6,211,3,0,0,1,0,6,0,2.56,0.04,0.14,4.99,0.18,0.02,0.06,2.13,0.08
719,Kayi Sanda,17,2,0.0,0,0,0,0,0,0,0,0,0,0.0,0.0,0.0,0.0,0.0,0.0,0.0,0.0,0.0
734,Gronbaek,17,3,1.5,6,141,2,0,0,0,0,3,0,1.91,0.12,0.01,5.1,0.13,0.08,0.01,3.26,0.09
748,Rusk,17,5,0.0,27,0,0,0,0,0,0,0,0,0.0,0.0,0.0,0.0,0.0,0.0,0.0,0.0,0.0
798,Jay Robinson,17,4,1.0,1,1,0,0,0,0,0,1,0,90.0,0.0,0.01,0.85,0.01,0.0,0.9,76.5,0.9
82,Solanke,18,4,4.0,100,2118,24,8,5,0,4,41,0,1.74,10.05,1.13,38.62,11.18,0.43,0.05,1.64,0.48
478,A.Phillips,18,2,0.0,0,0,0,0,0,0,0,0,0,0.0,0.0,0.0,0.0,0.0,0.0,0.0,0.0,0.0
479,Austin,18,1,1.0,1,90,1,0,0,0,0,2,2,2.0,0.0,0.0,2.53,0.0,0.0,0.0,2.53,0.0
480,Bentancur,18,3,2.0,47,1514,19,2,0,7,3,23,0,1.37,1.36,1.0,23.43,2.36,0.08,0.06,1.39,0.14
481,Bergvall,18,3,1.6,44,1200,11,0,2,3,3,25,0,1.88,0.71,0.82,24.19,1.53,0.05,0.06,1.81,0.11
482,Bissouma,18,3,1.9,45,1200,15,2,0,7,3,22,0,1.65,0.6,0.48,22.51,1.08,0.04,0.04,1.69,0.08
483,Bryan,18,3,0.0,0,0,0,0,0,0,0,0,0,0.0,0.0,0.0,0.0,0.0,0.0,0.0,0.0,0.0
484,Davies,18,2,2.0,26,1035,11,0,0,3,3,19,0,1.65,0.27,0.5,19.08,0.77,0.02,0.04,1.66,0.06
485,Devine,18,3,0.0,0,0,0,0,0,0,0,0,0,0.0,0.0,0.0,0.0,0.0,0.0,0.0,0.0,0.0
486,Dragusin,18,2,1.5,24,1250,14,0,0,1,2,29,0,2.09,0.13,0.16,28.59,0.29,0.01,0.01,2.06,0.02
487,E.Royal,18,2,0.0,0,0,0,0,0,0,0,0,0,0.0,0.0,0.0,0.0,0.0,0.0,0.0,0.0,0.0
488,Forster,18,1,2.7,19,630,7,0,0,0,1,15,29,2.14,0.0,0.0,14.8,0.0,0.0,0.0,2.11,0.0
489,Gray,18,3,1.6,38,1390,15,0,0,0,2,32,0,2.07,0.03,0.17,29.46,0.2,0.0,0.01,1.91,0.01
490,Hojbjerg,18,3,0.0,0,0,0,0,0,0,0,0,0,0.0,0.0,0.0,0.0,0.0,0.0,0.0,0.0,0.0
491,Johnson,18,3,4.3,134,2078,23,11,6,5,2,34,0,1.47,10.27,1.99,36.41,12.26,0.44,0.09,1.58,0.53
492,Kulusevski,18,3,3.8,114,2278,25,7,4,3,6,40,0,1.58,4.02,3.97,41.21,7.99,0.16,0.16,1.63,0.32
493,Lo Celso,18,3,0.0,0,0,0,0,0,0,0,0,0,0.0,0.0,0.0,0.0,0.0,0.0,0.0,0.0,0.0
494,Maddison,18,3,4.3,133,1799,21,9,8,6,6,32,0,1.6,5.54,5.87,32.41,11.41,0.28,0.29,1.62,0.57
495,Pedro Porro,18,2,3.2,99,2459,26,2,6,4,6,41,0,1.5,1.55,4.27,44.59,5.82,0.06,0.16,1.63,0.22
496,Reguilon,18,2,0.3,1,121,0,0,0,2,0,1,0,0.74,0.07,0.24,1.18,0.31,0.05,0.18,0.88,0.23
497,Richarlison,18,4,2.6,31,402,3,4,1,2,1,6,0,1.34,3.57,0.6,5.78,4.17,0.8,0.13,1.29,0.93
498,Romero,18,2,2.7,49,1416,18,1,1,3,3,22,0,1.4,1.52,0.81,19.31,2.33,0.1,0.05,1.23,0.15
499,P.M.Sarr,18,3,2.0,65,1624,18,3,2,6,2,35,0,1.94,3.3,0.67,30.95,3.97,0.18,0.04,1.72,0.22
500,Scarlett,18,4,2.0,6,31,0,0,1,0,0,1,0,2.9,0.04,0.0,0.83,0.04,0.12,0.0,2.41,0.12
502,Solomon,18,3,0.0,0,0,0,0,0,0,0,0,0,0.0,0.0,0.0,0.0,0.0,0.0,0.0,0.0,0.0
503,Son,18,3,4.5,126,2001,23,7,10,1,4,33,0,1.48,7.08,4.95,35.82,12.03,0.32,0.22,1.61,0.54
504,Spence,18,2,2.2,47,1513,16,1,2,2,3,32,0,1.9,0.58,1.38,28.22,1.96,0.03,0.08,1.68,0.11
505,Udogie,18,2,1.8,43,1833,23,0,1,2,2,31,0,1.52,0.31,1.21,30.87,1.52,0.02,0.06,1.52,0.08
506,Van de Ven,18,2,2.6,31,949,11,0,2,4,2,15,0,1.42,0.54,0.7,11.96,1.24,0.05,0.07,1.13,0.12
507,Veliz,18,4,0.0,0,0,0,0,0,0,0,0,0,0.0,0.0,0.0,0.0,0.0,0.0,0.0,0.0,0.0
508,Vicario,18,1,2.9,63,1980,22,0,0,1,4,32,63,1.45,0.0,0.0,30.35,0.0,0.0,0.0,1.38,0.0
509,Werner,18,3,1.9,34,504,4,0,3,0,1,12,0,2.14,1.04,1.55,11.41,2.59,0.19,0.28,2.04,0.47
510,Whiteman,18,1,0.0,0,0,0,0,0,0,0,0,0,0.0,0.0,0.0,0.0,0.0,0.0,0.0,0.0,0.0
609,Lankshear,18,4,1.0,3,10,0,0,0,0,0,0,0,0.0,0.0,0.0,0.02,0.0,0.0,0.0,0.18,0.0
610,Moore,18,3,2.0,14,180,2,0,2,0,0,1,0,0.5,0.2,0.55,1.96,0.75,0.1,0.28,0.98,0.38
612,Odobert,18,3,1.6,19,532,6,0,0,0,1,11,0,1.86,0.7,0.69,8.78,1.39,0.12,0.12,1.49,0.24
683,Olusesi,18,3,0.0,0,0,0,0,0,0,0,0,0,0.0,0.0,0.0,0.0,0.0,0.0,0.0,0.0,0.0
684,Hardy,18,2,0.0,0,0,0,0,0,0,0,0,0,0.0,0.0,0.0,0.0,0.0,0.0,0.0,0.0,0.0
689,Williams-Barnett,18,3,0.0,0,0,0,0,0,0,0,0,0,0.0,0.0,0.0,0.0,0.0,0.0,0.0,0.0,0.0
699,Dorrington,18,2,1.0,1,13,0,0,0,0,0,0,0,0.0,0.0,0.0,0.04,0.0,0.0,0.0,0.28,0.0
700,King,18,2,0.0,0,0,0,0,0,0,0,0,0,0.0,0.0,0.0,0.0,0.0,0.0,0.0,0.0,0.0
716,Kinsky,18,1,3.0,12,360,4,0,0,0,1,7,11,1.75,0.0,0.01,7.02,0.01,0.0,0.0,1.76,0.0
717,Yang,18,3,0.0,0,0,0,0,0,0,0,0,0,0.0,0.0,0.0,0.0,0.0,0.0,0.0,0.0,0.0
729,Ajayi,18,3,0.0,0,0,0,0,0,0,0,0,0,0.0,0.0,0.0,0.0,0.0,0.0,0.0,0.0,0.0
749,Postecoglou,18,5,0.0,53,0,0,0,0,0,0,0,0,0.0,0.0,0.0,0.0,0.0,0.0,0.0,0.0,0.0
760,Cassanova,18,2,0.0,0,0,0,0,0,0,0,0,0,0.0,0.0,0.0,0.0,0.0,0.0,0.0,0.0,0.0
767,Danso,18,2,2.0,12,482,5,0,0,0,1,9,0,1.68,0.42,0.12,9.16,0.54,0.08,0.02,1.71,0.1
768,Tel,18,3,3.3,30,556,7,2,0,0,2,13,0,2.1,2.14,0.86,10.2,3.0,0.35,0.14,1.65,0.49
123,Ferguson,19,4,1.4,27,375,3,1,0,0,1,9,0,2.16,1.13,0.66,6.39,1.79,0.27,0.16,1.53,0.43
388,Wan-Bissaka,19,2,2.9,93,2794,31,2,3,1,5,55,0,1.77,1.14,2.4,51.15,3.54,0.04,0.08,1.65,0.12
511,Alvarez,19,3,1.5,37,1632,19,0,1,6,3,29,0,1.6,0.31,0.84,27.42,1.15,0.02,0.05,1.51,0.07
512,Antonio,19,4,3.0,42,834,11,1,4,1,4,18,0,1.94,2.2,0.91,17.83,3.11,0.24,0.1,1.92,0.34
513,Areola,19,1,2.5,57,1989,22,0,0,0,3,38,73,1.72,0.0,0.0,32.77,0.0,0.0,0.0,1.48,0.0
514,Bowen,19,3,5.1,154,2632,30,9,10,1,7,46,0,1.57,7.5,6.22,46.87,13.72,0.26,0.21,1.6,0.47
516,Coufal,19,2,1.1,19,856,9,0,0,4,1,19,0,2.0,0.27,0.82,15.74,1.08,0.03,0.09,1.65,0.12
517,Cresswell,19,2,1.9,27,583,7,0,0,2,2,6,0,0.93,0.11,1.22,8.53,1.33,0.02,0.19,1.32,0.21
519,Earthy,19,3,0.0,0,0,0,0,0,0,0,0,0,0.0,0.0,0.0,0.0,0.0,0.0,0.0,0.0,0.0
520,Emerson,19,2,2.5,73,2011,25,2,1,5,5,40,0,1.79,1.95,2.18,36.24,4.13,0.09,0.1,1.62,0.19
521,Fabianski,19,1,2.8,36,1070,12,0,0,2,2,20,47,1.68,0.0,0.0,21.99,0.0,0.0,0.0,1.85,0.0
522,Foderingham,19,1,0.0,0,0,0,0,0,0,0,0,0,0.0,0.0,0.0,0.0,0.0,0.0,0.0,0.0,0.0
523,Ings,19,4,2.1,32,270,1,1,3,0,0,4,0,1.33,2.25,0.06,4.89,2.31,0.75,0.02,1.63,0.77
524,Kilman,19,2,2.1,72,2988,34,0,1,4,5,58,0,1.75,1.45,1.17,53.91,2.62,0.04,0.04,1.62,0.08
525,Kudus,19,3,3.2,90,2332,28,4,3,1,6,43,0,1.66,6.57,2.43,39.76,9.0,0.25,0.09,1.53,0.34
526,L.Guilherme,19,3,1.0,11,128,1,0,0,0,0,5,0,3.52,0.29,0.12,2.53,0.41,0.2,0.08,1.78,0.28
527,L.Paqueta,19,3,2.6,78,2253,26,4,1,8,4,48,0,1.92,5.22,3.29,41.68,8.51,0.21,0.13,1.66,0.34
528,Mavropanos,19,2,1.4,41,1936,20,0,0,4,2,38,0,1.77,1.61,0.39,35.82,2.0,0.07,0.02,1.67,0.09
529,N.Aguerd,19,2,0.0,0,0,0,0,0,0,0,0,0,0.0,0.0,0.0,0.0,0.0,0.0,0.0,0.0,0.0
530,Soucek,19,3,3.6,111,2247,26,8,2,8,6,41,0,1.64,5.84,1.23,39.04,7.07,0.23,0.05,1.56,0.28
531,Ward-Prowse,19,3,1.9,37,1196,14,0,2,2,4,16,0,1.2,0.61,1.8,15.12,2.41,0.05,0.14,1.14,0.19
532,Zouma,19,2,0.0,0,0,0,0,0,0,0,0,0,0.0,0.0,0.0,0.0,0.0,0.0,0.0,0.0,0.0
576,Irving,19,3,0.9,9,161,1,0,0,2,0,4,0,2.24,0.13,0.12,4.48,0.25,0.07,0.07,2.5,0.14
587,Summerville,19,3,1.7,33,776,7,1,1,2,2,20,0,2.32,1.61,1.71,17.58,3.32,0.19,0.2,2.04,0.39
588,G.Rodriguez,19,3,1.4,29,1016,14,0,0,5,3,18,0,1.59,0.22,0.12,18.36,0.34,0.02,0.01,1.63,0.03
589,Fullkrug,19,4,2.6,36,583,4,3,2,2,2,15,0,2.32,1.89,0.38,10.87,2.27,0.29,0.06,1.68,0.35
591,Todibo,19,2,1.9,44,1483,16,0,0,2,4,29,0,1.76,0.15,0.05,24.59,0.2,0.01,0.0,1.49,0.01
643,Casey,19,2,1.0,1,1,0,0,0,0,0,0,0,0.0,0.0,0.0,0.09,0.0,0.0,0.0,8.1,0.0
654,C.Soler,19,3,1.6,45,1336,14,1,1,5,2,24,0,1.62,1.73,1.29,26.52,3.02,0.12,0.09,1.79,0.21
677,Scarles,19,2,1.9,27,588,6,0,0,1,2,8,0,1.22,0.11,0.17,9.64,0.28,0.02,0.03,1.48,0.05
686,Mayers,19,2,0.0,0,0,0,0,0,0,0,0,0,0.0,0.0,0.0,0.0,0.0,0.0,0.0,0.0,0.0
701,Orford,19,3,1.0,2,47,0,0,0,0,0,1,0,1.91,0.03,0.04,1.23,0.07,0.06,0.08,2.36,0.14
750,Potter,19,5,0.0,60,0,0,0,0,0,0,0,0,0.0,0.0,0.0,0.0,0.0,0.0,0.0,0.0,0.0
204,Johnstone,20,1,1.7,12,630,7,0,0,0,0,17,23,2.43,0.0,0.0,12.98,0.0,0.0,0.0,1.85,0.0
533,Ait-Nouri,20,2,3.6,120,2778,33,4,7,5,7,59,0,1.91,2.4,3.54,48.09,5.94,0.08,0.11,1.56,0.19
534,B.Traore,20,3,1.0,1,1,0,0,0,0,0,0,0,0.0,0.0,0.0,0.0,0.0,0.0,0.0,0.0,0.0
535,Bellegarde,20,3,2.6,81,1478,18,2,6,3,6,25,0,1.52,1.26,2.53,23.46,3.79,0.08,0.15,1.43,0.23
536,Bentley,20,1,7.0,7,90,1,0,0,0,1,0,2,0.0,0.0,0.0,1.32,0.0,0.0,0.0,1.32,0.0
537,Chiquinho,20,3,1.0,1,6,0,0,0,0,0,0,0,0.0,0.0,0.05,0.0,0.05,0.0,0.75,0.0,0.75
538,Chirewa,20,3,0.0,0,0,0,0,0,0,0,0,0,0.0,0.0,0.0,0.0,0.0,0.0,0.0,0.0,0.0
539,Chiwome,20,4,0.0,0,0,0,0,0,0,0,0,0,0.0,0.0,0.0,0.0,0.0,0.0,0.0,0.0,0.0
540,Cundle,20,3,0.0,0,0,0,0,0,0,0,0,0,0.0,0.0,0.0,0.0,0.0,0.0,0.0,0.0,0.0
541,Cunha,20,4,6.0,173,2341,26,15,7,3,7,50,0,1.92,7.95,4.92,40.92,12.87,0.31,0.19,1.57,0.5
542,Dawson,20,2,1.1,17,969,10,0,1,2,1,25,0,2.32,0.5,0.07,18.56,0.57,0.05,0.01,1.72,0.06
543,Doherty,20,2,2.6,70,1897,22,2,1,6,6,35,0,1.66,1.12,1.21,29.88,2.33,0.05,0.06,1.42,0.11
544,Doyle,20,3,1.2,28,474,3,0,1,1,0,10,0,1.9,0.55,0.35,10.16,0.9,0.1,0.07,1.93,0.17
545,Fabio Silva,20,4,0.0,0,0,0,0,0,0,0,0,0,0.0,0.0,0.0,0.0,0.0,0.0,0.0,0.0,0.0
546,Fraser,20,4,0.0,0,0,0,0,0,0,0,0,0,0.0,0.0,0.0,0.0,0.0,0.0,0.0,0.0,0.0
547,Gonzalez,20,3,0.0,0,0,0,0,0,0,0,0,0,0.0,0.0,0.0,0.0,0.0,0.0,0.0,0.0,0.0
548,Guedes,20,3,2.2,56,757,7,2,4,1,3,19,0,2.26,2.26,0.62,15.02,2.88,0.27,0.07,1.79,0.34
549,H.Bueno,20,2,0.0,0,0,0,0,0,0,0,0,0,0.0,0.0,0.0,0.0,0.0,0.0,0.0,0.0,0.0
550,Hee Chan,20,3,1.8,35,632,5,2,1,0,0,18,0,2.56,0.79,0.35,12.08,1.14,0.11,0.05,1.72,0.16
551,Hodge,20,3,0.0,0,0,0,0,0,0,0,0,0,0.0,0.0,0.0,0.0,0.0,0.0,0.0,0.0,0.0
552,Hoever,20,2,0.0,0,0,0,0,0,0,0,0,0,0.0,0.0,0.0,0.0,0.0,0.0,0.0,0.0,0.0
553,J.Gomes,20,3,2.6,82,2691,32,3,1,8,6,54,0,1.81,2.77,2.49,45.86,5.26,0.09,0.08,1.53,0.17
554,Jose Sa,20,1,3.3,86,2340,26,0,0,2,7,44,64,1.69,0.0,0.01,38.65,0.01,0.0,0.0,1.49,0.0
555,Kalajdzic,20,4,0.0,0,0,0,0,0,0,0,0,0,0.0,0.0,0.0,0.0,0.0,0.0,0.0,0.0,0.0
556,King,20,1,0.0,0,0,0,0,0,0,0,0,0,0.0,0.0,0.0,0.0,0.0,0.0,0.0,0.0,0.0
557,Mario Jr.,20,3,2.8,47,1363,15,1,3,4,1,39,0,2.58,1.3,0.87,27.26,2.17,0.09,0.06,1.8,0.15
558,Mosquera,20,2,0.6,3,441,5,0,0,2,0,12,0,2.45,0.33,0.03,5.63,0.36,0.07,0.01,1.15,0.08
559,N.Semedo,20,2,2.7,80,2579,29,0,4,7,8,43,0,1.5,0.92,1.42,43.46,2.34,0.03,0.05,1.52,0.08
561,Pedro Lima,20,2,0.7,2,69,1,0,0,0,0,2,0,2.61,0.06,0.1,0.77,0.16,0.08,0.13,1.0,0.21
562,Podence,20,3,1.0,2,46,0,0,0,0,0,2,0,3.91,0.04,0.01,0.7,0.05,0.08,0.02,1.37,0.1
563,R.Gomes,20,3,1.8,37,634,6,2,0,0,1,16,0,2.27,0.58,0.81,13.88,1.39,0.08,0.11,1.97,0.19
564,S.Bueno,20,2,1.9,50,1671,18,0,0,2,5,34,0,1.83,0.45,0.1,29.26,0.55,0.02,0.01,1.58,0.03
565,Sarabia,20,3,2.4,46,678,6,3,2,3,1,13,0,1.73,2.88,1.82,13.87,4.7,0.38,0.24,1.84,0.62
566,Strand Larsen,20,4,4.0,129,2465,29,13,2,4,7,48,0,1.75,9.9,0.97,41.92,10.87,0.36,0.04,1.53,0.4
567,Toti,20,2,2.8,75,2253,26,0,1,6,8,37,0,1.48,0.73,0.55,36.25,1.28,0.03,0.02,1.45,0.05
637,Meupiyou,20,2,0.0,0,0,0,0,0,0,0,0,0,0.0,0.0,0.0,0.0,0.0,0.0,0.0,0.0,0.0
642,Andre,20,3,1.9,54,2170,27,0,0,7,7,40,0,1.66,0.35,0.4,35.98,0.75,0.01,0.02,1.49,0.03
655,Forbs,20,3,0.9,9,236,1,0,0,2,0,9,0,3.43,0.15,0.1,8.09,0.25,0.06,0.04,3.09,0.1
664,Pond,20,2,1.0,1,1,0,0,0,0,0,0,0,0.0,0.0,0.0,0.0,0.0,0.0,0.0,0.0,0.0
682,Edozie,20,3,0.0,0,0,0,0,0,0,0,0,0,0.0,0.0,0.0,0.0,0.0,0.0,0.0,0.0,0.0
711,Okoduwa,20,2,0.0,0,0,0,0,0,0,0,0,0,0.0,0.0,0.0,0.0,0.0,0.0,0.0,0.0,0.0
720,Agbadou,20,2,2.9,35,1050,12,0,0,2,4,14,0,1.2,0.29,0.27,17.72,0.56,0.02,0.02,1.52,0.04
751,Pereira,20,5,0.0,100,0,0,0,0,0,0,0,0,0.0,0.0,0.0,0.0,0.0,0.0,0.0,0.0,0.0
769,Djiga,20,2,1.0,4,20,0,0,0,0,0,0,0,0.0,0.0,0.0,0.13,0.0,0.0,0.0,0.58,0.0
770,Munetsi,20,3,3.6,36,788,9,1,2,0,5,6,0,0.69,2.98,0.96,10.46,3.93,0.34,0.11,1.19,0.45
784,Mane,20,4,0.0,0,0,0,0,0,0,0,0,0,0.0,0.0,0.0,0.0,0.0,0.0,0.0,0.0,0.0
