team,wins,draws,losses,goals_for,goals_against,goal_difference,points,points_per_match,xGA,xGD,xGD/90,npxG,progressive_carries,progressive_passes,goals/90,xG/90,xAG/90,xG_plus_xAG/90,npxG/90,npxG_plus_xAG/90,shots,shots_on_target,shots_on_target_percentage,shots/90,shots_on_target/90,goals/shots,goals/shots_on_target,npxG/shot,goals_minus_xG,shot_creating_actions,shot_creating_actions/90,passes_led_to_shot,passes_dead_led_to_shot,takeons_led_to_shot,shots_led_to_shot,fouls_drawn_led_to_shot,defensive_actions_led_to_shot,goal_creating_actions,goal_creating_actions/90,passes_led_to_goal,passes_dead_led_to_goal,takeons_led_to_goal,shots_led_to_goal,fouls_drawn_led_to_goal,defensive_actions_led_to_goal,players_tackled,tackles_won,tackles_in_defensive_3rd,tackles_in_mid_3rd,tackles_in_attacking_3rd,dribblers_tackled,dribblers_tackles_attempted,dribblers_tackles_percentage,dribblers_tackles_lost,blocks,shots_blocked,passes_blocked,interceptions,tackles_plus_interceptions,clearances,errors,touches,touches_in_defensive_penalty_area,touches_in_defensive_third,touches_in_midfield_third,touches_in_attacking_third,touches_in_attacking_penalty_area,live,takeons_attempted,takeons_successful,takeons_successful_percentage,tackled_during_takeon,tackled_during_takeon_percentage,carries,total_distance_carried,progressive_carry_distance,carries_into_final_third,carries_into_penalty_area,miscontrols,dispossessed,passes_received,progressive_passes_received
Manchester City,28,7,3,96,34,+62,91,2.39,35.6,+44.9,+1.18,72.9,1127,2060,2.47,2.12,1.58,3.70,1.92,3.50,647,209,32.3,17.03,5.50,0.12,0.36,0.11,+9.9,1185,31.18,926,82,58,66,33,20,152,4.00,104,16,8,11,13,0,610,348,257,246,107,271,543,49.9,272,412,106,306,292,902,515,18,26493,1974,6714,11407,8560,1480,26483,671,283,42.2,304,45.3,16297,81171,41510,575,327,525,375,18917,2088
Arsenal,28,5,5,91,29,+62,89,2.34,27.9,+48.2,+1.27,68.5,821,2106,2.26,2.00,1.46,3.46,1.80,3.26,511,182,35.6,13.45,4.79,0.13,0.37,0.12,+8.7,912,24.00,670,77,47,73,31,14,129,3.39,92,8,8,10,8,3,547,311,269,210,68,260,550,47.3,290,389,113,276,236,783,597,13,23059,2807,8171,9636,5459,1010,23055,757,345,45.6,315,41.6,14451,78629,41239,490,217,477,416,15824,1438
Liverpool,24,10,4,86,41,+45,82,2.16,45.7,+42.0,+1.11,80.4,924,2110,2.11,2.31,1.68,3.98,2.12,3.79,539,175,32.5,14.18,4.61,0.09,0.29,0.10,-3.9,952,25.05,700,70,64,57,34,27,83,2.18,62,3,5,6,3,4,693,410,301,281,111,325,688,47.2,363,504,153,351,357,1050,817,16,20700,2486,6820,8469,5686,1033,20697,872,382,43.8,414,47.5,11015,66369,34635,513,240,637,386,11771,1296
Aston Villa,20,8,10,76,61,+15,68,1.79,59.9,+3.4,+0.09,60.3,775,1451,1.89,1.67,1.28,2.95,1.59,2.87,470,159,33.8,12.37,4.18,0.11,0.32,0.12,-4.2,804,21.16,557,102,34,55,42,14,81,2.13,57,7,3,8,6,0,677,399,349,250,78,317,697,45.5,380,474,142,332,378,1055,903,18,21227,2878,7944,8253,5210,982,21224,577,243,42.1,269,46.6,10970,56621,29411,363,156,556,271,12416,1276
Tottenham,20,6,12,74,61,+13,66,1.74,63.4,+4.8,+0.13,66.7,957,2107,1.82,1.79,1.51,3.31,1.75,3.27,555,198,35.7,14.61,5.21,0.08,0.23,0.10,-6.8,1010,26.58,749,87,54,71,38,11,89,2.34,59,5,9,9,6,1,644,366,292,252,100,307,658,46.7,351,437,140,297,288,932,603,21,29112,3197,9449,13090,6766,1081,29106,715,297,41.5,322,45.0,19020,92960,48884,584,269,579,342,21577,1767
Chelsea,18,9,11,77,63,+14,63,1.66,58.1,+16.4,+0.43,65.1,873,1615,2.00,1.96,1.35,3.31,1.71,3.06,430,137,31.9,11.32,3.61,0.09,0.27,0.09,-0.6,757,19.92,549,74,49,45,31,9,74,1.95,55,6,8,2,3,0,607,342,282,247,78,284,584,48.6,300,477,169,308,280,887,837,22,22181,2907,8021,9196,5155,819,22178,699,300,42.9,329,47.1,12244,66914,35421,460,240,517,296,13779,1162
Newcastle Utd,18,6,14,85,62,+23,60,1.58,61.4,+14.6,+0.38,69.0,737,1557,2.18,2.00,1.35,3.35,1.82,3.17,537,194,36.1,14.13,5.11,0.12,0.34,0.12,+1.5,980,25.79,720,62,76,46,50,26,133,3.50,89,7,11,10,12,4,663,376,325,235,103,323,630,51.3,307,448,166,282,298,961,785,24,27725,3035,9367,12068,6558,1039,27713,869,398,45.8,365,42.0,16624,84615,44082,543,291,604,370,19899,1600
Manchester Utd,18,6,14,57,58,-1,60,1.58,68.9,-12.5,-0.33,51.0,758,1479,1.50,1.49,1.06,2.54,1.34,2.40,452,162,35.8,11.89,4.26,0.12,0.32,0.10,+7.4,794,20.89,554,74,48,50,45,23,103,2.71,85,4,6,2,6,0,788,464,373,301,114,337,609,55.3,272,456,122,334,323,1111,927,6,21367,2349,7237,9279,5077,797,21363,737,341,46.3,320,43.4,10943,55546,26838,383,170,606,426,12811,1161
West Ham,14,10,14,60,74,-14,52,1.37,71.1,-18.8,-0.49,48.4,556,1207,1.53,1.38,0.92,2.29,1.27,2.19,504,152,30.2,13.26,4.00,0.08,0.25,0.11,-14.0,854,22.47,592,82,31,76,41,32,60,1.58,33,5,0,13,5,4,743,442,371,261,111,347,701,49.5,354,479,177,302,358,1101,882,12,20053,2568,6792,8180,5283,809,20050,564,250,44.3,267,47.3,9770,52160,25904,389,127,560,320,11254,1119
Crystal Palace,13,10,15,57,58,-1,49,1.29,52.0,-3.4,-0.09,45.4,506,1176,1.47,1.28,1.02,2.30,1.20,2.21,499,175,35.1,13.13,4.61,0.10,0.30,0.10,+3.2,877,23.08,652,79,40,67,24,15,95,2.50,73,6,4,8,3,1,679,384,339,260,80,346,678,51.0,332,437,117,320,371,1050,744,14,24318,2792,8619,10359,5568,849,24316,550,271,49.3,232,42.2,13883,72675,36777,508,151,520,325,16183,1452
Brighton,12,12,14,55,62,-7,48,1.26,55.4,+1.4,+0.04,52.2,864,1780,1.32,1.49,1.09,2.59,1.37,2.47,781,263,33.7,20.55,6.92,0.09,0.28,0.11,-7.8,1388,36.53,1045,116,66,101,43,17,131,3.45,96,8,9,10,7,1,677,418,274,290,113,341,768,44.4,427,475,108,367,292,969,583,19,28764,2193,7390,13756,7869,1422,28755,737,331,44.9,331,44.9,17894,92424,48244,694,295,574,407,20230,2091
Bournemouth,13,9,16,54,67,-13,48,1.26,58.1,-2.2,-0.06,53.6,709,1314,1.37,1.47,1.06,2.54,1.41,2.47,427,134,31.4,11.24,3.53,0.10,0.33,0.09,+6.6,749,19.71,504,73,59,55,46,12,81,2.13,46,7,6,16,6,0,654,368,330,236,88,299,616,48.5,317,493,183,310,325,979,916,21,19655,2630,7028,7905,4964,780,19650,771,354,45.9,331,42.9,10069,59965,29815,480,169,580,385,10911,1094
Fulham,13,8,17,55,61,-6,47,1.24,62.9,-12.1,-0.32,49.2,670,1467,1.42,1.34,0.99,2.33,1.30,2.29,683,264,38.7,17.97,6.95,0.12,0.32,0.11,+13.5,1259,33.13,991,65,65,67,54,17,169,4.45,125,5,14,10,13,2,517,305,183,221,113,222,458,48.5,236,353,75,278,233,750,457,17,31414,2162,7012,14348,10260,1466,31404,731,377,51.6,282,38.6,20210,105397,58071,867,415,441,356,24343,2032
Wolves,13,7,18,50,65,-15,46,1.21,67.7,-21.0,-0.55,43.6,671,1180,1.24,1.23,0.84,2.07,1.15,1.98,543,182,33.5,14.29,4.79,0.09,0.28,0.10,+0.5,989,26.03,743,79,55,52,38,22,98,2.58,68,4,8,7,6,5,676,409,334,240,102,349,715,48.8,366,534,207,327,313,989,884,12,23998,2938,8197,9856,6146,1025,23991,697,311,44.6,303,43.5,13979,75358,39599,523,274,484,342,15597,1468
Everton,13,9,16,40,51,-11,40,1.05,55.2,-1.2,-0.03,51.6,495,1129,1.05,1.42,1.00,2.43,1.36,2.36,542,196,36.2,14.26,5.16,0.14,0.38,0.13,+7.0,983,25.87,713,69,72,67,46,16,144,3.79,90,7,18,13,13,3,661,391,316,254,91,302,681,44.3,379,497,151,346,285,946,682,16,24004,2447,8084,10144,6004,1094,23996,730,355,48.6,288,39.5,13650,73461,36585,507,243,506,400,15994,1545
Brentford,10,9,19,56,65,-9,39,1.03,56.0,+2.2,+0.06,56.0,505,1283,1.42,1.53,1.12,2.66,1.47,2.60,450,143,31.8,11.84,3.76,0.11,0.34,0.11,-0.9,783,20.61,566,67,49,56,32,13,90,2.37,70,5,7,3,3,2,728,430,437,219,72,326,609,53.5,283,489,168,321,331,1059,968,13,20126,2493,7339,8320,4686,785,20125,604,275,45.5,268,44.4,10217,54749,29182,394,155,527,286,11784,1123
Nott'ham Forest,9,9,20,49,67,-18,32,0.84,53.3,-3.4,-0.09,49.1,601,1141,1.29,1.31,1.00,2.31,1.29,2.29,360,117,32.5,9.47,3.08,0.07,0.22,0.10,-7.3,601,15.82,425,59,39,45,22,11,48,1.26,32,2,4,6,3,1,709,405,375,248,86,299,635,47.1,336,514,180,334,348,1057,1042,18,17951,2817,7156,7145,3830,646,17946,581,251,43.2,286,49.2,8332,43412,20412,287,128,489,322,9458,875
Luton Town,6,8,24,52,85,-33,26,0.68,78.0,-35.5,-0.94,38.6,675,1113,1.29,1.12,0.78,1.89,1.02,1.79,582,207,35.6,15.32,5.45,0.12,0.32,0.12,+0.8,1053,27.71,818,60,60,61,31,23,122,3.21,96,7,7,5,3,4,724,451,335,264,125,360,691,52.1,331,445,132,313,355,1079,707,24,28529,2791,8520,12260,8010,1316,28527,812,359,44.2,363,44.7,18087,92824,46598,634,349,559,375,20484,2097
Burnley,5,9,24,41,78,-37,24,0.63,70.4,-29.7,-0.78,38.3,727,1181,1.05,1.07,0.78,1.85,1.01,1.79,445,146,32.8,11.71,3.84,0.12,0.37,0.11,+5.7,782,20.58,518,91,58,43,47,25,104,2.74,70,11,8,8,4,3,684,426,350,254,80,307,607,50.6,300,487,180,307,361,1045,906,9,20875,2605,7301,9100,4692,750,20869,745,353,47.4,321,43.1,11184,60658,28802,369,168,515,397,12459,1192
Sheffield Utd,3,7,28,35,104,-69,16,0.42,76.6,-38.3,-1.01,34.5,346,884,0.82,1.01,0.68,1.69,0.91,1.59,425,153,36.0,11.18,4.03,0.10,0.28,0.11,+0.3,743,19.55,519,67,53,47,42,15,81,2.13,52,7,7,6,7,2,739,430,415,247,77,312,607,51.4,295,506,173,333,284,1023,828,16,23487,2823,8674,10264,4804,739,23483,823,415,50.4,324,39.4,13055,71341,36731,519,168,536,389,15352,1163
