player_id,team_id,opponent_team_id,was_home,player_name,player_number,nation,pos,age,minutes,goals,assists,penalty_kicks_made,penalty_kicks_attempted,shots,shots_on_target,yellow_cards,red_cards,touches,tackles,interceptions,blocks,xG,npxG,xAG,shot_creating_actions,goal_creating_actions,total_completed_passes,total_attempted_passes,total_pass_completion_percentage,progressive_passes,carries,progressive_carries,attempted_takeons,successful_takeons,gw
129.0,5,3,True,João Pedro,9,br BRA,FW,23-152,71,1,0,1,1,0,0,0,0,30,0,0,0,0.8,0.0,0.0,3,1,12,19,63.2,5,15,1,2,1,27
148.0,5,3,True,Danny Welbeck,18,eng ENG,FW,34-091,19,1,0,0,0,1,1,0,0,7,0,0,0,0.4,0.4,0.0,0,0,5,6,83.3,1,5,2,1,1,27
136.0,5,3,True,Kaoru Mitoma,22,jp JPN,LW,27-281,90,0,0,0,0,2,0,0,0,40,2,0,1,0.6,0.6,0.0,0,0,13,21,61.9,3,17,2,10,3,27
135.0,5,3,True,Yankuba Minteh,17,gm GAM,RW,20-218,90,0,0,0,0,1,1,0,0,40,7,1,2,0.1,0.1,0.2,1,0,13,22,59.1,2,11,3,1,1,27
618.0,5,3,True,Georginio Rutter,14,fr FRA,AM,22-311,89,0,1,0,0,4,1,0,0,38,4,0,2,0.4,0.4,0.4,5,2,10,19,52.6,1,19,2,5,2,27
132.0,5,3,True,Solly March,7,eng ENG,AM,30-220,1,0,0,0,0,0,0,0,0,1,0,0,1,0.0,0.0,0.0,0,0,0,0,,0,0,0,0,0,27
714.0,5,3,True,Diego Gómez,25,py PAR,DM,21-335,71,0,0,0,0,1,0,0,0,53,2,1,3,0.0,0.0,0.3,5,1,32,37,86.5,6,24,3,5,3,27
600.0,5,3,True,Yasin Ayari,26,se SWE,DM,21-142,19,0,0,0,0,0,0,0,0,12,1,0,0,0.0,0.0,0.0,0,0,5,9,55.6,0,2,0,0,0,27
115.0,5,3,True,Carlos Baleba,20,cm CMR,DM,21-053,84,0,0,0,0,0,0,0,0,48,0,0,1,0.0,0.0,0.0,2,0,38,43,88.4,6,19,0,2,2,27
149.0,5,3,True,Mats Wieffer,27,nl NED,DM,25-101,6,0,0,0,0,0,0,1,0,14,0,0,0,0.0,0.0,0.0,0,0,10,12,83.3,0,2,0,0,0,27
122.0,5,3,True,Pervis Estupiñán,30,ec ECU,LB,27-035,71,0,0,0,0,0,0,0,0,39,0,0,0,0.0,0.0,0.0,1,0,27,35,77.1,1,16,0,2,1,27
126.0,5,3,True,Jack Hinshelwood,41,eng ENG,LB,19-320,19,0,0,0,0,0,0,0,0,14,0,0,1,0.0,0.0,0.0,0,0,5,11,45.5,0,1,0,0,0,27
147.0,5,3,True,Adam Webster,4,eng ENG,CB,30-052,90,0,0,0,0,0,0,0,0,44,1,3,2,0.0,0.0,0.0,1,0,28,36,77.8,1,13,2,0,0,27
144.0,5,3,True,Jan Paul van Hecke,29,nl NED,CB,24-262,90,0,0,0,0,1,0,1,0,65,3,0,3,0.2,0.2,0.0,1,0,35,52,67.3,3,31,0,0,0,27
131.0,5,3,True,Tariq Lamptey,2,gh GHA,RB,24-148,90,0,0,0,0,0,0,0,0,54,1,1,1,0.0,0.0,0.4,2,0,31,42,73.8,0,20,1,4,2,27
146.0,5,3,True,Bart Verbruggen,1,nl NED,GK,22-191,90,0,0,0,0,0,0,0,0,45,0,0,0,0.0,0.0,0.0,0,0,21,40,52.5,0,22,0,0,0,27
74.0,3,5,False,Dango Ouattara,11,bf BFA,FW,23-014,76,0,0,0,0,4,1,0,0,23,0,0,0,0.5,0.5,0.3,3,0,11,16,68.8,3,12,3,0,0,27
617.0,3,5,False,Evanilson,9,br BRA,FW,25-142,14,0,0,0,0,0,0,0,0,2,0,0,0,0.0,0.0,0.0,1,0,1,2,50.0,0,0,0,0,0,27
78.0,3,5,False,Antoine Semenyo,24,gh GHA,"LW,RW",25-049,90,0,0,0,0,2,2,1,0,44,2,1,1,0.2,0.2,0.2,5,0,28,32,87.5,7,20,3,2,1,27
62.0,3,5,False,David Brooks,7,wls WAL,RW,27-232,45,0,0,0,0,1,0,0,0,14,0,0,1,0.0,0.0,0.0,1,0,6,10,60.0,2,9,2,0,0,27
83.0,3,5,False,Marcus Tavernier,16,eng ENG,"RW,DM",25-340,45,0,0,0,0,3,0,0,0,31,1,0,1,0.1,0.1,0.0,4,0,17,23,73.9,1,15,1,1,1,27
71.0,3,5,False,Justin Kluivert,19,nl NED,AM,25-296,90,1,0,0,0,3,1,0,0,58,2,0,0,0.1,0.1,0.4,10,0,35,46,76.1,6,41,7,10,7,27
60.0,3,5,False,Tyler Adams,12,us USA,"DM,CB",26-011,90,0,0,0,0,0,0,0,0,85,4,1,0,0.0,0.0,0.0,0,0,61,76,80.3,5,47,0,1,0,27
63.0,3,5,False,Ryan Christie,10,sct SCO,DM,30-003,25,0,0,0,0,2,1,0,0,12,2,1,1,0.1,0.1,0.0,0,0,4,4,100.0,1,6,0,0,0,27
77.0,3,5,False,Alex Scott,8,eng ENG,DM,21-188,65,0,0,0,0,0,0,0,0,40,3,1,0,0.0,0.0,0.1,3,1,21,29,72.4,3,15,1,3,2,27
70.0,3,5,False,Milos Kerkez,3,hu HUN,LB,21-110,90,0,1,0,0,0,0,0,0,76,0,0,3,0.0,0.0,0.0,3,1,45,55,81.8,4,37,1,5,2,27
580.0,3,5,False,Dean Huijsen,2,es ESP,CB,19-317,90,0,0,0,0,0,0,0,0,95,1,4,2,0.0,0.0,0.0,2,0,62,75,82.7,2,42,0,0,0,27
68.0,3,5,False,James Hill,23,eng ENG,CB,23-046,84,0,0,0,0,2,0,0,0,71,6,3,0,0.2,0.2,0.0,0,0,40,55,72.7,0,38,0,0,0,27
80.0,3,5,False,Luis Sinisterra,17,co COL,LW,25-253,6,0,0,0,0,1,0,0,0,8,1,0,0,0.1,0.1,0.0,0,0,3,5,60.0,1,4,1,0,0,27
64.0,3,5,False,Lewis Cook,4,eng ENG,RB,28-022,90,0,0,0,0,0,0,0,0,60,3,1,0,0.0,0.0,0.1,1,0,41,49,83.7,4,22,0,1,1,27
152.0,3,5,False,Kepa Arrizabalaga,13,es ESP,GK,30-145,90,0,0,0,0,1,0,0,0,40,0,0,0,0.1,0.1,0.0,0,0,27,38,71.1,0,28,0,0,0,27
207.0,7,2,True,Jean-Philippe Mateta,14,fr FRA,FW,27-242,90,1,0,0,0,2,1,0,0,35,2,0,0,0.4,0.4,0.6,4,0,18,24,75.0,4,18,2,1,1,27
199.0,7,2,True,Eberechi Eze,10,eng ENG,AM,26-241,90,0,1,0,0,4,0,0,0,43,6,0,1,0.3,0.3,0.6,8,0,19,28,67.9,2,19,3,2,1,27
585.0,7,2,True,Ismaila Sarr,7,sn SEN,AM,27-000,85,2,0,0,0,4,3,0,0,36,0,0,0,1.9,1.9,0.5,6,0,15,23,65.2,2,18,2,2,0,27
11.0,7,2,True,Eddie Nketiah,9,eng ENG,AM,25-271,5,1,0,0,0,1,1,0,0,3,0,0,0,1.0,1.0,0.0,0,0,0,1,0.0,0,3,1,0,0,27
203.0,7,2,True,Will Hughes,19,eng ENG,CM,29-314,57,0,0,0,0,1,0,1,0,26,3,1,1,0.0,0.0,0.0,1,0,15,19,78.9,4,6,0,0,0,27
206.0,7,2,True,Jefferson Lerma,8,co COL,CM,30-123,33,0,0,0,0,1,0,1,0,12,0,1,0,0.1,0.1,0.0,1,0,6,8,75.0,0,4,0,0,0,27
216.0,7,2,True,Adam Wharton,20,eng ENG,CM,20-268,77,0,0,0,0,1,0,0,0,38,2,1,0,0.0,0.0,0.1,7,2,22,32,68.8,6,9,0,0,0,27
205.0,7,2,True,Daichi Kamada,18,jp JPN,CM,28-204,13,0,0,0,0,0,0,0,0,11,2,0,1,0.0,0.0,0.0,1,1,6,7,85.7,1,4,0,1,0,27
210.0,7,2,True,Tyrick Mitchell,3,eng ENG,WB,25-177,90,0,1,0,0,2,0,0,0,40,5,1,1,0.6,0.6,1.0,2,1,17,26,65.4,0,16,1,1,1,27
211.0,7,2,True,Daniel Muñoz,12,co COL,WB,28-275,90,0,1,0,0,1,0,1,0,45,2,2,3,0.0,0.0,0.2,2,1,21,32,65.6,0,15,3,0,0,27
200.0,7,2,True,Marc Guéhi,6,eng ENG,CB,24-227,90,0,0,0,0,0,0,0,0,33,3,3,2,0.0,0.0,0.0,1,0,17,19,89.5,2,7,0,0,0,27
650.0,7,2,True,Maxence Lacroix,5,fr FRA,CB,24-325,90,0,0,0,0,1,0,0,0,31,6,1,0,0.0,0.0,0.0,0,0,15,19,78.9,1,9,0,0,0,27
194.0,7,2,True,Chris Richards,26,us USA,CB,24-334,90,0,0,0,0,1,1,0,0,36,1,0,2,0.0,0.0,0.0,1,1,18,26,69.2,1,9,0,1,1,27
201.0,7,2,True,Dean Henderson,1,eng ENG,GK,27-350,90,0,0,0,0,0,0,0,0,27,0,0,0,0.0,0.0,0.0,0,0,13,26,50.0,0,11,0,0,0,27
58.0,2,7,False,Ollie Watkins,11,eng ENG,FW,29-057,67,0,1,0,0,0,0,0,0,18,0,1,0,0.0,0.0,0.1,1,1,12,15,80.0,1,10,1,1,0,27
385.0,2,7,False,Marcus Rashford,9,eng ENG,LW,27-117,23,0,0,0,0,0,0,0,0,10,0,0,0,0.0,0.0,0.0,1,0,3,7,42.9,0,4,1,1,1,27
53.0,2,7,False,Jacob Ramsey,41,eng ENG,LW,23-273,67,0,0,0,0,0,0,0,0,29,0,0,0,0.0,0.0,0.0,1,0,20,23,87.0,7,18,6,2,1,27
762.0,2,7,False,Marco Asensio,21,es ESP,RW,29-035,23,0,0,0,0,0,0,0,0,13,0,0,0,0.0,0.0,0.0,1,0,7,10,70.0,1,9,1,0,0,27
54.0,2,7,False,Morgan Rogers,27,eng ENG,"RW,FW",22-214,90,1,0,0,0,1,1,0,0,43,0,0,1,0.1,0.1,0.0,0,0,21,30,70.0,5,22,4,6,2,27
36.0,2,7,False,Lucas Digne,12,fr FRA,LM,31-220,77,0,0,0,0,0,0,0,0,46,1,0,1,0.0,0.0,0.1,1,0,32,42,76.2,2,11,1,0,0,27
45.0,2,7,False,Ian Maatsen,22,nl NED,LM,22-352,13,0,0,0,0,0,0,0,0,10,1,0,0,0.0,0.0,0.0,1,0,7,8,87.5,0,6,0,0,0,27
57.0,2,7,False,Youri Tielemans,8,be BEL,CM,27-294,90,0,0,0,0,2,1,0,0,89,2,1,2,0.1,0.1,0.0,0,0,64,80,80.0,8,31,0,1,0,27
48.0,2,7,False,John McGinn,7,sct SCO,CM,30-130,90,0,0,0,0,0,0,0,0,64,2,3,1,0.0,0.0,0.0,2,0,43,52,82.7,4,27,1,5,2,27
731.0,2,7,False,Andrés García,16,es ESP,RM,22-018,45,0,0,0,0,0,0,0,0,29,1,0,1,0.0,0.0,0.0,1,0,14,18,77.8,1,12,2,5,1,27
28.0,2,7,False,Leon Bailey,31,jm JAM,RM,27-200,45,0,0,0,0,1,0,1,0,21,0,0,0,0.0,0.0,0.0,1,0,10,14,71.4,1,10,3,3,2,27
598.0,2,7,False,Lamare Bogarde,26,nl NED,CB,21-051,90,0,0,0,0,0,0,0,0,63,0,0,2,0.0,0.0,0.0,0,0,50,54,92.6,1,23,2,0,0,27
44.0,2,7,False,Ezri Konsa,4,eng ENG,CB,27-125,90,0,0,0,0,1,0,0,0,79,0,3,2,0.1,0.1,0.0,0,0,69,71,97.2,0,36,0,1,0,27
167.0,2,7,False,Axel Disasi,3,fr FRA,CB,26-351,90,0,0,0,0,1,0,0,0,52,1,1,0,0.1,0.1,0.0,1,0,34,40,85.0,3,22,2,4,2,27
47.0,2,7,False,Emiliano Martínez,23,ar ARG,GK,32-176,45,0,0,0,0,0,0,0,0,30,0,0,0,0.0,0.0,0.0,0,0,21,28,75.0,0,16,0,0,0,27
51.0,2,7,False,Robin Olsen,25,se SWE,GK,35-048,45,0,0,0,0,0,0,0,0,17,0,0,0,0.0,0.0,0.0,1,1,17,17,100.0,0,6,0,0,0,27
770.0,20,9,True,Marshall Munetsi,5,zw ZIM,"FW,AM",28-248,90,0,0,0,0,2,0,0,0,21,0,1,1,0.3,0.3,0.2,2,0,12,16,75.0,0,6,0,0,0,27
784.0,20,9,True,Matheus Cunha,10,br BRA,AM,25-274,90,0,0,0,0,6,3,0,0,58,1,0,0,0.3,0.3,0.0,7,0,24,43,55.8,3,38,2,5,2,27
553.0,20,9,True,João Gomes,8,br BRA,"AM,CM",24-013,90,1,0,0,0,4,1,0,0,78,2,1,0,0.4,0.4,0.1,3,0,56,68,82.4,8,32,2,4,1,27
535.0,20,9,True,Jean-Ricner Bellegarde,27,fr FRA,CM,26-243,64,0,0,0,0,3,1,0,0,35,0,0,1,0.1,0.1,0.2,4,1,24,27,88.9,2,18,1,2,1,27
566.0,20,9,True,Jørgen Strand Larsen,9,no NOR,FW,25-019,26,0,0,0,0,0,0,0,0,8,0,0,0,0.0,0.0,0.0,0,0,1,4,25.0,0,4,0,1,0,27
642.0,20,9,True,André,7,br BRA,CM,23-224,76,0,0,0,0,1,0,0,0,77,0,1,2,0.0,0.0,0.0,3,0,65,68,95.6,6,46,1,3,1,27
544.0,20,9,True,Tommy Doyle,20,eng ENG,CM,23-131,14,0,0,0,0,0,0,0,0,20,0,0,1,0.0,0.0,0.0,1,0,15,16,93.8,1,11,0,0,0,27
533.0,20,9,True,Rayan Aït-Nouri,3,dz ALG,WB,23-264,90,0,0,0,0,1,0,0,0,70,5,2,1,0.1,0.1,0.1,5,1,54,60,90.0,5,35,1,3,2,27
559.0,20,9,True,Nélson Semedo,22,pt POR,"WB,CB",31-101,90,0,1,0,0,0,0,0,0,79,0,0,0,0.0,0.0,0.3,5,0,57,71,80.3,5,39,3,5,2,27
567.0,20,9,True,Toti Gomes,24,pt POR,CB,26-040,90,0,0,0,0,0,0,0,0,83,0,1,0,0.0,0.0,0.1,1,0,70,76,92.1,2,52,0,1,1,27
564.0,20,9,True,Santiago Bueno,4,uy URU,CB,26-108,76,0,0,0,0,0,0,1,0,52,1,0,1,0.0,0.0,0.0,0,0,47,48,97.9,3,36,0,0,0,27
565.0,20,9,True,Pablo Sarabia,21,es ESP,WB,32-290,14,0,0,0,0,0,0,0,0,17,0,0,0,0.0,0.0,0.0,1,0,12,15,80.0,4,9,0,0,0,27
543.0,20,9,True,Matt Doherty,2,ie IRL,CB,33-040,90,0,0,0,0,1,0,0,0,94,1,0,1,0.1,0.1,0.0,0,0,78,90,86.7,5,52,6,0,0,27
204.0,20,9,True,José Sá,1,pt POR,GK,32-039,90,0,0,0,0,0,0,0,0,25,0,0,0,0.0,0.0,0.0,0,0,20,23,87.0,0,15,0,0,0,27
251.0,9,20,False,Rodrigo Muniz,9,br BRA,FW,23-297,71,1,0,0,0,3,1,0,0,24,1,0,1,0.6,0.6,0.0,1,1,5,9,55.6,2,12,0,0,0,27
252.0,9,20,False,Raúl Jiménez,7,mx MEX,FW,33-296,19,0,0,0,0,3,1,0,0,9,2,0,0,0.5,0.5,0.0,1,0,4,4,100.0,2,4,1,0,0,27
240.0,9,20,False,Andreas Pereira,18,br BRA,"AM,CM",29-055,90,0,1,0,0,1,0,0,0,52,2,0,2,0.1,0.1,0.4,5,1,27,40,67.5,7,25,2,1,0,27
239.0,9,20,False,Adama Traoré,11,es ESP,AM,29-031,66,0,1,0,0,1,1,0,0,35,3,0,0,0.0,0.0,0.3,2,1,17,21,81.0,3,23,1,7,3,27
772.0,9,20,False,Willian,22,br BRA,AM,36-200,24,0,0,0,0,0,0,0,0,18,0,1,0,0.0,0.0,0.0,1,0,13,16,81.3,3,13,2,1,0,27
622.0,9,20,False,Sander Berge,16,no NOR,CM,27-011,90,0,0,0,0,0,0,1,0,36,0,0,1,0.0,0.0,0.0,1,0,30,32,93.8,5,17,1,2,2,27
249.0,9,20,False,Saša Lukić,20,rs SRB,CM,28-196,66,0,0,0,0,0,0,1,0,40,2,0,0,0.0,0.0,0.0,2,0,31,34,91.2,2,19,0,1,0,27
247.0,9,20,False,Alex Iwobi,17,ng NGA,AM,28-298,24,0,0,0,0,1,0,0,0,16,0,0,0,0.0,0.0,0.1,1,0,10,14,71.4,2,11,1,1,1,27
579.0,9,20,False,Ryan Sessegnon,30,eng ENG,WB,24-283,71,1,0,0,0,2,2,0,0,25,3,0,0,0.4,0.4,0.3,2,1,20,20,100.0,2,11,0,0,0,27
255.0,9,20,False,Antonee Robinson,33,us USA,WB,27-201,19,0,0,0,0,0,0,1,0,18,0,0,0,0.0,0.0,0.3,2,0,8,12,66.7,1,9,0,0,0,27
244.0,9,20,False,Timothy Castagne,21,be BEL,WB,29-082,90,0,0,0,0,0,0,0,0,45,3,2,1,0.0,0.0,0.0,2,0,28,30,93.3,2,18,1,1,0,27
586.0,9,20,False,Jorge Cuenca,15,es ESP,CB,25-100,76,0,0,0,0,0,0,0,0,38,1,1,2,0.0,0.0,0.0,0,0,25,29,86.2,3,19,0,0,0,27
241.0,9,20,False,Calvin Bassey,3,ng NGA,CB,25-056,14,0,0,0,0,0,0,0,0,12,0,1,0,0.0,0.0,0.0,1,0,6,6,100.0,0,3,0,0,0,27
191.0,9,20,False,Joachim Andersen,5,dk DEN,CB,28-270,90,0,0,0,0,0,0,0,0,78,2,0,1,0.0,0.0,0.0,1,0,60,67,89.6,2,43,0,0,0,27
245.0,9,20,False,Issa Diop,31,fr FRA,CB,28-047,90,0,0,0,0,0,0,0,0,45,1,1,1,0.0,0.0,0.0,0,0,28,34,82.4,0,25,1,0,0,27
248.0,9,20,False,Bernd Leno,1,de GER,GK,32-358,90,0,0,0,0,0,0,0,0,44,0,0,0,0.0,0.0,0.0,0,0,31,42,73.8,0,31,0,0,0,27
560.0,6,17,True,Pedro Neto,7,pt POR,FW,24-353,67,1,1,0,0,1,1,0,0,37,0,0,0,0.1,0.1,0.1,3,1,24,27,88.9,3,25,3,2,0,27
696.0,6,17,True,Tyrique George,32,eng ENG,"FW,LW",19-021,23,0,1,0,0,1,0,0,0,13,0,0,0,0.1,0.1,0.5,3,1,12,12,100.0,0,10,4,0,0,27
181.0,6,17,True,Christopher Nkunku,18,fr FRA,LW,27-103,82,1,1,0,0,4,2,0,0,34,0,0,0,0.4,0.4,0.1,4,2,24,28,85.7,2,27,3,1,0,27
697.0,6,17,True,Joshua Acheampong,34,eng ENG,RB,18-296,8,0,0,0,0,0,0,0,0,11,0,0,0,0.0,0.0,0.0,1,0,11,11,100.0,1,9,0,0,0,27
386.0,6,17,True,Jadon Sancho,19,eng ENG,RW,24-337,67,0,0,0,0,0,0,0,0,40,0,0,0,0.0,0.0,0.4,4,0,33,39,84.6,4,31,4,2,1,27
166.0,6,17,True,Kiernan Dewsbury-Hall,22,eng ENG,"RW,AM",26-172,23,0,0,0,0,0,0,0,0,19,2,0,0,0.0,0.0,0.0,1,0,17,18,94.4,0,14,1,0,0,27
182.0,6,17,True,Cole Palmer,20,eng ENG,"AM,FW",22-295,90,0,0,0,0,7,3,0,0,62,0,1,0,1.3,1.3,0.1,4,0,40,48,83.3,4,41,0,3,2,27
157.0,6,17,True,Moisés Caicedo,25,ec ECU,DM,23-115,82,0,0,0,0,1,0,1,0,61,2,1,1,0.0,0.0,0.0,1,0,53,55,96.4,4,35,1,0,0,27
771.0,6,17,True,Mathis Amougou,39,fr FRA,DM,19-038,8,0,0,0,0,0,0,0,0,9,0,0,0,0.0,0.0,0.0,0,0,7,7,100.0,1,7,0,0,0,27
168.0,6,17,True,Enzo Fernández,8,ar ARG,DM,24-039,89,0,0,0,0,1,1,0,0,76,2,0,1,0.1,0.1,0.9,7,0,59,68,86.8,5,45,3,1,1,27
781.0,6,17,True,Shumaira Mheuka,76,eng ENG,DM,17-128,1,0,0,0,0,1,1,0,0,2,0,0,0,0.1,0.1,0.0,0,0,0,0,,0,1,0,0,0,27
163.0,6,17,True,Marc Cucurella,3,es ESP,LB,26-218,90,1,0,0,0,1,1,0,0,82,6,1,1,0.4,0.4,0.0,1,1,65,70,92.9,8,38,1,1,1,27
162.0,6,17,True,Levi Colwill,6,eng ENG,CB,21-365,90,1,0,0,0,1,1,0,0,93,2,2,2,0.1,0.1,0.0,1,0,78,82,95.1,5,64,1,0,0,27
187.0,6,17,True,Tosin Adarabioyo,4,eng ENG,CB,27-154,90,0,1,0,0,1,0,0,0,87,1,1,0,0.0,0.0,0.2,1,1,66,76,86.8,1,51,0,0,0,27
171.0,6,17,True,Malo Gusto,27,fr FRA,"RB,RW",21-282,90,0,0,0,0,0,0,0,0,78,2,1,0,0.0,0.0,0.0,1,1,64,71,90.1,8,59,2,0,0,27
581.0,6,17,True,Filip Jørgensen,12,dk DEN,GK,22-315,90,0,0,0,0,0,0,0,0,37,0,0,0,0.0,0.0,0.0,0,0,32,36,88.9,0,27,0,0,0,27
470.0,17,6,False,Paul Onuachu,32,ng NGA,FW,30-273,58,0,0,0,0,3,2,1,0,22,1,0,0,0.2,0.2,0.0,0,0,8,14,57.1,1,16,0,0,0,27
608.0,17,6,False,Tyler Dibling,33,eng ENG,RM,18-350,32,0,0,0,0,0,0,0,0,7,0,1,0,0.0,0.0,0.0,0,0,2,3,66.7,0,3,0,2,0,27
462.0,17,6,False,Kamaldeen Sulemana,20,gh GHA,LM,23-010,90,0,0,0,0,0,0,0,0,29,3,0,1,0.0,0.0,0.3,4,0,16,18,88.9,2,16,6,6,3,27
471.0,17,6,False,William Smallbone,8,ie IRL,CM,25-004,90,0,0,0,0,0,0,0,0,54,0,0,1,0.0,0.0,0.1,3,0,41,50,82.0,8,33,0,1,1,27
518.0,17,6,False,Flynn Downes,4,eng ENG,CM,26-036,82,0,0,0,0,0,0,0,0,45,2,4,1,0.0,0.0,0.0,0,0,31,38,81.6,1,22,1,0,0,27
27.0,17,6,False,Cameron Archer,19,eng ENG,FW,23-219,8,0,0,0,0,0,0,0,0,4,0,0,0,0.0,0.0,0.0,0,0,3,4,75.0,0,4,0,0,0,27
623.0,17,6,False,Mateus Fernandes,18,pt POR,"RM,FW,CM",20-230,90,0,0,0,0,1,0,0,0,50,0,2,2,0.0,0.0,0.0,2,0,34,39,87.2,4,30,4,2,0,27
476.0,17,6,False,Kyle Walker-Peters,2,eng ENG,LB,27-318,58,0,0,0,0,0,0,0,0,22,1,0,0,0.0,0.0,0.0,1,0,18,19,94.7,1,12,1,0,0,27
467.0,17,6,False,Ryan Manning,3,ie IRL,LB,28-256,32,0,0,0,0,2,0,1,0,25,1,1,0,0.2,0.2,0.3,2,0,22,22,100.0,2,13,1,1,0,27
452.0,17,6,False,Joe Aribo,7,ng NGA,CB,28-219,90,0,0,0,0,0,0,0,0,67,3,0,1,0.0,0.0,0.0,0,0,51,58,87.9,1,48,0,1,0,27
456.0,17,6,False,Armel Bella Kotchap,37,de GER,CB,23-076,90,0,0,0,0,1,0,0,0,53,3,0,0,0.3,0.3,0.0,1,0,45,47,95.7,0,38,0,0,0,27
457.0,17,6,False,James Bree,14,eng ENG,CB,27-137,45,0,0,0,0,0,0,0,0,24,0,0,0,0.0,0.0,0.0,1,0,19,22,86.4,1,18,0,0,0,27
461.0,17,6,False,Taylor Harwood-Bellis,6,eng ENG,CB,23-026,45,0,0,0,0,0,0,0,0,38,1,1,2,0.0,0.0,0.0,0,0,27,33,81.8,1,23,0,0,0,27
474.0,17,6,False,Yukinari Sugawara,16,jp JPN,RB,24-242,88,0,0,0,0,0,0,0,0,46,1,0,0,0.0,0.0,0.0,0,0,33,39,84.6,4,29,0,2,0,27
718.0,17,6,False,Welington,34,br BRA,RB,24-006,2,0,0,0,0,0,0,0,0,0,0,0,0,0.0,0.0,0.0,0,0,0,0,,0,0,0,0,0,27
14.0,17,6,False,Aaron Ramsdale,30,eng ENG,GK,26-287,90,0,0,0,0,0,0,0,0,39,0,0,0,0.0,0.0,0.0,0,0,20,35,57.1,0,25,0,0,0,27
768.0,18,13,True,Mathys Tel,11,fr FRA,FW,19-305,66,0,0,0,0,1,1,0,0,11,0,0,1,0.0,0.0,0.0,0,0,4,5,80.0,1,8,0,2,0,27
492.0,18,13,True,Dejan Kulusevski,21,se SWE,"RM,FW",24-307,24,0,0,0,0,0,0,0,0,10,0,0,1,0.0,0.0,0.0,0,0,3,3,100.0,1,7,0,2,1,27
612.0,18,13,True,Wilson Odobert,28,fr FRA,LW,20-090,66,0,0,0,0,2,1,0,0,34,0,1,0,0.2,0.2,0.0,1,0,19,26,73.1,1,25,4,5,2,27
503.0,18,13,True,Son Heung-min,7,kr KOR,"FW,LW",32-233,24,0,0,0,0,1,1,0,0,11,0,0,0,0.3,0.3,0.2,2,0,7,9,77.8,1,7,2,1,0,27
491.0,18,13,True,Brennan Johnson,22,wls WAL,RW,23-279,90,0,0,0,0,1,0,0,0,29,1,0,2,0.1,0.1,0.3,3,0,18,22,81.8,3,23,3,2,1,27
494.0,18,13,True,James Maddison,10,eng ENG,LM,28-095,81,0,0,0,0,0,0,1,0,75,4,0,1,0.0,0.0,0.2,5,0,45,64,70.3,7,52,0,6,1,27
509.0,18,13,True,Timo Werner,16,de GER,LW,28-357,9,0,0,0,0,0,0,0,0,4,0,0,0,0.0,0.0,0.0,0,0,3,3,100.0,1,4,0,0,0,27
480.0,18,13,True,Rodrigo Bentancur,30,uy URU,CM,27-246,66,0,0,0,0,2,1,1,0,53,4,2,0,0.1,0.1,0.0,1,0,38,44,86.4,1,37,0,3,2,27
499.0,18,13,True,Pape Matar Sarr,29,sn SEN,"CM,RM",22-165,24,0,0,0,0,2,0,1,0,13,2,1,1,0.6,0.6,0.0,0,0,9,9,100.0,2,9,0,0,0,27
481.0,18,13,True,Lucas Bergvall,15,se SWE,"RM,LM,CM",19-024,90,0,0,0,0,0,0,0,0,70,5,0,2,0.0,0.0,0.0,0,0,49,56,87.5,4,48,1,4,2,27
505.0,18,13,True,Destiny Udogie,13,it ITA,LB,22-090,66,0,0,0,0,0,0,0,0,47,7,0,0,0.0,0.0,0.0,1,0,40,41,97.6,4,33,3,0,0,27
504.0,18,13,True,Djed Spence,24,eng ENG,LB,24-201,24,0,0,0,0,0,0,0,0,22,0,0,0,0.0,0.0,0.3,1,0,15,18,83.3,1,20,0,3,0,27
767.0,18,13,True,Kevin Danso,4,at AUT,CB,26-160,90,0,0,0,0,2,2,0,0,103,1,0,4,0.1,0.1,0.0,0,0,85,91,93.4,5,83,1,0,0,27
489.0,18,13,True,Archie Gray,14,eng ENG,CB,18-351,90,0,0,0,0,0,0,0,0,84,0,0,0,0.0,0.0,0.0,0,0,73,77,94.8,1,69,0,1,0,27
495.0,18,13,True,Pedro Porro,23,es ESP,RB,25-166,90,0,0,0,0,0,0,0,0,76,2,3,0,0.0,0.0,0.3,6,0,57,67,85.1,1,48,1,1,0,27
508.0,18,13,True,Guglielmo Vicario,1,it ITA,GK,28-142,90,0,0,0,0,0,0,0,0,35,0,0,0,0.0,0.0,0.0,0,0,32,34,94.1,0,26,0,0,0,27
351.0,13,18,False,Erling Haaland,9,no NOR,FW,24-220,90,1,0,0,0,3,3,0,0,22,1,0,0,1.4,1.4,0.0,2,1,10,15,66.7,1,13,1,1,0,27
346.0,13,18,False,Jeremy Doku,11,be BEL,LW,22-275,89,0,0,0,0,2,1,0,0,50,1,1,0,0.1,0.1,0.8,5,0,32,37,86.5,4,39,11,10,5,27
349.0,13,18,False,Jack Grealish,10,eng ENG,LW,29-169,1,0,0,0,0,0,0,0,0,1,0,0,1,0.0,0.0,0.0,0,0,0,0,,0,0,0,0,0,27
571.0,13,18,False,Sávio,26,br BRA,RW,20-322,89,0,0,0,0,6,1,0,0,52,1,0,0,0.6,0.6,0.0,3,0,31,35,88.6,7,35,7,4,1,27
357.0,13,18,False,James Mcatee,87,eng ENG,RW,22-131,1,0,0,0,0,0,0,0,0,1,0,0,0,0.0,0.0,0.0,0,0,1,1,100.0,0,1,0,0,0,27
755.0,13,18,False,Omar Marmoush,7,eg EGY,AM,26-019,73,0,0,0,0,1,0,0,0,27,2,1,0,0.0,0.0,0.1,3,0,13,21,61.9,2,18,2,3,0,27
348.0,13,18,False,Phil Foden,47,eng ENG,AM,24-274,17,0,0,0,0,0,0,0,0,9,1,0,0,0.0,0.0,0.0,2,0,5,8,62.5,0,8,2,0,0,27
765.0,13,18,False,Nicolás González,14,es ESP,DM,23-054,73,0,0,0,0,0,0,0,0,38,1,1,2,0.0,0.0,0.1,4,1,28,30,93.3,5,23,0,0,0,27
342.0,13,18,False,Bernardo Silva,20,pt POR,DM,30-200,17,0,0,0,0,0,0,0,0,14,3,0,0,0.0,0.0,0.0,0,0,8,8,100.0,3,5,0,1,0,27
354.0,13,18,False,Mateo Kovačić,8,hr CRO,DM,30-296,89,0,0,0,0,0,0,0,0,63,7,1,2,0.0,0.0,0.0,1,0,43,48,89.6,2,32,1,2,1,27
625.0,13,18,False,İlkay Gündoğan,19,de GER,DM,34-125,1,0,0,0,0,0,0,0,0,0,0,0,0,0.0,0.0,0.0,0,0,0,0,,0,0,0,0,0,27
350.0,13,18,False,Joško Gvardiol,24,hr CRO,LB,23-034,90,0,0,0,0,0,0,0,0,68,1,3,1,0.0,0.0,0.0,1,0,47,59,79.7,5,40,1,1,0,27
361.0,13,18,False,Rúben Dias,3,pt POR,CB,27-288,90,0,0,0,0,0,0,0,0,61,0,1,1,0.0,0.0,0.0,1,0,53,58,91.4,0,43,0,0,0,27
732.0,13,18,False,Abdukodir Khusanov,45,uz UZB,CB,20-363,90,0,0,0,0,0,0,0,0,56,2,1,0,0.0,0.0,0.1,1,0,40,48,83.3,1,40,0,0,0,27
356.0,13,18,False,Matheus Nunes,27,pt POR,RB,26-183,90,0,0,0,0,0,0,0,0,64,0,1,1,0.0,0.0,0.5,1,0,48,55,87.3,6,34,1,1,0,27
347.0,13,18,False,Ederson,31,br BRA,GK,31-193,90,0,0,0,0,0,0,0,0,41,0,0,0,0.0,0.0,0.0,0,0,33,37,89.2,0,35,0,0,0,27
447.0,16,1,True,Chris Wood,11,nz NZL,FW,33-081,84,0,0,0,0,2,1,0,0,18,1,0,3,0.2,0.2,0.0,0,0,6,8,75.0,1,8,0,0,0,27
424.0,16,1,True,Taiwo Awoniyi,9,ng NGA,FW,27-198,6,0,0,0,0,0,0,0,0,2,0,0,0,0.0,0.0,0.0,0,0,1,1,100.0,0,1,0,0,0,27
434.0,16,1,True,Callum Hudson-Odoi,14,eng ENG,"LW,RW",24-111,90,0,0,0,0,1,0,0,0,34,0,1,0,0.1,0.1,0.0,3,0,18,24,75.0,2,20,3,3,2,27
432.0,16,1,True,Anthony Elanga,21,se SWE,RW,22-305,61,0,0,0,0,0,0,0,0,11,0,0,1,0.0,0.0,0.0,0,0,7,8,87.5,0,4,2,0,0,27
449.0,16,1,True,Ryan Yates,22,eng ENG,DM,27-097,29,0,0,0,0,1,0,0,0,7,0,1,0,0.1,0.1,0.1,2,0,1,3,33.3,0,4,0,0,0,27
433.0,16,1,True,Morgan Gibbs-White,10,eng ENG,AM,25-030,90,0,0,0,0,0,0,0,0,36,2,0,0,0.0,0.0,0.2,3,0,21,29,72.4,7,15,0,2,1,27
423.0,16,1,True,Elliot Anderson,8,eng ENG,"DM,LW",22-112,90,0,0,0,0,0,0,0,0,40,3,0,1,0.0,0.0,0.0,0,0,23,31,74.2,5,19,0,1,1,27
431.0,16,1,True,Nicolás Domínguez,16,ar ARG,DM,26-243,61,0,0,0,0,1,1,0,0,32,6,1,2,0.0,0.0,0.0,0,0,19,24,79.2,0,8,0,0,0,27
429.0,16,1,True,Danilo,28,br BRA,DM,23-303,29,0,0,0,0,0,0,0,0,7,0,0,0,0.0,0.0,0.0,0,0,5,7,71.4,2,5,1,1,1,27
437.0,16,1,True,Neco Williams,7,wls WAL,LB,23-319,90,0,0,0,0,1,0,0,0,50,3,3,0,0.1,0.1,0.0,1,0,22,33,66.7,2,15,0,2,0,27
436.0,16,1,True,Murillo,5,br BRA,CB,22-237,90,0,0,0,0,0,0,0,0,52,0,0,2,0.0,0.0,0.0,0,0,30,42,71.4,1,15,0,0,0,27
573.0,16,1,True,Nikola Milenković,31,rs SRB,CB,27-137,90,0,0,0,0,0,0,1,0,44,2,2,1,0.0,0.0,0.0,0,0,27,33,81.8,0,17,0,0,0,27
422.0,16,1,True,Ola Aina,34,ng NGA,RB,28-141,90,0,0,0,0,0,0,0,0,41,1,0,1,0.0,0.0,0.0,1,0,19,30,63.3,0,17,1,2,0,27
443.0,16,1,True,Matz Sels,26,be BEL,GK,33-000,90,0,0,0,0,0,0,0,0,33,0,0,0,0.0,0.0,0.0,0,0,14,30,46.7,0,13,0,0,0,27
633.0,1,16,False,Mikel Merino,23,es ESP,FW,28-249,90,0,0,0,0,2,1,0,0,35,1,0,0,0.2,0.2,0.2,3,0,18,24,75.0,5,16,0,2,1,27
23.0,1,16,False,Leandro Trossard,19,be BEL,LW,30-084,90,0,0,0,0,2,0,0,0,61,1,0,2,0.0,0.0,0.2,6,0,40,51,78.4,8,32,3,4,1,27
12.0,1,16,False,Ethan Nwaneri,53,eng ENG,RW,17-342,76,0,0,0,0,3,0,0,0,53,1,0,1,0.1,0.1,0.0,1,0,34,40,85.0,4,39,5,9,6,27
186.0,1,16,False,Raheem Sterling,30,eng ENG,RW,30-080,14,0,0,0,0,0,0,0,0,6,0,0,0,0.0,0.0,0.0,0,0,4,5,80.0,0,3,1,0,0,27
16.0,1,16,False,Declan Rice,41,eng ENG,"LM,CM",26-043,90,0,0,0,0,2,0,0,0,82,2,1,0,0.1,0.1,0.2,4,0,60,70,85.7,4,51,5,1,0,27
7.0,1,16,False,Jorginho,20,it ITA,CM,33-068,69,0,0,0,0,0,0,0,0,50,0,0,2,0.0,0.0,0.0,2,0,40,47,85.1,5,32,1,1,0,27
25.0,1,16,False,Oleksandr Zinchenko,17,ua UKR,LM,28-073,21,0,0,0,0,0,0,0,0,12,0,0,0,0.0,0.0,0.0,1,0,9,12,75.0,0,6,0,0,0,27
13.0,1,16,False,Martin Ødegaard,8,no NOR,RM,26-071,84,0,0,0,0,0,0,0,0,55,0,1,0,0.0,0.0,0.2,2,0,40,52,76.9,4,39,4,2,1,27
20.0,1,16,False,Thomas Partey,5,gh GHA,RM,31-258,6,0,0,0,0,1,0,0,0,5,0,0,0,0.1,0.1,0.0,1,0,3,3,100.0,0,4,0,1,1,27
578.0,1,16,False,Riccardo Calafiori,33,it ITA,LB,22-283,45,0,0,0,0,1,0,1,0,23,0,0,0,0.1,0.1,0.0,2,0,18,19,94.7,4,16,1,1,1,27
21.0,1,16,False,Kieran Tierney,3,sct SCO,LB,27-266,45,0,0,0,0,1,0,0,0,24,1,1,0,0.2,0.2,0.0,1,0,12,19,63.2,3,11,0,1,0,27
3.0,1,16,False,Gabriel Magalhães,6,br BRA,CB,27-069,90,0,0,0,0,0,0,0,0,67,1,0,2,0.0,0.0,0.0,2,0,50,57,87.7,6,34,3,0,0,27
18.0,1,16,False,William Saliba,2,fr FRA,CB,23-339,90,0,0,0,0,1,0,0,0,91,1,2,1,0.2,0.2,0.0,1,0,71,79,89.9,11,52,0,1,0,27
6.0,1,16,False,Jurriën Timber,12,nl NED,RB,23-254,84,0,0,0,0,0,0,0,0,41,6,0,0,0.0,0.0,0.0,0,0,25,32,78.1,4,23,1,4,1,27
24.0,1,16,False,Ben White,4,eng ENG,RB,27-141,6,0,0,0,0,0,0,0,0,3,0,0,1,0.0,0.0,0.0,0,0,0,2,0.0,0,0,0,0,0,27
15.0,1,16,False,David Raya,22,es ESP,GK,29-164,90,0,0,0,0,0,0,0,0,33,0,0,0,0.0,0.0,0.0,0,0,31,32,96.9,2,14,0,0,0,27
375.0,14,10,True,Rasmus Højlund,9,dk DEN,"FW,AM",22-022,66,0,0,0,0,0,0,1,0,11,0,0,0,0.0,0.0,0.0,0,0,5,6,83.3,0,8,0,1,0,27
368.0,14,10,True,Casemiro,18,br BRA,CM,33-003,24,0,0,0,0,1,0,0,0,16,1,0,0,0.0,0.0,0.0,1,0,10,12,83.3,2,4,0,0,0,27
372.0,14,10,True,Alejandro Garnacho,17,ar ARG,AM,20-240,44,0,0,0,0,1,0,0,0,23,0,0,1,0.0,0.0,0.0,0,0,16,20,80.0,2,20,2,0,0,27
594.0,14,10,True,Noussair Mazraoui,3,ma MAR,WB,27-104,46,0,0,0,0,0,0,1,0,16,0,0,2,0.0,0.0,0.0,0,0,5,8,62.5,1,7,1,1,0,27
389.0,14,10,True,Joshua Zirkzee,11,nl NED,AM,23-280,89,0,0,0,0,1,0,1,0,36,2,1,0,0.0,0.0,0.0,0,0,12,18,66.7,1,21,1,5,1,27
370.0,14,10,True,Christian Eriksen,14,dk DEN,AM,33-012,1,0,0,0,0,0,0,0,0,4,0,0,0,0.0,0.0,0.0,1,0,3,4,75.0,0,3,0,0,0,27
366.0,14,10,True,Bruno Fernandes,8,pt POR,"CM,AM",30-171,90,0,1,0,0,0,0,0,0,80,2,0,1,0.0,0.0,0.2,6,2,55,74,74.3,9,38,1,0,0,27
652.0,14,10,True,Manuel Ugarte Ribeiro,25,uy URU,CM,23-321,90,0,0,0,0,0,0,0,0,27,3,1,2,0.0,0.0,0.0,1,0,14,16,87.5,2,19,0,4,1,27
766.0,14,10,True,Patrick Dorgu,13,dk DEN,WB,20-123,42,0,0,0,0,1,1,0,1,31,3,0,0,0.0,0.0,0.0,0,0,18,24,75.0,1,16,0,1,0,27
369.0,14,10,True,Diogo Dalot,20,pt POR,WB,25-345,90,0,0,0,0,2,1,0,0,48,2,0,0,0.2,0.2,0.0,1,1,26,36,72.2,1,24,4,6,3,27
572.0,14,10,True,Leny Yoro,15,fr FRA,CB,19-105,89,0,0,0,0,0,0,1,0,67,1,0,1,0.0,0.0,0.0,0,0,56,59,94.9,8,47,3,1,1,27
376.0,14,10,True,Victor Lindelöf,2,se SWE,CB,30-224,1,0,0,0,0,0,0,0,0,0,0,0,0,0.0,0.0,0.0,0,0,0,0,,0,0,0,0,0,27
377.0,14,10,True,Harry Maguire,5,eng ENG,CB,31-358,90,1,0,0,0,3,3,0,0,68,2,1,3,0.2,0.2,0.0,3,0,46,53,86.8,3,42,0,0,0,27
593.0,14,10,True,Matthijs de Ligt,4,nl NED,CB,25-198,90,1,0,0,0,1,1,0,0,49,2,1,3,0.3,0.3,0.0,0,0,38,40,95.0,1,33,0,2,1,27
383.0,14,10,True,André Onana,24,cm CMR,GK,28-330,90,0,0,0,0,0,0,0,0,28,0,0,0,0.0,0.0,0.0,0,0,9,27,33.3,0,17,0,0,0,27
268.0,10,14,False,Liam Delap,19,eng ENG,FW,22-018,90,0,0,0,0,3,0,1,0,24,0,0,1,0.1,0.1,0.0,1,0,9,15,60.0,2,20,1,4,2,27
631.0,10,14,False,Jack Clarke,47,eng ENG,"AM,LW",24-095,90,0,0,0,0,0,0,0,0,50,2,0,0,0.0,0.0,0.1,5,0,38,48,79.2,7,33,5,0,0,27
274.0,10,14,False,Omari Hutchinson,20,eng ENG,AM,21-119,65,0,0,0,0,0,0,0,0,42,0,1,1,0.0,0.0,0.0,1,0,33,37,89.2,5,35,2,2,0,27
262.0,10,14,False,Nathan Broadhead,33,wls WAL,AM,26-327,25,0,0,0,0,0,0,0,0,12,0,0,0,0.0,0.0,0.0,0,0,9,12,75.0,0,11,2,0,0,27
619.0,10,14,False,Jens Cajuste,12,se SWE,"CM,DM",25-200,89,0,0,0,0,2,0,0,0,51,1,1,0,0.1,0.1,0.0,1,0,40,41,97.6,3,35,1,2,0,27
611.0,10,14,False,Sammie Szmodics,23,ie IRL,DM,29-155,1,0,0,0,0,0,0,0,0,2,1,0,0,0.0,0.0,0.0,0,0,1,1,100.0,0,1,0,0,0,27
278.0,10,14,False,Sam Morsy,5,eg EGY,CM,33-169,65,0,0,0,0,0,0,1,0,43,4,1,0,0.0,0.0,0.0,1,1,31,36,86.1,1,27,1,0,0,27
281.0,10,14,False,Jack Taylor,14,ie IRL,DM,26-248,25,0,0,0,0,1,0,0,0,14,1,0,1,0.0,0.0,0.0,0,0,8,10,80.0,2,7,0,0,0,27
267.0,10,14,False,Leif Davis,3,eng ENG,"WB,LB",25-045,79,0,0,0,0,0,0,0,0,50,2,0,0,0.0,0.0,0.1,3,0,32,44,72.7,3,30,3,1,1,27
272.0,10,14,False,George Hirst,27,sct SCO,LB,26-011,11,0,0,0,0,1,0,0,0,3,0,0,0,0.1,0.1,0.0,0,0,0,2,0.0,0,2,1,0,0,27
569.0,10,14,False,Jaden Philogene Bidace,29,eng ENG,"WB,RW",23-018,90,2,0,0,0,4,3,0,0,58,3,3,0,1.0,1.0,0.1,2,0,31,35,88.6,2,38,1,5,1,27
270.0,10,14,False,Jacob Greaves,24,eng ENG,CB,24-167,90,0,0,0,0,0,0,0,0,57,2,1,0,0.0,0.0,0.0,1,0,46,50,92.0,6,40,2,0,0,27
630.0,10,14,False,Dara O'Shea,26,ie IRL,CB,25-359,90,0,0,0,0,0,0,1,0,77,0,1,2,0.0,0.0,0.0,2,0,57,66,86.4,3,49,0,0,0,27
282.0,10,14,False,Axel Tuanzebe,40,cd COD,"CB,RB",27-104,79,0,1,0,0,1,0,0,0,56,0,3,1,0.0,0.0,0.0,1,1,41,50,82.0,8,37,3,1,1,27
275.0,10,14,False,Ben Johnson,18,eng ENG,RB,25-033,11,0,0,0,0,0,0,1,0,18,0,0,0,0.0,0.0,0.0,2,0,9,14,64.3,1,6,1,0,0,27
764.0,10,14,False,Alex Palmer,31,eng ENG,GK,28-200,90,0,0,0,0,0,0,0,0,30,0,0,0,0.0,0.0,0.0,0,0,19,25,76.0,0,16,0,0,0,27
110.0,4,8,True,Yoane Wissa,11,cd COD,FW,28-176,90,1,0,0,0,3,3,0,0,28,1,0,1,1.0,1.0,0.0,1,0,14,19,73.7,1,16,1,1,0,27
106.0,4,8,True,Kevin Schade,7,de GER,LW,23-091,75,0,0,0,0,0,0,0,0,37,1,0,0,0.0,0.0,0.4,4,0,12,24,50.0,1,12,4,5,2,27
,4,8,True,Edmond-Paris Maghoma,32,eng ENG,LW,23-294,15,0,0,0,0,0,0,0,0,11,0,0,1,0.0,0.0,0.1,0,0,5,8,62.5,2,6,0,0,0,27
99.0,4,8,True,Bryan Mbeumo,19,cm CMR,RW,25-203,90,0,0,0,0,2,0,0,0,41,0,0,1,0.3,0.3,0.0,2,1,24,31,77.4,4,31,3,2,0,27
89.0,4,8,True,Mikkel Damsgaard,24,dk DEN,AM,24-238,90,0,0,0,0,2,0,0,0,67,2,1,2,0.1,0.1,0.2,2,0,36,57,63.2,6,40,2,5,4,27
94.0,4,8,True,Vitaly Janelt,27,de GER,DM,26-292,90,0,0,0,0,1,0,0,0,55,3,3,2,0.1,0.1,0.0,4,0,37,45,82.2,3,23,2,0,0,27
111.0,4,8,True,Yehor Yarmoliuk,18,ua UKR,DM,20-362,90,0,0,0,0,0,0,1,0,64,4,1,1,0.0,0.0,0.0,2,0,51,53,96.2,4,37,0,2,0,27
98.0,4,8,True,Keane Lewis-Potter,23,eng ENG,LB,24-004,90,0,0,0,0,1,0,0,0,57,0,0,0,0.0,0.0,0.0,4,0,33,49,67.3,2,32,5,6,3,27
104.0,4,8,True,Ethan Pinnock,5,jm JAM,CB,31-273,90,0,0,0,0,0,0,0,0,72,0,1,0,0.0,0.0,0.0,0,0,59,62,95.2,1,37,1,0,0,27
88.0,4,8,True,Nathan Collins,22,ie IRL,CB,23-302,90,0,0,0,0,2,0,1,0,69,0,2,0,0.1,0.1,0.0,0,0,53,60,88.3,5,42,1,0,0,27
86.0,4,8,True,Kristoffer Ajer,20,no NOR,RB,26-315,80,0,0,0,0,1,0,0,0,50,1,0,4,0.0,0.0,0.0,1,0,33,39,84.6,5,20,1,0,0,27
757.0,4,8,True,Michael Kayode,33,it ITA,RB,20-231,10,0,0,0,0,0,0,0,0,9,0,1,0,0.0,0.0,0.0,1,0,5,7,71.4,0,4,1,0,0,27
91.0,4,8,True,Mark Flekken,1,nl NED,GK,31-258,90,0,0,0,0,0,0,0,0,54,1,0,0,0.0,0.0,0.0,0,0,49,53,92.5,0,30,0,0,0,27
218.0,8,4,False,Beto,14,gw GNB,FW,27-026,90,0,0,0,0,3,2,0,0,27,2,0,0,0.8,0.8,0.0,1,0,11,17,64.7,0,9,1,2,1,27
224.0,8,4,False,Jack Harrison,11,eng ENG,LW,28-098,90,0,0,0,0,1,0,0,0,45,0,0,1,0.1,0.1,0.2,4,0,29,39,74.4,2,24,4,3,1,27
577.0,8,4,False,Jesper Lindstrøm,29,dk DEN,RW,24-363,74,0,0,0,0,0,0,0,0,38,3,0,0,0.0,0.0,0.0,1,0,20,26,76.9,2,17,1,2,0,27
238.0,8,4,False,Ashley Young,18,eng ENG,RW,39-232,16,0,0,0,0,0,0,0,0,10,0,0,0,0.0,0.0,0.0,0,0,2,8,25.0,0,4,1,0,0,27
450.0,8,4,False,Carlos Alcaraz,24,ar ARG,AM,22-088,90,0,0,0,0,5,1,1,0,50,2,0,2,0.3,0.3,0.5,4,0,33,41,80.5,4,29,2,2,2,27
223.0,8,4,False,James Garner,37,eng ENG,DM,23-350,90,0,0,0,0,2,0,0,0,73,1,0,1,0.1,0.1,0.0,2,1,53,67,79.1,3,43,3,0,0,27
222.0,8,4,False,Idrissa Gana Gueye,27,sn SEN,DM,35-153,74,0,0,0,0,1,0,0,0,64,3,0,2,0.0,0.0,0.0,2,0,49,53,92.5,3,31,1,0,0,27
226.0,8,4,False,Tim Iroegbunam,42,eng ENG,DM,21-241,16,0,0,0,0,0,0,0,0,4,0,0,0,0.0,0.0,0.0,0,0,2,3,66.7,1,2,0,0,0,27
231.0,8,4,False,Vitaliy Mykolenko,19,ua UKR,LB,25-273,90,0,1,0,0,0,0,0,0,46,1,1,1,0.0,0.0,0.3,2,1,27,38,71.1,1,21,4,1,0,27
219.0,8,4,False,Jarrad Branthwaite,32,eng ENG,CB,22-244,90,0,0,0,0,0,0,0,0,51,0,2,0,0.0,0.0,0.0,0,0,39,41,95.1,0,34,1,0,0,27
236.0,8,4,False,James Tarkowski,6,eng ENG,CB,32-099,90,0,0,0,0,1,0,0,0,71,0,0,1,0.0,0.0,0.0,2,0,50,58,86.2,7,33,3,0,0,27
582.0,8,4,False,Jake O'Brien,15,ie IRL,RB,23-287,90,1,0,0,0,1,1,0,0,58,3,1,1,0.2,0.2,0.0,1,0,33,43,76.7,7,15,0,0,0,27
235.0,8,4,False,Jordan Pickford,1,eng ENG,GK,30-356,90,0,0,0,0,0,0,0,0,41,0,0,0,0.0,0.0,0.0,2,0,30,40,75.0,0,26,0,0,0,27
317.0,12,15,True,Diogo Jota,20,pt POR,FW,28-084,61,0,0,0,0,0,0,0,0,18,0,2,1,0.0,0.0,0.1,2,1,11,13,84.6,3,14,1,1,0,27
321.0,12,15,True,Cody Gakpo,18,nl NED,LW,25-295,29,0,0,0,0,2,0,0,0,18,1,0,0,0.5,0.5,0.0,1,0,12,13,92.3,1,11,0,1,1,27
327.0,12,15,True,Luis Díaz,7,co COL,"LW,FW",28-044,86,0,1,0,0,1,0,0,0,49,4,1,0,0.4,0.4,0.5,6,1,34,38,89.5,4,26,2,5,4,27
316.0,12,15,True,Darwin Núñez,9,uy URU,FW,25-247,4,0,0,0,0,0,0,0,0,6,0,1,0,0.0,0.0,0.0,0,0,3,5,60.0,1,3,0,0,0,27
328.0,12,15,True,Mohamed Salah,11,eg EGY,RW,32-256,90,0,1,0,0,3,1,0,0,58,2,0,0,0.1,0.1,1.0,4,1,29,33,87.9,4,32,5,11,1,27
336.0,12,15,True,Dominik Szoboszlai,8,hu HUN,AM,24-124,90,1,0,0,0,3,1,0,0,58,5,0,1,0.4,0.4,0.1,4,0,38,43,88.4,5,23,1,2,2,27
329.0,12,15,True,Alexis Mac Allister,10,ar ARG,DM,26-064,86,1,0,0,0,2,1,0,0,48,1,1,0,0.2,0.2,0.0,1,1,33,38,86.8,3,22,2,1,0,27
324.0,12,15,True,Curtis Jones,17,eng ENG,DM,24-027,4,0,0,0,0,0,0,0,0,12,1,0,0,0.0,0.0,0.0,1,0,10,11,90.9,0,7,0,0,0,27
323.0,12,15,True,Ryan Gravenberch,38,nl NED,DM,22-286,76,0,0,0,0,0,0,0,0,54,2,2,0,0.0,0.0,0.0,0,0,33,39,84.6,1,29,0,2,0,27
320.0,12,15,True,Wataru Endo,3,jp JPN,DM,32-017,14,0,0,0,0,0,0,0,0,18,0,1,0,0.0,0.0,0.0,1,0,16,16,100.0,2,6,0,0,0,27
337.0,12,15,True,Kostas Tsimikas,21,gr GRE,LB,28-290,90,0,0,0,0,1,0,0,0,79,5,1,1,0.0,0.0,0.0,2,0,62,70,88.6,5,41,3,0,0,27
339.0,12,15,True,Virgil van Dijk,4,nl NED,CB,33-233,90,0,0,0,0,0,0,0,0,113,1,0,0,0.0,0.0,0.0,0,0,102,107,95.3,6,61,1,0,0,27
326.0,12,15,True,Ibrahima Konaté,5,fr FRA,CB,25-277,90,0,0,0,0,0,0,0,0,77,1,0,1,0.0,0.0,0.0,0,0,66,72,91.7,3,47,1,0,0,27
311.0,12,15,True,Trent Alexander-Arnold,66,eng ENG,RB,26-142,76,0,0,0,0,0,0,0,0,85,2,1,0,0.0,0.0,0.0,1,0,61,78,78.2,6,35,1,1,0,27
333.0,12,15,True,Jarell Quansah,78,eng ENG,RB,22-028,14,0,0,0,0,0,0,0,0,14,0,0,0,0.0,0.0,0.0,0,0,13,13,100.0,2,10,0,0,0,27
,12,15,True,Alisson,1,br BRA,GK,32-147,90,0,0,0,0,0,0,0,0,36,0,0,0,0.0,0.0,0.0,0,0,32,34,94.1,0,25,0,0,0,27
421.0,15,12,False,Callum Wilson,9,eng ENG,FW,32-365,68,0,0,0,0,2,0,0,0,17,0,1,1,0.2,0.2,0.0,0,0,8,10,80.0,1,5,2,1,0,27
590.0,15,12,False,William Osula,18,dk DEN,FW,21-206,22,0,0,0,0,0,0,0,0,4,0,0,0,0.0,0.0,0.0,0,0,0,1,0.0,0,3,0,1,0,27
420.0,15,12,False,Joe Willock,28,eng ENG,LW,25-190,68,0,0,0,0,0,0,0,0,26,1,0,4,0.0,0.0,0.0,2,0,12,14,85.7,2,18,2,3,1,27
392.0,15,12,False,Harvey Barnes,11,eng ENG,LW,27-079,22,0,0,0,0,0,0,0,0,8,0,1,0,0.0,0.0,0.0,0,0,6,7,85.7,1,6,1,0,0,27
402.0,15,12,False,Jacob Murphy,23,eng ENG,RW,30-002,90,0,0,0,0,0,0,1,0,50,0,2,1,0.0,0.0,0.0,0,0,25,38,65.8,1,22,2,7,3,27
398.0,15,12,False,Anthony Gordon,10,eng ENG,AM,24-002,90,0,0,0,0,1,0,0,0,38,2,0,0,0.0,0.0,0.0,2,0,20,30,66.7,4,18,3,4,1,27
417.0,15,12,False,Sandro Tonali,8,it ITA,DM,24-294,68,0,0,0,0,0,0,0,0,40,2,0,1,0.0,0.0,0.0,1,0,30,34,88.2,1,15,2,2,1,27
411.0,15,12,False,Lewis Miley,67,eng ENG,DM,18-301,22,0,0,0,0,0,0,0,0,20,0,0,1,0.0,0.0,0.0,0,0,17,18,94.4,1,11,0,0,0,27
394.0,15,12,False,Bruno Guimarães,39,br BRA,DM,27-102,87,0,0,0,0,0,0,0,0,49,2,0,1,0.0,0.0,0.0,0,0,39,46,84.8,4,31,3,1,1,27
410.0,15,12,False,Sean Longstaff,36,eng ENG,DM,27-119,3,0,0,0,0,0,0,0,0,5,0,0,1,0.0,0.0,0.0,0,0,2,3,66.7,0,1,0,0,0,27
399.0,15,12,False,Lewis Hall,20,eng ENG,LB,20-171,90,0,0,0,0,0,0,0,0,63,7,0,2,0.0,0.0,0.0,0,0,37,48,77.1,5,21,2,1,0,27
395.0,15,12,False,Dan Burn,33,eng ENG,CB,32-293,90,0,0,0,0,0,0,0,0,41,0,0,2,0.0,0.0,0.1,1,0,31,33,93.9,0,17,1,0,0,27
415.0,15,12,False,Fabian Schär,5,ch SUI,CB,33-068,90,0,0,0,0,0,0,0,0,54,2,0,0,0.0,0.0,0.0,0,0,42,49,85.7,3,28,0,0,0,27
409.0,15,12,False,Valentino Livramento,21,eng ENG,RB,22-106,68,0,0,0,0,0,0,0,0,38,3,1,1,0.0,0.0,0.0,0,0,27,31,87.1,1,15,0,0,0,27
418.0,15,12,False,Kieran Trippier,2,eng ENG,RB,34-160,22,0,0,0,0,0,0,0,0,25,1,0,0,0.0,0.0,0.0,0,0,19,20,95.0,1,4,0,0,0,27
413.0,15,12,False,Nick Pope,22,eng ENG,GK,32-313,90,0,0,0,0,0,0,0,0,22,0,0,0,0.0,0.0,0.0,0,0,12,20,60.0,0,6,0,0,0,27
525.0,19,11,True,Mohammed Kudus,14,gh GHA,FW,24-209,72,0,0,0,0,1,1,0,0,35,1,0,0,0.6,0.6,0.0,2,1,24,26,92.3,1,21,0,5,1,27
123.0,19,11,True,Evan Ferguson,34,ie IRL,FW,20-131,18,0,0,0,0,1,0,0,0,12,0,0,1,0.1,0.1,0.0,0,0,6,6,100.0,0,4,0,0,0,27
514.0,19,11,True,Jarrod Bowen,20,eng ENG,FW,28-069,90,0,0,0,0,2,0,0,0,50,3,0,1,0.1,0.1,0.1,4,0,23,30,76.7,7,26,1,6,1,27
511.0,19,11,True,Edson Álvarez,19,mx MEX,CM,27-126,65,0,0,0,0,0,0,0,0,40,0,0,1,0.0,0.0,0.0,1,0,30,34,88.2,5,15,2,1,1,27
654.0,19,11,True,Carlos Soler,4,es ESP,CM,28-056,25,0,0,0,0,0,0,0,0,14,0,0,1,0.0,0.0,0.0,1,0,12,13,92.3,1,4,0,1,1,27
531.0,19,11,True,James Ward-Prowse,8,eng ENG,CM,30-118,90,0,0,0,0,0,0,0,0,80,2,2,1,0.0,0.0,0.0,1,0,66,73,90.4,8,36,0,0,0,27
530.0,19,11,True,Tomáš Souček,28,cz CZE,CM,30-000,89,1,0,0,0,1,1,0,0,55,1,0,2,0.5,0.5,0.0,1,0,35,43,81.4,2,21,0,2,1,27
576.0,19,11,True,Andy Irving,39,sct SCO,CM,24-290,1,0,0,0,0,0,0,0,0,3,0,0,0,0.0,0.0,0.0,0,0,3,3,100.0,0,1,0,0,0,27
677.0,19,11,True,Oliver Scarles,57,eng ENG,WB,19-077,65,0,0,0,0,1,0,0,0,62,1,0,1,0.0,0.0,0.0,0,0,48,57,84.2,4,31,2,0,0,27
520.0,19,11,True,Emerson Palmieri,33,it ITA,WB,30-208,25,0,0,0,0,0,0,0,0,23,0,1,1,0.0,0.0,0.0,0,0,13,16,81.3,0,6,1,2,0,27
388.0,19,11,True,Aaron Wan-Bissaka,29,eng ENG,WB,27-093,90,0,0,0,0,0,0,0,0,70,4,0,0,0.0,0.0,0.0,2,0,51,58,87.9,7,31,3,6,3,27
517.0,19,11,True,Aaron Cresswell,3,eng ENG,CB,35-074,90,0,0,0,0,0,0,0,0,135,1,3,1,0.0,0.0,0.9,2,0,112,127,88.2,9,59,1,1,1,27
524.0,19,11,True,Max Kilman,26,eng ENG,CB,27-280,90,0,0,0,0,1,0,0,0,91,0,1,1,0.0,0.0,0.0,0,0,79,82,96.3,0,49,0,0,0,27
591.0,19,11,True,Jean-Clair Todibo,25,fr FRA,CB,25-059,65,0,0,0,0,0,0,0,0,79,0,0,0,0.0,0.0,0.0,0,0,65,71,91.5,5,52,1,1,0,27
528.0,19,11,True,Konstantinos Mavropanos,15,gr GRE,CB,27-078,25,0,0,0,0,1,0,0,0,23,0,0,0,0.3,0.3,0.0,0,0,14,17,82.4,0,10,0,0,0,27
513.0,19,11,True,Alphonse Areola,23,fr FRA,GK,32-000,90,0,0,0,0,0,0,0,0,30,0,0,0,0.0,0.0,0.0,0,0,21,30,70.0,0,20,0,0,0,27
306.0,11,19,False,Jamie Vardy,9,eng ENG,FW,38-047,90,0,0,0,0,0,0,0,0,17,1,0,1,0.0,0.0,0.0,3,0,5,9,55.6,0,7,0,0,0,27
290.0,11,19,False,Bobby De Cordova-Reid,14,jm JAM,LW,32-025,60,0,0,0,0,0,0,0,0,19,2,0,0,0.0,0.0,0.0,0,0,11,16,68.8,0,11,2,0,0,27
298.0,11,19,False,Stephy Mavididi,10,eng ENG,"LW,WB",26-272,30,0,0,0,0,1,0,0,0,25,1,0,0,0.0,0.0,0.1,2,0,18,22,81.8,1,20,2,3,0,27
117.0,11,19,False,Facundo Buonanotte,40,ar ARG,"RW,WB",20-066,90,0,0,0,0,0,0,0,0,40,1,1,2,0.0,0.0,0.0,1,0,20,25,80.0,3,19,0,2,1,27
635.0,11,19,False,Bilal El Khannouss,11,ma MAR,AM,20-293,90,0,0,0,0,1,0,0,0,69,1,0,0,0.0,0.0,0.1,6,0,50,64,78.1,9,38,6,0,0,27
285.0,11,19,False,Boubakary Soumaré,24,fr FRA,DM,26-000,60,0,0,0,0,0,0,0,0,29,0,1,1,0.0,0.0,0.0,0,0,24,25,96.0,2,21,2,0,0,27
309.0,11,19,False,Harry Winks,8,eng ENG,"DM,CM",29-025,30,0,0,0,0,0,0,0,0,28,0,1,0,0.0,0.0,0.0,0,0,24,27,88.9,1,17,2,0,0,27
300.0,11,19,False,Wilfred Ndidi,6,ng NGA,"DM,CM",28-073,90,0,0,0,0,3,1,0,0,60,3,2,1,0.1,0.1,0.0,1,0,38,45,84.4,4,20,1,1,1,27
296.0,11,19,False,Victor Bernth Kristiansen,16,dk DEN,LB,22-073,86,0,0,0,0,1,0,0,0,85,9,2,1,0.0,0.0,0.0,4,0,57,68,83.8,7,48,3,0,0,27
305.0,11,19,False,Luke Thomas,33,eng ENG,CB,23-262,4,0,0,0,0,0,0,0,0,10,1,0,0,0.0,0.0,0.0,0,0,7,9,77.8,1,6,1,0,0,27
307.0,11,19,False,Jannik Vestergaard,23,dk DEN,CB,32-208,86,0,0,0,0,1,1,0,0,68,2,0,2,0.1,0.1,0.0,1,0,56,62,90.3,5,44,1,0,0,27
289.0,11,19,False,Patson Daka,20,zm ZAM,"FW,CB",26-141,4,0,0,0,0,0,0,0,0,3,0,0,0,0.0,0.0,0.0,0,0,2,3,66.7,0,2,0,0,0,27
291.0,11,19,False,Wout Faes,3,be BEL,CB,26-330,90,0,0,0,0,1,0,0,0,56,1,1,0,0.0,0.0,0.0,1,0,42,45,93.3,1,32,0,0,0,27
295.0,11,19,False,James Justin,2,eng ENG,"RB,CB",27-004,90,0,0,0,0,2,0,0,0,76,3,1,2,0.1,0.1,0.0,0,0,40,56,71.4,4,27,0,1,0,27
293.0,11,19,False,Mads Hermansen,30,dk DEN,GK,24-231,90,0,0,0,0,0,0,0,0,29,0,0,0,0.0,0.0,0.0,0,0,17,28,60.7,0,15,0,0,0,27
