player_id,minutes,in_starting_xi,was_home,goals_scored,assists,goals_conceded,clean_sheets,xG,xA,xGC,xGI,total_points,gameweek,opponent_team_id,fixture,value
1,0,0,False,0,0,0,0,0.00,0.00,0.00,0.00,0,17,7,163,54
2,85,1,False,2,1,1,0,0.82,0.01,1.55,0.83,16,17,7,163,67
3,90,1,False,0,1,1,0,0.39,0.01,1.59,0.40,4,17,7,163,62
4,57,1,False,1,0,1,0,0.88,0.01,1.53,0.89,6,17,7,163,79
5,0,0,False,0,0,0,0,0.00,0.00,0.00,0.00,0,17,7,163,40
6,85,1,False,0,0,1,0,0.00,0.02,1.55,0.02,1,17,7,163,57
7,0,0,False,0,0,0,0,0.00,0.00,0.00,0.00,0,17,7,163,47
8,0,0,False,0,0,0,0,0.00,0.00,0.00,0.00,0,17,7,163,48
9,90,1,False,1,0,1,0,0.66,0.53,1.59,1.19,7,17,7,163,67
10,0,0,True,0,0,0,0,0.00,0.00,0.00,0.00,0,17,17,165,50
11,29,0,True,0,0,1,0,0.00,0.00,0.15,0.00,1,17,1,163,59
12,4,0,False,0,0,0,0,0.00,0.08,0.04,0.08,1,17,7,163,45
13,90,1,False,0,0,1,0,0.09,0.23,1.59,0.32,2,17,7,163,83
14,90,1,False,0,0,0,1,0.00,0.00,1.04,0.00,10,17,9,165,44
15,90,1,False,0,0,1,0,0.00,0.00,1.59,0.00,3,17,7,163,56
16,32,0,False,1,1,0,0,0.16,0.05,0.06,0.21,11,17,7,163,62
17,23,1,False,0,0,1,0,0.00,0.00,0.74,0.00,1,17,7,163,106
18,90,1,False,0,0,1,0,0.00,0.01,1.59,0.01,2,17,7,163,63
19,0,0,True,0,0,0,0,0.00,0.00,0.00,0.00,0,17,17,165,55
20,90,1,False,0,1,1,0,0.00,0.11,1.59,0.11,5,17,7,163,50
21,0,0,False,0,0,0,0,0.00,0.00,0.00,0.00,0,17,7,163,43
22,0,0,False,0,0,0,0,0.00,0.00,0.00,0.00,0,17,7,163,48
23,66,0,False,0,0,0,1,0.02,0.12,0.84,0.14,3,17,7,163,68
24,0,0,False,0,0,0,0,0.00,0.00,0.00,0.00,0,17,7,163,61
25,0,0,False,0,0,0,0,0.00,0.00,0.00,0.00,0,17,7,163,48
26,0,0,False,0,0,0,0,0.00,0.00,0.00,0.00,0,17,4,162,44
27,45,0,False,0,0,0,0,0.03,0.00,0.77,0.03,1,17,9,165,50
28,0,0,True,0,0,0,0,0.00,0.00,0.00,0.00,0,17,13,161,62
29,0,0,True,0,0,0,0,0.00,0.00,0.00,0.00,0,17,13,161,52
30,0,0,True,0,0,0,0,0.00,0.00,0.00,0.00,0,17,13,161,49
31,1,0,True,0,0,1,0,0.00,0.00,0.30,0.00,1,17,13,161,52
32,90,1,True,0,0,1,0,0.05,0.02,1.03,0.07,1,17,13,161,44
33,0,0,True,0,0,0,0,0.00,0.00,0.00,0.00,0,17,13,161,45
34,0,0,True,0,0,0,0,0.00,0.00,0.00,0.00,0,17,13,161,65
35,0,0,True,0,0,0,0,0.00,0.00,0.00,0.00,0,17,13,161,45
36,90,1,True,0,0,1,0,0.00,0.04,1.03,0.04,2,17,13,161,47
37,0,0,True,0,0,0,0,0.00,0.00,0.00,0.00,0,17,13,161,50
38,79,1,True,1,0,0,1,0.94,0.00,0.61,0.94,7,17,13,161,58
39,0,0,True,0,0,0,0,0.00,0.00,0.00,0.00,0,17,13,161,40
40,0,0,True,0,0,0,0,0.00,0.00,0.00,0.00,0,17,13,161,39
41,0,0,True,0,0,0,0,0.00,0.00,0.00,0.00,0,17,13,161,54
42,90,1,True,0,0,1,0,0.00,0.03,1.03,0.03,2,17,13,161,50
43,0,0,True,0,0,0,0,0.00,0.00,0.00,0.00,0,17,13,161,40
44,90,1,True,0,0,1,0,0.00,0.00,1.03,0.00,2,17,13,161,44
45,0,0,True,0,0,0,0,0.00,0.00,0.00,0.00,0,17,13,161,46
46,0,0,True,0,0,0,0,0.00,0.00,0.00,0.00,0,17,13,161,40
47,90,1,True,0,0,1,0,0.00,0.00,1.03,0.00,2,17,13,161,50
48,90,1,True,0,1,1,0,0.00,0.22,1.03,0.22,4,17,13,161,52
49,0,0,True,0,0,0,0,0.00,0.00,0.00,0.00,0,17,13,161,44
50,0,0,True,0,0,0,0,0.00,0.00,0.00,0.00,0,17,13,161,39
51,0,0,True,0,0,0,0,0.00,0.00,0.00,0.00,0,17,13,161,45
52,90,1,True,0,0,1,0,0.04,0.00,1.03,0.04,2,17,13,161,44
53,0,0,True,0,0,0,0,0.00,0.00,0.00,0.00,0,17,13,161,54
54,90,1,True,1,1,0,1,0.33,0.23,0.73,0.56,14,17,13,161,53
55,0,0,True,0,0,0,0,0.00,0.00,0.00,0.00,0,17,13,161,40
56,0,0,True,0,0,0,0,0.00,0.00,0.00,0.00,0,17,13,161,40
57,90,1,True,0,0,1,0,0.00,0.32,1.03,0.32,2,17,13,161,55
58,10,0,True,0,0,1,0,0.09,0.00,0.42,0.09,1,17,13,161,89
59,0,0,False,0,0,0,0,0.00,0.00,0.00,0.00,0,17,14,168,43
60,88,1,False,0,0,0,1,0.00,0.01,1.83,0.01,3,17,14,168,49
61,0,0,False,0,0,0,0,0.00,0.00,0.00,0.00,0,17,14,168,45
62,1,0,False,0,0,0,0,0.00,0.01,0.43,0.01,1,17,14,168,49
63,90,1,False,0,1,0,1,0.00,0.11,2.26,0.11,7,17,14,168,49
64,45,0,False,0,0,0,0,0.00,0.01,1.25,0.01,1,17,14,168,50
65,19,0,False,0,0,0,0,0.07,0.00,0.75,0.07,1,17,14,168,54
66,0,0,False,0,0,0,0,0.00,0.00,0.00,0.00,0,17,14,168,50
67,0,0,False,0,0,0,0,0.00,0.00,0.00,0.00,0,17,14,168,45
68,1,0,False,0,0,0,0,0.00,0.00,0.43,0.00,1,17,14,168,39
69,0,0,False,0,0,0,0,0.00,0.00,0.00,0.00,0,17,14,168,45
70,90,1,False,0,0,0,1,0.06,0.01,2.26,0.07,6,17,14,168,47
71,77,1,False,1,0,0,1,0.84,0.01,1.59,0.85,8,17,14,168,55
72,0,0,False,0,0,0,0,0.00,0.00,0.00,0.00,0,17,14,168,44
73,0,0,False,0,0,0,0,0.00,0.00,0.00,0.00,0,17,7,163,42
74,90,1,False,0,1,0,1,0.00,0.26,2.26,0.26,6,17,14,168,50
75,0,0,False,0,0,0,0,0.00,0.00,0.00,0.00,0,17,14,168,40
76,12,0,False,0,0,0,0,0.00,0.01,0.67,0.01,1,17,14,168,48
77,0,0,False,0,0,0,0,0.00,0.00,0.00,0.00,0,17,14,168,47
78,88,1,False,1,0,0,1,0.23,0.01,1.83,0.24,8,17,14,168,56
79,0,0,False,0,0,0,0,0.00,0.00,0.00,0.00,0,17,14,168,47
80,0,0,False,0,0,0,0,0.00,0.00,0.00,0.00,0,17,14,168,49
81,45,1,False,0,0,0,0,0.00,0.01,1.02,0.01,0,17,14,168,45
82,90,1,True,1,1,6,0,0.47,0.17,4.60,0.64,9,17,12,169,75
83,0,0,False,0,0,0,0,0.00,0.00,0.00,0.00,0,17,14,168,55
84,0,0,False,0,0,0,0,0.00,0.00,0.00,0.00,0,17,14,168,44
85,90,1,False,0,0,0,1,0.00,0.02,2.26,0.02,6,17,14,168,44
86,66,1,True,0,0,2,0,0.23,0.01,0.78,0.24,1,17,16,162,44
87,0,0,True,0,0,0,0,0.00,0.00,0.00,0.00,0,17,16,162,44
88,90,1,True,0,0,2,0,0.00,0.03,0.90,0.03,1,17,16,162,45
89,90,1,True,0,0,2,0,0.15,0.17,0.90,0.32,1,17,16,162,50
90,0,0,True,0,0,0,0,0.00,0.00,0.00,0.00,0,17,16,162,48
91,90,1,True,0,0,2,0,0.00,0.00,0.90,0.00,2,17,16,162,45
92,0,0,True,0,0,0,0,0.00,0.00,0.00,0.00,0,17,16,162,43
93,0,0,True,0,0,0,0,0.00,0.00,0.00,0.00,0,17,16,162,43
94,66,1,True,0,0,2,0,0.00,0.02,0.78,0.02,2,17,16,162,49
95,0,0,True,0,0,0,0,0.00,0.00,0.00,0.00,0,17,16,162,53
96,0,0,True,0,0,0,0,0.00,0.00,0.00,0.00,0,17,16,162,39
97,1,0,True,0,0,0,0,0.00,0.00,0.00,0.00,1,17,16,162,45
98,90,1,True,0,0,2,0,0.00,0.04,0.90,0.04,2,17,16,162,50
99,90,1,True,0,0,2,0,0.07,0.51,0.90,0.58,2,17,16,162,76
100,90,1,True,0,0,2,0,0.00,0.02,0.90,0.02,0,17,16,162,42
101,90,1,True,0,0,2,0,0.08,0.11,0.90,0.19,2,17,16,162,48
102,0,0,True,0,0,0,0,0.00,0.00,0.00,0.00,0,17,16,162,49
103,0,0,True,0,0,0,0,0.00,0.00,0.00,0.00,0,17,16,162,45
104,0,0,True,0,0,0,0,0.00,0.00,0.00,0.00,0,17,16,162,45
105,28,0,True,0,0,0,0,0.00,0.00,0.11,0.00,1,17,16,162,43
106,80,1,True,0,0,2,0,0.09,0.01,0.90,0.10,2,17,16,162,51
107,0,0,True,0,0,0,0,0.00,0.00,0.00,0.00,0,17,16,162,59
108,0,0,True,0,0,0,0,0.00,0.00,0.00,0.00,0,17,16,162,73
109,0,0,True,0,0,0,0,0.00,0.00,0.00,0.00,0,17,16,162,39
110,90,1,True,0,0,2,0,0.10,0.07,0.90,0.17,1,17,16,162,63
111,0,0,True,0,0,0,0,0.00,0.00,0.00,0.00,0,17,16,162,44
112,0,0,True,0,0,0,0,0.00,0.00,0.00,0.00,0,17,16,162,45
113,0,0,False,0,0,0,0,0.00,0.00,0.00,0.00,0,17,19,170,52
114,0,0,False,0,0,0,0,0.00,0.00,0.00,0.00,0,17,19,170,45
115,90,1,False,0,0,1,0,0.00,0.16,1.31,0.16,2,17,19,170,50
116,0,0,False,0,0,0,0,0.00,0.00,0.00,0.00,0,17,19,170,40
117,6,0,True,0,0,0,0,0.00,0.00,0.06,0.00,1,17,20,167,50
118,0,0,False,0,0,0,0,0.00,0.00,0.00,0.00,0,17,19,170,45
119,0,0,False,0,0,0,0,0.00,0.00,0.00,0.00,0,17,19,170,49
120,90,1,False,0,1,1,0,0.09,0.01,1.31,0.10,5,17,19,170,44
121,22,0,False,0,0,0,0,0.13,0.00,0.72,0.13,1,17,19,170,54
122,90,1,False,0,0,1,0,0.00,0.18,1.31,0.18,1,17,19,170,51
123,5,0,False,0,0,0,0,0.18,0.12,0.53,0.30,1,17,19,170,55
124,0,0,False,0,0,0,0,0.00,0.00,0.00,0.00,0,17,19,170,50
125,0,0,False,0,0,0,0,0.00,0.00,0.00,0.00,0,17,19,170,65
126,0,0,False,0,0,0,0,0.00,0.00,0.00,0.00,0,17,19,170,49
127,0,0,False,0,0,0,0,0.00,0.00,0.00,0.00,0,17,19,170,50
128,0,0,False,0,0,0,0,0.00,0.00,0.00,0.00,0,17,19,170,44
129,90,1,False,0,0,1,0,0.00,0.16,1.31,0.16,2,17,19,170,59
130,0,0,False,0,0,0,0,0.00,0.00,0.00,0.00,0,17,19,170,45
131,23,0,False,0,0,0,0,0.00,0.01,0.72,0.01,1,17,19,170,44
132,0,0,False,0,0,0,0,0.00,0.00,0.00,0.00,0,17,19,170,65
133,0,0,False,0,0,0,0,0.00,0.00,0.00,0.00,0,17,19,170,45
134,0,0,False,0,0,0,0,0.00,0.00,0.00,0.00,0,17,19,170,50
135,22,0,False,0,0,0,0,0.00,0.17,0.72,0.17,1,17,19,170,51
136,84,1,False,0,0,1,0,0.08,0.02,0.77,0.10,2,17,19,170,66
137,0,0,False,0,0,0,0,0.00,0.00,0.00,0.00,0,17,19,170,44
138,0,0,False,0,0,0,0,0.00,0.00,0.00,0.00,0,17,19,170,45
139,0,0,False,0,0,0,0,0.00,0.00,0.00,0.00,0,17,19,170,40
140,0,0,False,0,0,0,0,0.00,0.00,0.00,0.00,0,17,19,170,44
141,0,0,False,0,0,0,0,0.00,0.00,0.00,0.00,0,17,19,170,49
142,0,0,False,0,0,0,0,0.00,0.00,0.00,0.00,0,17,19,170,42
143,0,0,False,0,0,0,0,0.00,0.00,0.00,0.00,0,17,19,170,55
144,90,1,False,0,0,1,0,0.00,0.03,1.31,0.03,2,17,19,170,45
145,66,1,False,0,0,1,0,0.00,0.01,0.58,0.01,1,17,19,170,45
146,90,1,False,0,0,1,0,0.00,0.00,1.31,0.00,3,17,19,170,45
147,0,0,False,0,0,0,0,0.00,0.00,0.00,0.00,0,17,19,170,43
148,0,0,False,0,0,0,0,0.00,0.00,0.00,0.00,0,17,19,170,57
149,55,1,False,1,0,0,0,0.19,0.03,0.30,0.22,9,17,19,170,47
150,0,0,False,0,0,0,0,0.00,0.00,0.00,0.00,0,17,8,164,45
151,0,0,False,0,0,0,0,0.00,0.00,0.00,0.00,0,17,8,164,45
152,90,1,False,0,0,0,1,0.00,0.00,2.26,0.00,9,17,14,168,45
153,0,0,False,0,0,0,0,0.00,0.00,0.00,0.00,0,17,8,164,43
154,0,0,False,0,0,0,0,0.00,0.00,0.00,0.00,0,17,8,164,39
155,0,0,False,0,0,0,0,0.00,0.00,0.00,0.00,0,17,8,164,39
156,0,0,True,0,0,0,0,0.00,0.00,0.00,0.00,0,17,6,164,54
157,90,1,False,0,0,0,1,0.00,0.05,1.03,0.05,3,17,8,164,49
158,0,0,False,0,0,0,0,0.00,0.00,0.00,0.00,0,17,8,164,44
159,0,0,True,0,0,0,0,0.00,0.00,0.00,0.00,0,17,1,163,44
160,0,0,False,0,0,0,0,0.00,0.00,0.00,0.00,0,17,8,164,47
161,0,0,False,0,0,0,0,0.00,0.00,0.00,0.00,0,17,8,164,48
162,90,1,False,0,0,0,1,0.00,0.02,1.03,0.02,6,17,8,164,46
163,0,0,False,0,0,0,0,0.00,0.00,0.00,0.00,0,17,8,164,52
164,0,0,False,0,0,0,0,0.00,0.00,0.00,0.00,0,17,8,164,54
165,0,0,False,0,0,0,0,0.00,0.00,0.00,0.00,0,17,8,164,49
166,0,0,False,0,0,0,0,0.00,0.00,0.00,0.00,0,17,8,164,55
167,90,1,False,0,0,0,1,0.00,0.02,1.03,0.02,5,17,8,164,42
168,90,1,False,0,0,0,1,0.10,0.24,1.03,0.34,3,17,8,164,51
169,0,0,False,0,0,0,0,0.00,0.00,0.00,0.00,0,17,8,164,59
170,0,0,False,0,0,0,0,0.00,0.00,0.00,0.00,0,17,8,164,40
171,90,1,False,0,0,0,1,0.25,0.03,1.03,0.28,6,17,8,164,49
172,0,0,False,0,0,0,0,0.00,0.00,0.00,0.00,0,17,8,164,48
173,0,0,False,0,0,0,0,0.00,0.00,0.00,0.00,0,17,8,164,44
174,0,0,False,0,0,0,0,0.00,0.00,0.00,0.00,0,17,8,164,45
175,0,0,False,0,0,0,0,0.00,0.00,0.00,0.00,0,17,8,164,63
176,0,0,False,0,0,0,0,0.00,0.00,0.00,0.00,0,17,8,164,45
177,14,0,False,0,0,0,0,0.00,0.00,0.32,0.00,1,17,8,164,63
178,0,0,False,0,0,0,0,0.00,0.00,0.00,0.00,0,17,8,164,47
179,0,0,False,0,0,0,0,0.00,0.00,0.00,0.00,0,17,8,164,62
180,75,1,False,0,0,0,1,0.25,0.02,0.71,0.27,2,17,8,164,83
181,15,0,False,0,0,0,0,0.00,0.01,0.32,0.01,1,17,8,164,58
182,90,1,False,0,0,0,1,0.08,0.33,1.03,0.41,3,17,8,164,112
183,0,0,False,0,0,0,0,0.00,0.00,0.00,0.00,0,17,8,164,44
184,0,0,False,0,0,0,0,0.00,0.00,0.00,0.00,0,17,8,164,45
185,90,1,False,0,0,0,1,0.00,0.00,1.03,0.00,9,17,8,164,48
186,0,0,False,0,0,0,0,0.00,0.00,0.00,0.00,0,17,7,163,67
187,90,1,False,0,0,0,1,0.00,0.01,1.03,0.01,9,17,8,164,42
188,33,0,False,0,0,0,0,0.00,0.02,0.68,0.02,0,17,9,165,45
189,0,0,False,0,0,0,0,0.00,0.00,0.00,0.00,0,17,8,164,44
190,0,0,True,0,0,0,0,0.00,0.00,0.00,0.00,0,17,1,163,45
191,0,0,True,0,0,0,0,0.00,0.00,0.00,0.00,0,17,17,165,42
192,83,1,True,0,0,3,0,0.08,0.06,1.00,0.14,2,17,20,167,52
193,22,0,True,0,0,1,0,0.00,0.01,0.15,0.01,1,17,1,163,49
194,90,1,True,0,0,5,0,0.00,0.01,2.87,0.01,0,17,1,163,44
195,0,0,True,0,0,0,0,0.00,0.00,0.00,0.00,0,17,1,163,43
196,79,1,True,0,0,4,0,0.00,0.11,2.81,0.11,-1,17,1,163,43
197,0,0,True,0,0,0,0,0.00,0.00,0.00,0.00,0,17,1,163,45
198,0,0,True,0,0,0,0,0.00,0.00,0.00,0.00,0,17,20,167,51
199,0,0,True,0,0,0,0,0.00,0.00,0.00,0.00,0,17,1,163,66
200,90,1,True,0,0,5,0,0.00,0.04,2.87,0.04,-1,17,1,163,45
201,90,1,True,0,0,5,0,0.00,0.00,2.87,0.00,0,17,1,163,44
202,0,0,True,0,0,0,0,0.00,0.00,0.00,0.00,0,17,1,163,43
203,67,1,True,0,0,4,0,0.14,0.23,2.72,0.37,2,17,1,163,49
204,0,0,False,0,0,0,0,0.00,0.00,0.00,0.00,0,17,11,167,43
205,60,1,True,0,0,4,0,0.02,0.01,2.72,0.03,2,17,1,163,51
206,67,1,True,0,0,4,0,0.09,0.00,2.72,0.09,2,17,1,163,48
207,80,1,True,0,0,4,0,0.66,0.02,2.81,0.68,2,17,1,163,72
208,0,0,True,0,0,0,0,0.00,0.00,0.00,0.00,0,17,1,163,44
209,0,0,True,0,0,0,0,0.00,0.00,0.00,0.00,0,17,1,163,39
210,90,1,True,0,1,5,0,0.00,0.12,2.87,0.12,3,17,1,163,48
211,0,0,True,0,0,0,0,0.00,0.00,0.00,0.00,0,17,1,163,47
212,0,0,True,0,0,0,0,0.00,0.00,0.00,0.00,0,17,1,163,45
213,0,0,True,0,0,0,0,0.00,0.00,0.00,0.00,0,17,1,163,45
214,9,0,True,0,0,1,0,0.04,0.00,0.06,0.04,1,17,1,163,47
215,0,0,True,0,0,0,0,0.00,0.00,0.00,0.00,0,17,1,163,43
216,0,0,True,0,0,0,0,0.00,0.00,0.00,0.00,0,17,1,163,47
217,90,1,True,0,0,0,1,0.00,0.03,0.86,0.03,3,17,6,164,51
218,17,0,True,0,0,0,0,0.00,0.00,0.06,0.00,0,17,6,164,50
219,90,1,True,0,0,0,1,0.00,0.01,0.86,0.01,6,17,6,164,48
220,72,1,True,0,0,0,1,0.00,0.00,0.80,0.00,2,17,6,164,55
221,17,0,True,0,0,0,0,0.00,0.00,0.06,0.00,1,17,6,164,43
222,90,1,True,0,0,0,1,0.00,0.00,0.86,0.00,3,17,6,164,49
223,0,0,True,0,0,0,0,0.00,0.00,0.00,0.00,0,17,6,164,49
224,73,1,True,0,0,0,1,0.56,0.00,0.80,0.56,3,17,6,164,52
225,0,0,True,0,0,0,0,0.00,0.00,0.00,0.00,0,17,6,164,40
226,0,0,True,0,0,0,0,0.00,0.00,0.00,0.00,0,17,6,164,44
227,0,0,True,0,0,0,0,0.00,0.00,0.00,0.00,0,17,6,164,39
228,0,0,True,0,0,0,0,0.00,0.00,0.00,0.00,0,17,6,164,41
229,0,0,True,0,0,0,0,0.00,0.00,0.00,0.00,0,17,6,164,49
230,0,0,True,0,0,0,0,0.00,0.00,0.00,0.00,0,17,6,164,53
231,90,1,True,0,0,0,1,0.00,0.01,0.86,0.01,7,17,6,164,43
232,90,1,True,0,0,0,1,0.29,0.08,0.86,0.37,1,17,6,164,54
233,90,1,True,0,0,1,0,0.22,0.01,1.03,0.23,2,17,13,161,49
234,0,0,True,0,0,0,0,0.00,0.00,0.00,0.00,0,17,6,164,44
235,90,1,True,0,0,0,1,0.00,0.00,0.86,0.00,7,17,6,164,49
236,90,1,True,0,0,0,1,0.00,0.00,0.86,0.00,6,17,6,164,48
237,0,0,True,0,0,0,0,0.00,0.00,0.00,0.00,0,17,6,164,49
238,72,1,True,0,0,0,1,0.04,0.00,0.80,0.04,5,17,6,164,47
239,28,0,True,0,0,0,0,0.08,0.41,0.05,0.49,1,17,17,165,47
240,0,0,True,0,0,0,0,0.00,0.00,0.00,0.00,0,17,17,165,50
241,90,1,True,0,0,0,1,0.00,0.00,0.26,0.00,6,17,17,165,45
242,0,0,True,0,0,0,0,0.00,0.00,0.00,0.00,0,17,17,165,40
243,75,1,True,0,0,0,1,0.04,0.05,0.21,0.09,3,17,17,165,48
244,90,1,True,0,0,0,1,0.00,0.14,0.26,0.14,6,17,17,165,42
245,90,1,True,0,0,0,1,0.00,0.00,0.26,0.00,6,17,17,165,44
246,0,0,True,0,0,0,0,0.00,0.00,0.00,0.00,0,17,17,165,45
247,90,1,True,0,0,0,1,0.34,0.09,0.26,0.43,3,17,17,165,58
248,90,1,True,0,0,0,1,0.00,0.00,0.26,0.00,6,17,17,165,50
249,15,0,True,0,0,0,0,0.00,0.00,0.05,0.00,1,17,17,165,48
250,0,0,True,0,0,0,0,0.00,0.00,0.00,0.00,0,17,17,165,40
251,61,1,True,0,0,0,1,0.14,0.00,0.21,0.14,2,17,17,165,55
252,28,0,True,0,0,0,0,0.12,0.02,0.05,0.14,0,17,17,165,55
253,0,0,True,0,0,0,0,0.00,0.00,0.00,0.00,0,17,17,165,45
254,0,0,True,0,0,0,0,0.00,0.00,0.00,0.00,0,17,17,165,47
255,90,1,True,0,0,0,1,0.00,0.11,0.26,0.11,6,17,17,165,48
256,0,0,True,0,0,0,0,0.00,0.00,0.00,0.00,0,17,17,165,50
257,0,0,True,0,0,0,0,0.00,0.00,0.00,0.00,0,17,17,165,45
258,3,0,True,0,0,0,0,0.06,0.00,0.00,0.06,1,17,17,165,50
259,86,1,True,0,0,0,1,0.26,0.05,0.26,0.31,3,17,17,165,52
260,45,0,True,0,0,1,0,0.29,0.01,0.50,0.30,0,17,15,166,48
261,0,0,True,0,0,0,0,0.00,0.00,0.00,0.00,0,17,15,166,40
262,12,0,True,0,0,0,0,0.04,0.02,0.00,0.06,1,17,15,166,49
263,90,1,True,0,0,4,0,0.00,0.00,2.33,0.00,0,17,15,166,40
264,77,1,True,0,0,4,0,0.03,0.02,2.33,0.05,2,17,15,166,48
265,61,1,True,0,0,4,0,0.00,0.19,2.23,0.19,2,17,15,166,51
266,90,1,True,0,0,4,0,0.00,0.01,2.33,0.01,0,17,15,166,40
267,90,1,True,0,0,4,0,0.00,0.14,2.33,0.14,0,17,15,166,45
268,0,0,True,0,0,0,0,0.00,0.00,0.00,0.00,0,17,15,166,56
269,0,0,True,0,0,0,0,0.00,0.00,0.00,0.00,0,17,15,166,40
270,0,0,True,0,0,0,0,0.00,0.00,0.00,0.00,0,17,15,166,40
271,0,0,True,0,0,0,0,0.00,0.00,0.00,0.00,0,17,15,166,49
272,0,0,True,0,0,0,0,0.00,0.00,0.00,0.00,0,17,15,166,54
273,0,0,True,0,0,0,0,0.00,0.00,0.00,0.00,0,17,15,166,45
274,45,1,True,0,0,3,0,0.01,0.01,1.83,0.02,1,17,15,166,52
275,12,0,True,0,0,0,0,0.00,0.00,0.00,0.00,1,17,15,166,39
276,0,0,True,0,0,0,0,0.00,0.00,0.00,0.00,0,17,15,166,45
277,0,0,True,0,0,0,0,0.00,0.00,0.00,0.00,0,17,15,166,44
278,90,1,True,0,0,4,0,0.00,0.03,2.33,0.03,1,17,15,166,49
279,0,0,True,0,0,0,0,0.00,0.00,0.00,0.00,0,17,15,166,40
280,0,0,True,0,0,0,0,0.00,0.00,0.00,0.00,0,17,15,166,40
281,28,0,True,0,0,0,0,0.00,0.00,0.09,0.00,1,17,15,166,48
282,0,0,True,0,0,0,0,0.00,0.00,0.00,0.00,0,17,15,166,40
283,0,0,True,0,0,0,0,0.00,0.00,0.00,0.00,0,17,15,166,43
284,0,0,True,0,0,0,0,0.00,0.00,0.00,0.00,0,17,15,166,40
285,90,1,True,0,0,3,0,0.00,0.06,1.06,0.06,1,17,20,167,44
286,0,0,True,0,0,0,0,0.00,0.00,0.00,0.00,0,17,20,167,45
287,37,0,True,0,0,0,0,0.00,0.17,0.65,0.17,1,17,20,167,43
288,90,1,True,0,0,3,0,0.00,0.14,1.06,0.14,1,17,20,167,40
289,0,0,True,0,0,0,0,0.00,0.00,0.00,0.00,0,17,20,167,48
290,36,0,True,0,0,0,0,0.00,0.01,0.65,0.01,1,17,20,167,52
291,45,0,True,0,0,0,0,0.00,0.01,0.65,0.01,1,17,20,167,41
292,0,0,True,0,0,0,0,0.00,0.00,0.00,0.00,0,17,20,167,44
293,0,0,True,0,0,0,0,0.00,0.00,0.00,0.00,0,17,20,167,45
294,0,0,True,0,0,0,0,0.00,0.00,0.00,0.00,0,17,20,167,39
295,52,1,True,0,0,3,0,0.02,0.00,0.41,0.02,0,17,20,167,44
296,90,1,True,0,0,3,0,0.00,0.02,1.06,0.02,1,17,20,167,45
297,0,0,True,0,0,0,0,0.00,0.00,0.00,0.00,0,17,20,167,45
298,90,1,True,0,0,3,0,0.03,0.02,1.06,0.05,2,17,20,167,52
299,0,0,True,0,0,0,0,0.00,0.00,0.00,0.00,0,17,20,167,47
300,0,0,True,0,0,0,0,0.00,0.00,0.00,0.00,0,17,20,167,50
301,0,0,True,0,0,0,0,0.00,0.00,0.00,0.00,0,17,20,167,40
302,0,0,True,0,0,0,0,0.00,0.00,0.00,0.00,0,17,20,167,41
303,0,0,True,0,0,0,0,0.00,0.00,0.00,0.00,0,17,20,167,40
304,0,0,True,0,0,0,0,0.00,0.00,0.00,0.00,0,17,20,167,40
305,0,0,True,0,0,0,0,0.00,0.00,0.00,0.00,0,17,20,167,39
306,90,1,True,0,0,3,0,0.68,0.03,1.06,0.71,2,17,20,167,56
307,45,1,True,0,0,3,0,0.00,0.00,0.41,0.00,-1,17,20,167,40
308,90,1,True,0,0,3,0,0.00,0.00,1.06,0.00,1,17,20,167,40
309,45,0,True,0,0,0,0,0.00,0.18,0.65,0.18,1,17,20,167,45
310,90,1,False,0,0,3,0,0.00,0.20,1.25,0.20,1,17,18,169,54
311,90,1,False,0,1,3,0,0.01,0.57,1.25,0.58,4,17,18,169,70
312,0,0,False,0,0,0,0,0.00,0.00,0.00,0.00,0,17,18,169,45
313,0,0,False,0,0,0,0,0.00,0.00,0.00,0.00,0,17,18,169,47
314,9,0,True,0,0,0,0,0.00,0.00,0.00,0.00,1,17,16,162,46
315,0,0,False,0,0,0,0,0.00,0.00,0.00,0.00,0,17,18,169,45
316,3,0,False,0,0,0,0,0.00,0.00,0.13,0.00,1,17,18,169,71
317,22,0,False,0,0,2,0,0.15,0.02,0.90,0.17,1,17,18,169,72
318,0,0,False,0,0,0,0,0.00,0.00,0.00,0.00,0,17,18,169,45
319,3,0,False,0,0,0,0,0.00,0.00,0.13,0.00,1,17,18,169,52
320,0,0,False,0,0,0,0,0.00,0.00,0.00,0.00,0,17,18,169,47
321,67,1,False,0,0,1,0,0.06,0.09,0.34,0.15,1,17,18,169,71
322,90,1,False,0,0,3,0,0.00,0.01,1.25,0.01,1,17,18,169,49
323,90,1,False,0,0,3,0,0.00,0.02,1.25,0.02,2,17,18,169,50
324,22,0,False,0,0,2,0,0.00,0.00,0.90,0.00,1,17,18,169,53
325,0,0,False,0,0,0,0,0.00,0.00,0.00,0.00,0,17,18,169,45
326,0,0,False,0,0,0,0,0.00,0.00,0.00,0.00,0,17,18,169,51
327,86,1,False,2,0,3,0,0.86,0.14,1.12,1.00,13,17,18,169,74
328,86,1,False,2,2,3,0,1.91,0.15,1.12,2.06,21,17,18,169,134
329,67,1,False,1,0,1,0,0.46,0.23,0.34,0.69,7,17,18,169,62
330,0,0,False,0,0,0,0,0.00,0.00,0.00,0.00,0,17,18,169,44
331,0,0,False,0,0,0,0,0.00,0.00,0.00,0.00,0,17,18,169,44
332,0,0,False,0,0,0,0,0.00,0.00,0.00,0.00,0,17,18,169,40
333,0,0,False,0,0,0,0,0.00,0.00,0.00,0.00,0,17,18,169,39
334,0,0,False,0,0,0,0,0.00,0.00,0.00,0.00,0,17,18,169,40
335,90,1,False,0,0,3,0,0.00,0.13,1.25,0.13,1,17,18,169,59
336,90,1,False,1,3,3,0,1.77,0.52,1.25,2.29,17,17,18,169,63
337,0,0,False,0,0,0,0,0.00,0.00,0.00,0.00,0,17,18,169,46
338,0,0,True,0,0,0,0,0.00,0.00,0.00,0.00,0,17,16,162,41
339,90,1,False,0,0,3,0,0.00,0.00,1.25,0.00,1,17,18,169,65
340,90,1,False,0,0,2,0,0.00,0.05,1.67,0.05,1,17,2,161,53
341,0,0,False,0,0,0,0,0.00,0.00,0.00,0.00,0,17,2,161,53
342,90,1,False,0,0,2,0,0.00,0.11,1.67,0.11,2,17,2,161,63
343,0,0,False,0,0,0,0,0.00,0.00,0.00,0.00,0,17,2,161,47
344,0,0,False,0,0,0,0,0.00,0.00,0.00,0.00,0,17,2,161,40
345,0,0,False,0,0,0,0,0.00,0.00,0.00,0.00,0,17,2,161,95
346,6,0,False,0,0,0,0,0.00,0.00,0.00,0.00,1,17,2,161,62
347,0,0,False,0,0,0,0,0.00,0.00,0.00,0.00,0,17,2,161,54
348,90,1,False,1,0,2,0,0.44,0.04,1.67,0.48,9,17,2,161,91
349,90,1,False,0,0,2,0,0.10,0.27,1.67,0.37,1,17,2,161,64
350,90,1,False,0,0,2,0,0.35,0.02,1.67,0.37,0,17,2,161,61
351,90,1,False,0,0,2,0,0.11,0.04,1.67,0.15,2,17,2,161,149
352,0,0,False,0,0,0,0,0.00,0.00,0.00,0.00,0,17,2,161,70
353,0,0,False,0,0,0,0,0.00,0.00,0.00,0.00,0,17,2,161,53
354,83,1,False,0,0,2,0,0.02,0.06,1.67,0.08,2,17,2,161,54
355,90,1,False,0,0,2,0,0.00,0.06,1.67,0.06,0,17,2,161,46
356,0,0,False,0,0,0,0,0.00,0.00,0.00,0.00,0,17,2,161,49
357,0,0,False,0,0,0,0,0.00,0.00,0.00,0.00,0,17,2,161,46
358,90,1,False,0,0,2,0,0.00,0.00,1.67,0.00,2,17,2,161,52
359,28,0,True,0,0,0,0,0.00,0.01,0.09,0.01,1,17,15,166,48
360,0,0,False,0,0,0,0,0.00,0.00,0.00,0.00,0,17,2,161,63
361,0,0,False,0,0,0,0,0.00,0.00,0.00,0.00,0,17,2,161,54
362,45,1,False,0,0,1,0,0.00,0.03,1.23,0.03,1,17,2,161,53
363,45,0,False,0,0,1,0,0.00,0.01,0.44,0.01,1,17,2,161,52
364,90,1,True,0,0,3,0,0.25,0.69,1.24,0.94,2,17,3,168,53
365,0,0,True,0,0,0,0,0.00,0.00,0.00,0.00,0,17,3,168,57
366,90,1,True,0,0,3,0,0.46,0.40,1.24,0.86,2,17,3,168,84
367,0,0,True,0,0,0,0,0.00,0.00,0.00,0.00,0,17,3,168,43
368,0,0,True,0,0,0,0,0.00,0.00,0.00,0.00,0,17,3,168,48
369,90,1,True,0,0,3,0,0.31,0.04,1.24,0.35,1,17,3,168,52
370,0,0,True,0,0,0,0,0.00,0.00,0.00,0.00,0,17,3,168,53
371,0,0,True,0,0,0,0,0.00,0.00,0.00,0.00,0,17,3,168,44
372,35,0,True,0,0,2,0,0.17,0.22,0.92,0.39,1,17,3,168,61
373,0,0,True,0,0,0,0,0.00,0.00,0.00,0.00,0,17,3,168,45
374,0,0,True,0,0,0,0,0.00,0.00,0.00,0.00,0,17,3,168,40
375,36,0,True,0,0,2,0,0.08,0.17,0.92,0.25,1,17,3,168,69
376,0,0,True,0,0,0,0,0.00,0.00,0.00,0.00,0,17,3,168,43
377,90,1,True,0,0,3,0,0.00,0.11,1.24,0.11,1,17,3,168,49
378,90,1,True,0,0,3,0,0.06,0.06,1.24,0.12,2,17,3,168,52
379,45,1,True,0,0,1,0,0.00,0.01,0.18,0.01,1,17,3,168,44
380,90,1,True,0,0,3,0,0.15,0.10,1.24,0.25,1,17,3,168,44
381,0,0,True,0,0,0,0,0.00,0.00,0.00,0.00,0,17,3,168,49
382,0,0,True,0,0,0,0,0.00,0.00,0.00,0.00,0,17,3,168,63
383,90,1,True,0,0,3,0,0.00,0.00,1.24,0.00,1,17,3,168,52
384,0,0,True,0,0,0,0,0.00,0.00,0.00,0.00,0,17,3,168,50
385,0,0,True,0,0,0,0,0.00,0.00,0.00,0.00,0,17,3,168,68
386,90,1,False,0,0,0,1,0.09,0.03,1.03,0.12,3,17,8,164,62
387,0,0,True,0,0,0,0,0.00,0.00,0.00,0.00,0,17,3,168,49
388,90,1,True,0,0,1,0,0.00,0.01,0.94,0.01,2,17,5,170,46
389,53,1,True,0,0,1,0,0.03,0.00,0.32,0.03,1,17,3,168,66
390,0,0,False,0,0,0,0,0.00,0.00,0.00,0.00,0,17,10,166,40
391,17,0,False,0,0,0,0,0.00,0.01,0.08,0.01,1,17,10,166,55
392,26,0,False,0,0,0,0,0.04,0.62,0.17,0.66,1,17,10,166,62
393,0,0,False,0,0,0,0,0.00,0.00,0.00,0.00,0,17,10,166,44
394,79,1,False,0,1,0,1,0.06,0.17,0.66,0.23,7,17,10,166,61
395,90,1,False,0,0,0,1,0.00,0.00,0.71,0.00,6,17,10,166,44
396,90,1,False,0,0,0,1,0.00,0.00,0.71,0.00,6,17,10,166,42
397,0,0,False,0,0,0,0,0.00,0.00,0.00,0.00,0,17,9,165,48
398,90,1,False,0,1,0,1,0.43,0.49,0.71,0.92,6,17,10,166,72
399,90,1,False,0,0,0,1,0.00,0.04,0.71,0.04,7,17,10,166,46
400,0,0,False,0,0,0,0,0.00,0.00,0.00,0.00,0,17,10,166,44
401,72,1,False,3,0,0,1,1.53,0.20,0.63,1.73,17,17,10,166,88
402,63,1,False,1,1,0,1,0.06,0.33,0.54,0.39,13,17,10,166,49
403,0,0,False,0,0,0,0,0.00,0.00,0.00,0.00,0,17,10,166,60
404,0,0,False,0,0,0,0,0.00,0.00,0.00,0.00,0,17,10,166,43
405,0,0,False,0,0,0,0,0.00,0.00,0.00,0.00,0,17,10,166,43
406,0,0,False,0,0,0,0,0.00,0.00,0.00,0.00,0,17,10,166,44
407,0,0,False,0,0,0,0,0.00,0.00,0.00,0.00,0,17,10,166,45
408,0,0,False,0,0,0,0,0.00,0.00,0.00,0.00,0,17,10,166,40
409,63,1,False,0,0,0,1,0.00,0.01,0.54,0.01,6,17,10,166,45
410,26,0,False,0,0,0,0,0.00,0.00,0.17,0.00,1,17,10,166,47
411,10,0,False,0,0,0,0,0.00,0.01,0.04,0.01,1,17,10,166,50
412,0,0,False,0,0,0,0,0.00,0.00,0.00,0.00,0,17,10,166,43
413,0,0,False,0,0,0,0,0.00,0.00,0.00,0.00,0,17,10,166,49
414,0,0,False,0,0,0,0,0.00,0.00,0.00,0.00,0,17,10,166,40
415,90,1,False,0,0,0,1,0.00,0.01,0.71,0.01,6,17,10,166,54
416,0,0,False,0,0,0,0,0.00,0.00,0.00,0.00,0,17,10,166,40
417,90,1,False,0,0,0,1,0.02,0.01,0.71,0.03,3,17,10,166,55
418,26,0,False,0,0,0,0,0.00,0.15,0.17,0.15,1,17,10,166,56
419,0,0,False,0,0,0,0,0.00,0.00,0.00,0.00,0,17,10,166,45
420,63,1,False,0,0,0,1,0.18,0.09,0.54,0.27,3,17,10,166,48
421,0,0,False,0,0,0,0,0.00,0.00,0.00,0.00,0,17,10,166,69
422,90,1,False,1,0,0,1,0.21,0.01,0.72,0.22,15,17,4,162,49
423,63,1,False,0,0,0,1,0.00,0.28,0.54,0.28,3,17,4,162,50
424,1,0,False,0,0,0,0,0.00,0.00,0.00,0.00,1,17,4,162,55
425,0,0,False,0,0,0,0,0.00,0.00,0.00,0.00,0,17,4,162,42
426,0,0,False,0,0,0,0,0.00,0.00,0.00,0.00,0,17,4,162,45
427,0,0,False,0,0,0,0,0.00,0.00,0.00,0.00,0,17,4,162,42
428,0,0,False,0,0,0,0,0.00,0.00,0.00,0.00,0,17,4,162,44
429,0,0,False,0,0,0,0,0.00,0.00,0.00,0.00,0,17,4,162,47
430,0,0,False,0,0,0,0,0.00,0.00,0.00,0.00,0,17,4,162,49
431,26,0,False,0,0,0,0,0.00,0.00,0.17,0.00,0,17,4,162,48
432,63,1,False,1,0,0,1,0.21,0.02,0.54,0.23,9,17,4,162,51
433,74,1,False,0,0,0,1,0.00,0.05,0.72,0.05,2,17,4,162,63
434,90,1,False,0,0,0,1,0.11,0.09,0.72,0.20,3,17,4,162,53
435,0,0,False,0,0,0,0,0.00,0.00,0.00,0.00,0,17,4,162,45
436,90,1,False,0,0,0,1,0.00,0.01,0.72,0.01,5,17,4,162,46
437,90,1,False,0,1,0,1,0.03,0.10,0.72,0.13,11,17,4,162,43
438,0,0,False,0,0,0,0,0.00,0.00,0.00,0.00,0,17,4,162,45
439,0,0,False,0,0,0,0,0.00,0.00,0.00,0.00,0,17,4,162,50
440,0,0,False,0,0,0,0,0.00,0.00,0.00,0.00,0,17,4,162,43
441,0,0,False,0,0,0,0,0.00,0.00,0.00,0.00,0,17,4,162,40
442,0,0,False,0,0,0,0,0.00,0.00,0.00,0.00,0,17,4,162,44
443,90,1,False,0,0,0,1,0.00,0.00,0.72,0.00,7,17,4,162,47
444,1,0,False,0,0,0,0,0.00,0.00,0.00,0.00,1,17,4,162,43
445,0,0,True,0,0,0,0,0.00,0.00,0.00,0.00,0,17,1,163,40
446,0,0,False,0,0,0,0,0.00,0.00,0.00,0.00,0,17,4,162,45
447,90,1,False,0,0,0,1,0.30,0.01,0.72,0.31,2,17,4,162,66
448,0,0,False,0,0,0,0,0.00,0.00,0.00,0.00,0,17,4,162,45
449,26,0,False,0,0,0,0,0.00,0.00,0.17,0.00,1,17,4,162,49
450,0,0,False,0,0,0,0,0.00,0.00,0.00,0.00,0,17,9,165,49
451,0,0,False,0,0,0,0,0.00,0.00,0.00,0.00,0,17,9,165,44
452,56,1,False,0,0,0,0,0.00,0.00,0.36,0.00,1,17,9,165,49
453,90,1,False,0,0,0,1,0.15,0.00,1.04,0.15,2,17,9,165,51
454,0,0,False,0,0,0,0,0.00,0.00,0.00,0.00,0,17,9,165,43
455,90,1,False,0,0,0,1,0.00,0.00,1.04,0.00,8,17,9,165,40
456,0,0,False,0,0,0,0,0.00,0.00,0.00,0.00,0,17,9,165,39
457,10,0,False,0,0,0,0,0.00,0.00,0.16,0.00,1,17,9,165,39
458,0,0,False,0,0,0,0,0.00,0.00,0.00,0.00,0,17,9,165,45
459,0,0,False,0,0,0,0,0.00,0.00,0.00,0.00,0,17,9,165,49
460,0,0,False,0,0,0,0,0.00,0.00,0.00,0.00,0,17,9,165,39
461,90,1,False,0,0,0,1,0.00,0.00,1.04,0.00,8,17,9,165,41
462,0,0,False,0,0,0,0,0.00,0.00,0.00,0.00,0,17,9,165,50
463,0,0,False,0,0,0,0,0.00,0.00,0.00,0.00,0,17,9,165,50
464,0,0,False,0,0,0,0,0.00,0.00,0.00,0.00,0,17,9,165,40
465,0,0,False,0,0,0,0,0.00,0.00,0.00,0.00,0,17,9,165,40
466,0,0,False,0,0,0,0,0.00,0.00,0.00,0.00,0,17,9,165,40
467,0,0,False,0,0,0,0,0.00,0.00,0.00,0.00,0,17,9,165,43
468,0,0,False,0,0,0,0,0.00,0.00,0.00,0.00,0,17,9,165,50
469,0,0,False,0,0,0,0,0.00,0.00,0.00,0.00,0,17,9,165,43
470,1,0,False,0,0,0,0,0.00,0.00,0.00,0.00,1,17,9,165,49
471,0,0,False,0,0,0,0,0.00,0.00,0.00,0.00,0,17,9,165,50
472,0,0,False,0,0,0,0,0.00,0.00,0.00,0.00,0,17,9,165,40
473,0,0,False,0,0,0,0,0.00,0.00,0.00,0.00,0,17,9,165,44
474,79,1,False,0,0,0,1,0.03,0.03,0.88,0.06,5,17,9,165,44
475,0,0,False,0,0,0,0,0.00,0.00,0.00,0.00,0,17,9,165,39
476,90,1,False,0,0,0,1,0.00,0.02,1.04,0.02,6,17,9,165,44
477,90,1,False,0,0,0,1,0.00,0.00,1.04,0.00,8,17,9,165,40
478,0,0,True,0,0,0,0,0.00,0.00,0.00,0.00,0,17,12,169,40
479,0,0,True,0,0,0,0,0.00,0.00,0.00,0.00,0,17,12,169,40
480,0,0,True,0,0,0,0,0.00,0.00,0.00,0.00,0,17,12,169,49
481,32,0,True,0,0,2,0,0.00,0.04,1.34,0.04,0,17,12,169,44
482,90,1,True,0,0,6,0,0.00,0.01,4.60,0.01,2,17,12,169,49
483,0,0,True,0,0,0,0,0.00,0.00,0.00,0.00,0,17,12,169,50
484,0,0,True,0,0,0,0,0.00,0.00,0.00,0.00,0,17,12,169,43
485,0,0,True,0,0,0,0,0.00,0.00,0.00,0.00,0,17,12,169,45
486,90,1,True,0,0,6,0,0.00,0.01,4.60,0.01,-1,17,12,169,43
487,0,0,True,0,0,0,0,0.00,0.00,0.00,0.00,0,17,12,169,45
488,90,1,True,0,0,6,0,0.00,0.00,4.60,0.00,1,17,12,169,43
489,90,1,True,0,0,6,0,0.00,0.00,4.60,0.00,2,17,12,169,46
490,0,0,True,0,0,0,0,0.00,0.00,0.00,0.00,0,17,12,169,50
491,32,0,True,0,1,2,0,0.13,0.26,1.34,0.39,4,17,12,169,66
492,90,1,True,1,0,6,0,0.40,0.06,4.60,0.46,7,17,12,169,63
493,0,0,True,0,0,0,0,0.00,0.00,0.00,0.00,0,17,12,169,49
494,57,1,True,1,0,4,0,0.13,0.03,3.26,0.16,6,17,12,169,76
495,90,1,True,0,0,6,0,0.00,0.15,4.60,0.15,-1,17,12,169,56
496,0,0,True,0,0,0,0,0.00,0.00,0.00,0.00,0,17,12,169,42
497,0,0,True,0,0,0,0,0.00,0.00,0.00,0.00,0,17,12,169,68
498,0,0,True,0,0,0,0,0.00,0.00,0.00,0.00,0,17,12,169,50
499,57,1,True,0,0,4,0,0.09,0.01,3.26,0.10,1,17,12,169,48
500,0,0,True,0,0,0,0,0.00,0.00,0.00,0.00,0,17,12,169,45
501,45,1,True,0,0,3,0,0.00,0.01,0.41,0.01,1,17,20,167,48
502,0,0,True,0,0,0,0,0.00,0.00,0.00,0.00,0,17,12,169,54
503,81,1,True,0,0,5,0,0.03,0.09,4.25,0.12,2,17,12,169,98
504,90,1,True,0,0,6,0,0.00,0.01,4.60,0.01,-1,17,12,169,44
505,0,0,True,0,0,0,0,0.00,0.00,0.00,0.00,0,17,12,169,49
506,0,0,True,0,0,0,0,0.00,0.00,0.00,0.00,0,17,12,169,45
507,0,0,True,0,0,0,0,0.00,0.00,0.00,0.00,0,17,12,169,50
508,0,0,True,0,0,0,0,0.00,0.00,0.00,0.00,0,17,12,169,49
509,8,0,True,0,0,1,0,0.00,0.00,0.35,0.00,1,17,12,169,62
510,0,0,True,0,0,0,0,0.00,0.00,0.00,0.00,0,17,12,169,40
511,89,1,True,0,0,1,0,0.08,0.01,0.70,0.09,2,17,5,170,50
512,0,0,True,0,0,0,0,0.00,0.00,0.00,0.00,0,17,5,170,54
513,0,0,True,0,0,0,0,0.00,0.00,0.00,0.00,0,17,5,170,42
514,90,1,True,0,1,1,0,0.56,0.03,0.94,0.59,6,17,5,170,74
515,0,0,False,0,0,0,0,0.00,0.00,0.00,0.00,0,17,9,165,47
516,19,0,True,0,0,0,0,0.00,0.02,0.50,0.02,1,17,5,170,42
517,0,0,True,0,0,0,0,0.00,0.00,0.00,0.00,0,17,5,170,39
518,90,1,False,0,0,0,1,0.00,0.00,1.04,0.00,2,17,9,165,48
519,0,0,True,0,0,0,0,0.00,0.00,0.00,0.00,0,17,5,170,45
520,70,1,True,0,0,1,0,0.00,0.14,0.44,0.14,2,17,5,170,44
521,90,1,True,0,0,1,0,0.00,0.00,0.94,0.00,3,17,5,170,41
522,0,0,True,0,0,0,0,0.00,0.00,0.00,0.00,0,17,5,170,43
523,0,0,True,0,0,0,0,0.00,0.00,0.00,0.00,0,17,5,170,50
524,90,1,True,0,0,1,0,0.00,0.46,0.94,0.46,2,17,5,170,45
525,90,1,True,1,0,1,0,0.23,0.01,0.94,0.24,9,17,5,170,62
526,0,0,True,0,0,0,0,0.00,0.00,0.00,0.00,0,17,5,170,47
527,70,1,True,0,0,1,0,0.12,0.00,0.44,0.12,1,17,5,170,57
528,45,1,True,0,0,0,0,0.00,0.01,0.06,0.01,0,17,5,170,44
529,0,0,True,0,0,0,0,0.00,0.00,0.00,0.00,0,17,5,170,44
530,90,1,True,0,0,1,0,0.12,0.01,0.94,0.13,2,17,5,170,49
531,0,0,False,0,0,0,0,0.00,0.00,0.00,0.00,0,17,4,162,62
532,0,0,True,0,0,0,0,0.00,0.00,0.00,0.00,0,17,5,170,44
533,0,0,False,0,0,0,0,0.00,0.00,0.00,0.00,0,17,11,167,48
534,0,0,False,0,0,0,0,0.00,0.00,0.00,0.00,0,17,11,167,48
535,1,0,False,0,0,0,0,0.00,0.00,0.34,0.00,1,17,11,167,50
536,0,0,False,0,0,0,0,0.00,0.00,0.00,0.00,0,17,11,167,40
537,0,0,False,0,0,0,0,0.00,0.00,0.00,0.00,0,17,11,167,45
538,0,0,False,0,0,0,0,0.00,0.00,0.00,0.00,0,17,11,167,45
539,0,0,False,0,0,0,0,0.00,0.00,0.00,0.00,0,17,11,167,45
540,0,0,False,0,0,0,0,0.00,0.00,0.00,0.00,0,17,11,167,45
541,90,1,False,1,0,0,1,0.14,0.31,0.81,0.45,9,17,11,167,71
542,7,0,False,0,0,0,0,0.00,0.00,0.34,0.00,1,17,11,167,44
543,90,1,False,0,1,0,1,0.00,0.03,0.81,0.03,10,17,11,167,43
544,6,0,False,0,0,0,0,0.00,0.00,0.34,0.00,1,17,11,167,48
545,0,0,False,0,0,0,0,0.00,0.00,0.00,0.00,0,17,11,167,50
546,0,0,False,0,0,0,0,0.00,0.00,0.00,0.00,0,17,11,167,45
547,0,0,False,0,0,0,0,0.00,0.00,0.00,0.00,0,17,11,167,44
548,73,1,False,1,1,0,1,0.05,0.01,0.36,0.06,13,17,11,167,53
549,0,0,False,0,0,0,0,0.00,0.00,0.00,0.00,0,17,11,167,45
550,16,0,False,0,0,0,0,0.00,0.00,0.45,0.00,1,17,11,167,61
551,0,0,False,0,0,0,0,0.00,0.00,0.00,0.00,0,17,11,167,45
552,0,0,False,0,0,0,0,0.00,0.00,0.00,0.00,0,17,11,167,40
553,88,1,False,0,0,0,1,0.57,0.01,0.47,0.58,3,17,11,167,49
554,90,1,False,0,0,0,1,0.00,0.00,0.81,0.00,7,17,11,167,43
555,0,0,False,0,0,0,0,0.00,0.00,0.00,0.00,0,17,11,167,48
556,0,0,False,0,0,0,0,0.00,0.00,0.00,0.00,0,17,11,167,40
557,0,0,False,0,0,0,0,0.00,0.00,0.00,0.00,0,17,11,167,50
558,0,0,False,0,0,0,0,0.00,0.00,0.00,0.00,0,17,11,167,39
559,88,1,False,0,1,0,1,0.00,0.07,0.47,0.07,9,17,11,167,45
560,75,1,False,0,0,0,1,0.09,0.03,0.71,0.12,3,17,8,164,62
561,0,0,False,0,0,0,0,0.00,0.00,0.00,0.00,0,17,11,167,39
562,0,0,False,0,0,0,0,0.00,0.00,0.00,0.00,0,17,11,167,55
563,82,1,False,1,0,0,1,0.26,0.00,0.47,0.26,8,17,11,167,52
564,90,1,False,0,0,0,1,0.04,0.00,0.81,0.04,6,17,11,167,43
565,0,0,False,0,0,0,0,0.00,0.00,0.00,0.00,0,17,11,167,51
566,83,1,False,0,0,0,1,0.00,0.00,0.47,0.00,2,17,11,167,57
567,90,1,False,0,0,0,1,0.00,0.00,0.81,0.00,6,17,11,167,43
568,90,1,True,0,0,4,0,0.00,0.00,2.33,0.00,1,17,15,166,44
569,0,0,True,0,0,0,0,0.00,0.00,0.00,0.00,0,17,13,161,53
570,0,0,True,0,0,0,0,0.00,0.00,0.00,0.00,0,17,20,167,52
571,17,0,False,0,0,0,0,0.00,0.01,0.09,0.01,1,17,2,161,64
572,45,0,True,0,0,2,0,0.43,0.00,1.06,0.43,0,17,3,168,43
573,90,1,False,0,0,0,1,0.03,0.00,0.72,0.03,6,17,4,162,46
574,0,0,False,0,0,0,0,0.00,0.00,0.00,0.00,0,17,10,166,40
575,0,0,False,0,0,0,0,0.00,0.00,0.00,0.00,0,17,8,164,40
576,0,0,True,0,0,0,0,0.00,0.00,0.00,0.00,0,17,5,170,48
577,16,0,True,0,0,0,0,0.00,0.00,0.06,0.00,1,17,6,164,51
578,32,0,False,0,1,0,0,0.00,0.01,0.06,0.01,4,17,7,163,58
579,0,0,True,0,0,0,0,0.00,0.00,0.00,0.00,0,17,17,165,42
580,90,1,False,1,0,0,1,0.12,0.02,2.26,0.14,14,17,14,168,43
581,0,0,False,0,0,0,0,0.00,0.00,0.00,0.00,0,17,8,164,42
582,0,0,True,0,0,0,0,0.00,0.00,0.00,0.00,0,17,6,164,46
583,0,0,True,0,0,0,0,0.00,0.00,0.00,0.00,0,17,15,166,40
584,0,0,False,0,0,0,0,0.00,0.00,0.00,0.00,0,17,9,165,49
585,90,1,True,1,0,5,0,0.47,0.10,2.87,0.57,7,17,1,163,57
586,0,0,True,0,0,0,0,0.00,0.00,0.00,0.00,0,17,17,165,44
587,33,0,True,0,0,0,0,0.19,0.00,0.63,0.19,1,17,5,170,57
588,1,0,True,0,0,0,0,0.00,0.00,0.24,0.00,1,17,5,170,48
589,56,1,True,0,0,1,0,0.02,0.00,0.30,0.02,1,17,5,170,67
590,0,0,False,0,0,0,0,0.00,0.00,0.00,0.00,0,17,10,166,49
591,45,0,True,0,0,1,0,0.00,0.00,0.87,0.00,1,17,5,170,43
592,0,0,False,0,0,0,0,0.00,0.00,0.00,0.00,0,17,14,168,43
593,0,0,True,0,0,0,0,0.00,0.00,0.00,0.00,0,17,3,168,50
594,90,1,True,0,0,3,0,0.14,0.02,1.24,0.16,1,17,3,168,46
595,67,1,False,0,0,1,0,0.00,0.07,0.58,0.07,2,17,19,170,54
596,15,0,False,0,0,0,0,0.00,0.00,0.00,0.00,0,17,4,162,59
597,57,1,False,0,0,1,0,0.00,0.01,1.53,0.01,1,17,7,163,45
598,0,0,True,0,0,0,0,0.00,0.00,0.00,0.00,0,17,13,161,40
599,0,0,False,0,0,0,0,0.00,0.00,0.00,0.00,0,17,14,168,40
600,34,0,False,0,0,1,0,0.26,0.01,1.01,0.27,1,17,19,170,50
601,0,0,False,0,0,0,0,0.00,0.00,0.00,0.00,0,17,19,170,50
602,0,0,True,0,0,0,0,0.00,0.00,0.00,0.00,0,17,16,162,44
603,0,0,True,0,0,0,0,0.00,0.00,0.00,0.00,0,17,6,164,45
604,61,1,True,0,0,0,1,0.00,0.06,0.21,0.06,3,17,17,165,45
605,14,0,True,0,0,0,0,0.00,0.00,0.05,0.00,1,17,17,165,45
606,0,0,True,0,0,0,0,0.00,0.00,0.00,0.00,0,17,20,167,45
607,0,0,False,0,0,0,0,0.00,0.00,0.00,0.00,0,17,2,161,49
608,45,1,False,0,0,0,0,0.00,0.03,0.26,0.03,1,17,9,165,45
609,0,0,True,0,0,0,0,0.00,0.00,0.00,0.00,0,17,12,169,45
610,0,0,True,0,0,0,0,0.00,0.00,0.00,0.00,0,17,12,169,45
611,77,1,True,0,0,4,0,0.27,0.05,2.33,0.32,2,17,15,166,58
612,0,0,True,0,0,0,0,0.00,0.00,0.00,0.00,0,17,12,169,53
613,0,0,True,0,0,0,0,0.00,0.00,0.00,0.00,0,17,3,168,45
614,0,0,True,0,0,0,0,0.00,0.00,0.00,0.00,0,17,6,164,45
615,0,0,False,0,0,0,0,0.00,0.00,0.00,0.00,0,17,19,170,40
616,0,0,True,0,0,0,0,0.00,0.00,0.00,0.00,0,17,20,167,40
617,70,1,False,0,0,0,1,0.04,0.12,1.51,0.16,2,17,14,168,61
618,67,1,False,0,0,1,0,0.02,0.00,0.58,0.02,2,17,19,170,55
619,61,1,True,0,0,4,0,0.05,0.02,2.23,0.07,2,17,15,166,45
620,0,0,False,0,0,0,0,0.00,0.00,0.00,0.00,0,17,4,162,55
621,0,0,False,0,0,0,0,0.00,0.00,0.00,0.00,0,17,8,164,60
622,75,1,True,0,0,0,1,0.00,0.02,0.21,0.02,3,17,17,165,50
623,90,1,False,0,0,0,1,0.05,0.31,1.04,0.36,3,17,9,165,50
624,0,0,True,0,0,0,0,0.00,0.00,0.00,0.00,0,17,6,164,40
625,72,1,False,0,0,2,0,0.00,0.04,1.59,0.04,2,17,2,161,65
626,0,0,False,0,0,0,0,0.00,0.00,0.00,0.00,0,17,2,161,45
627,0,0,True,0,0,0,0,0.00,0.00,0.00,0.00,0,17,6,164,40
628,0,0,False,0,0,0,0,0.00,0.00,0.00,0.00,0,17,19,170,45
629,0,0,False,0,0,0,0,0.00,0.00,0.00,0.00,0,17,19,170,55
630,90,1,True,0,0,4,0,0.06,0.00,2.33,0.06,0,17,15,166,40
631,0,0,True,0,0,0,0,0.00,0.00,0.00,0.00,0,17,15,166,55
632,0,0,True,0,0,0,0,0.00,0.00,0.00,0.00,0,17,15,166,49
633,4,0,False,0,0,0,0,0.00,0.00,0.04,0.00,1,17,7,163,60
634,0,0,True,0,0,0,0,0.00,0.00,0.00,0.00,0,17,16,162,49
635,53,1,True,0,0,3,0,0.00,0.02,0.41,0.02,1,17,20,167,48
636,0,0,False,0,0,0,0,0.00,0.00,0.00,0.00,0,17,18,169,68
637,0,0,False,0,0,0,0,0.00,0.00,0.00,0.00,0,17,11,167,40
638,0,0,False,0,0,0,0,0.00,0.00,0.00,0.00,0,17,7,163,45
639,0,0,False,0,0,0,0,0.00,0.00,0.00,0.00,0,17,7,163,45
640,0,0,True,0,0,0,0,0.00,0.00,0.00,0.00,0,17,13,161,40
641,0,0,True,0,0,0,0,0.00,0.00,0.00,0.00,0,17,13,161,40
642,90,1,False,0,0,0,1,0.00,0.01,0.81,0.01,3,17,11,167,50
643,0,0,True,0,0,0,0,0.00,0.00,0.00,0.00,0,17,5,170,40
644,0,0,True,0,0,0,0,0.00,0.00,0.00,0.00,0,17,1,163,44
645,22,0,True,0,0,1,0,0.00,0.03,0.15,0.03,1,17,1,163,45
646,0,0,True,0,0,0,0,0.00,0.00,0.00,0.00,0,17,1,163,45
647,0,0,True,0,0,0,0,0.00,0.00,0.00,0.00,0,17,1,163,45
648,0,0,True,0,0,0,0,0.00,0.00,0.00,0.00,0,17,3,168,45
649,0,0,True,0,0,0,0,0.00,0.00,0.00,0.00,0,17,16,162,40
650,90,1,True,0,0,5,0,0.17,0.01,2.87,0.18,0,17,1,163,45
651,90,1,True,0,0,0,1,0.14,0.00,0.86,0.14,3,17,6,164,50
652,54,1,True,0,0,1,0,0.18,0.03,0.32,0.21,0,17,3,168,49
653,90,1,False,0,0,0,1,0.00,0.00,0.72,0.00,6,17,4,162,45
654,0,0,True,0,0,0,0,0.00,0.00,0.00,0.00,0,17,5,170,50
655,1,0,False,0,0,0,0,0.00,0.00,0.34,0.00,1,17,11,167,55
656,0,0,True,0,0,0,0,0.00,0.00,0.00,0.00,0,17,13,161,45
657,0,0,False,0,0,0,0,0.00,0.00,0.00,0.00,0,17,7,163,40
658,0,0,False,0,0,0,0,0.00,0.00,0.00,0.00,0,17,7,163,40
659,0,0,False,0,0,0,0,0.00,0.00,0.00,0.00,0,17,7,163,45
660,0,0,False,0,0,0,0,0.00,0.00,0.00,0.00,0,17,18,169,40
661,0,0,True,0,0,0,0,0.00,0.00,0.00,0.00,0,17,16,162,45
662,0,0,False,0,0,0,0,0.00,0.00,0.00,0.00,0,17,7,163,40
663,0,0,False,0,0,0,0,0.00,0.00,0.00,0.00,0,17,19,170,40
664,0,0,False,0,0,0,0,0.00,0.00,0.00,0.00,0,17,11,167,39
665,0,0,False,0,0,0,0,0.00,0.00,0.00,0.00,0,17,7,163,45
666,10,0,True,0,0,1,0,0.00,0.00,0.06,0.00,1,17,1,163,40
667,0,0,True,0,0,0,0,0.00,0.00,0.00,0.00,0,17,3,168,45
668,0,0,False,0,0,0,0,0.00,0.00,0.00,0.00,0,17,19,170,39
669,0,0,False,0,0,0,0,0.00,0.00,0.00,0.00,0,17,18,169,40
670,0,0,True,0,0,0,0,0.00,0.00,0.00,0.00,0,17,3,168,40
671,0,0,False,0,0,0,0,0.00,0.00,0.00,0.00,0,17,2,161,45
672,0,0,False,0,0,0,0,0.00,0.00,0.00,0.00,0,17,2,161,40
673,0,0,True,0,0,0,0,0.00,0.00,0.00,0.00,0,17,3,168,45
674,23,0,True,0,0,0,0,0.00,0.01,0.11,0.01,1,17,16,162,45
675,0,0,False,0,0,0,0,0.00,0.00,0.00,0.00,0,17,2,161,40
676,0,0,True,0,0,0,0,0.00,0.00,0.00,0.00,0,17,1,163,45
677,19,0,True,0,0,0,0,0.00,0.00,0.50,0.00,1,17,5,170,40
678,0,0,True,0,0,0,0,0.00,0.00,0.00,0.00,0,17,6,164,45
679,0,0,True,0,0,0,0,0.00,0.00,0.00,0.00,0,17,13,161,45
680,0,0,False,0,0,0,0,0.00,0.00,0.00,0.00,0,17,14,168,40
681,0,0,False,0,0,0,0,0.00,0.00,0.00,0.00,0,17,19,170,40
682,0,0,False,0,0,0,0,0.00,0.00,0.00,0.00,0,17,11,167,45
683,0,0,True,0,0,0,0,0.00,0.00,0.00,0.00,0,17,12,169,45
684,0,0,True,0,0,0,0,0.00,0.00,0.00,0.00,0,17,12,169,40
685,0,0,False,0,0,0,0,0.00,0.00,0.00,0.00,0,17,19,170,40
686,0,0,True,0,0,0,0,0.00,0.00,0.00,0.00,0,17,5,170,40
687,0,0,False,0,0,0,0,0.00,0.00,0.00,0.00,0,17,14,168,45
688,0,0,False,0,0,0,0,0.00,0.00,0.00,0.00,0,17,18,169,45
689,0,0,True,0,0,0,0,0.00,0.00,0.00,0.00,0,17,12,169,45
690,0,0,True,0,0,0,0,0.00,0.00,0.00,0.00,0,17,17,165,40
691,0,0,True,0,0,0,0,0.00,0.00,0.00,0.00,0,17,3,168,40
692,0,0,False,0,0,0,0,0.00,0.00,0.00,0.00,0,17,18,169,40
693,0,0,False,0,0,0,0,0.00,0.00,0.00,0.00,0,17,9,165,45
694,0,0,True,0,0,0,0,0.00,0.00,0.00,0.00,0,17,20,167,45
695,0,0,False,0,0,0,0,0.00,0.00,0.00,0.00,0,17,8,164,45
696,0,0,False,0,0,0,0,0.00,0.00,0.00,0.00,0,17,8,164,45
697,0,0,False,0,0,0,0,0.00,0.00,0.00,0.00,0,17,8,164,40
698,0,0,False,0,0,0,0,0.00,0.00,0.00,0.00,0,17,2,161,45
699,0,0,True,0,0,0,0,0.00,0.00,0.00,0.00,0,17,12,169,40
700,0,0,True,0,0,0,0,0.00,0.00,0.00,0.00,0,17,12,169,40
701,0,0,True,0,0,0,0,0.00,0.00,0.00,0.00,0,17,5,170,45
